Index,Value,Time,Iterations
1,383214,8.200062438845634e-06,1
2,970684,6.900052540004253e-06,3
3,59171,1.1299969628453255e-05,4
4,854653,2.900022082030773e-06,4
5,626396,1.0299962013959885e-05,5
6,362523,1.800013706088066e-06,4
7,931994,1.700012944638729e-06,4
8,228956,1.1599971912801266e-05,6
9,729031,2.00001522898674e-06,5
10,74817,1.800013706088066e-06,5
11,925241,4.799920134246349e-06,6
12,373298,1.700012944638729e-06,5
13,127296,3.899913281202316e-06,6
14,724431,8.699949830770493e-06,7
15,607581,2.00001522898674e-06,5
16,853123,1.8998980522155762e-06,5
17,978797,1.800013706088066e-06,5
18,45776,1.600012183189392e-06,5
19,974596,4.00003045797348e-06,6
20,318364,9.7999582067132e-06,8
21,752501,4.09991480410099e-06,7
22,557588,6.600050255656242e-06,8
23,894770,2.100015990436077e-06,6
24,770146,2.00001522898674e-06,6
25,874215,9.500072337687016e-06,9
26,333301,2.00001522898674e-06,6
27,842768,4.09991480410099e-06,7
28,759854,2.00001522898674e-06,6
29,233173,3.899913281202316e-06,7
30,796587,6.900052540004253e-06,8
31,897485,1.9000144675374031e-06,6
32,409319,1.8998980522155762e-06,6
33,734449,2.00001522898674e-06,6
34,756362,1.9000144675374031e-06,6
35,336914,1.9000144675374031e-06,6
36,104159,1.9000144675374031e-06,6
37,870879,2.00001522898674e-06,6
38,196274,3.900029696524143e-06,7
39,948667,1.9000144675374031e-06,6
40,682307,1.9000144675374031e-06,6
41,384430,3.900029696524143e-06,7
42,427399,2.00001522898674e-06,6
43,982275,2.00001522898674e-06,6
44,238345,1.800013706088066e-06,6
45,383581,2.00001522898674e-06,6
46,783632,1.9000144675374031e-06,6
47,690557,1.170008908957243e-05,10
48,168543,2.400018274784088e-06,7
49,772433,4.09991480410099e-06,8
50,131804,6.800051778554916e-06,9
51,167379,2.200016751885414e-06,7
52,783778,2.200016751885414e-06,7
53,574515,4.400033503770828e-06,8
54,562941,2.199900336563587e-06,7
55,833729,8.899951353669167e-06,9
56,989300,4.400033503770828e-06,8
57,711122,2.200016751885414e-06,7
58,241708,9.299954399466515e-06,10
59,678206,2.300017513334751e-06,7
60,205732,2.199900336563587e-06,7
61,313954,2.200016751885414e-06,7
62,653039,4.09991480410099e-06,8
63,36887,6.5999338403344154e-06,8
64,248652,4.600035026669502e-06,8
65,80807,2.300017513334751e-06,7
66,229375,2.300017513334751e-06,7
67,687059,6.700051017105579e-06,9
68,67556,2.300017513334751e-06,7
69,311844,2.300017513334751e-06,7
70,215163,3.999914042651653e-06,8
71,449329,2.400018274784088e-06,7
72,337553,4.09991480410099e-06,8
73,922536,4.300032742321491e-06,8
74,649761,2.300017513334751e-06,7
75,841758,2.300017513334751e-06,7
76,663395,2.300017513334751e-06,7
77,892771,6.09993003308773e-06,9
78,705333,2.400018274784088e-06,7
79,164756,6.4999330788850784e-06,9
80,621959,4.200031980872154e-06,8
81,546365,1.1699972674250603e-05,11
82,26186,2.300017513334751e-06,7
83,159260,2.399901859462261e-06,7
84,877662,2.300017513334751e-06,7
85,886483,4.199915565550327e-06,8
86,326149,2.300017513334751e-06,7
87,767600,4.100031219422817e-06,8
88,377552,2.300017513334751e-06,7
89,200364,2.200016751885414e-06,7
90,808772,5.09992241859436e-06,8
91,347219,2.300017513334751e-06,7
92,26988,1.079996582120657e-05,10
93,678954,8.400063961744308e-06,9
94,241185,3.900029696524143e-06,7
95,950727,2.859998494386673e-05,10
96,4790,5.299923941493034e-06,7
97,156745,8.899951353669167e-06,8
98,394289,1.1999974958598614e-05,8
99,275895,1.5700003132224083e-05,9
100,29919,3.6999117583036423e-06,7
101,931403,3.600027412176132e-06,7
102,603591,9.599956683814526e-06,8
103,775639,4.499917849898338e-06,7
104,889027,3.900029696524143e-06,7
105,443562,3.00002284348011e-06,7
106,346528,2.780009526759386e-05,12
107,964849,3.8000289350748062e-06,8
108,911414,6.800051778554916e-06,8
109,984031,4.09991480410099e-06,8
110,990372,6.4999330788850784e-06,9
111,882800,5.200039595365524e-06,8
112,945493,5.199923180043697e-06,8
113,445485,1.0699965059757233e-05,10
114,563975,3.4999102354049683e-06,8
115,373369,5.600042641162872e-06,9
116,251271,3.200024366378784e-06,8
117,561079,1.479999627918005e-05,11
118,502761,3.8000289350748062e-06,8
119,763979,3.300025127828121e-06,8
120,711593,7.4999406933784485e-06,9
121,557334,7.200054824352264e-06,9
122,532871,3.600027412176132e-06,8
123,481736,1.009996049106121e-05,10
124,857206,3.999914042651653e-06,8
125,335722,7.1999384090304375e-06,9
126,921577,7.999944500625134e-06,9
127,696157,4.199915565550327e-06,8
128,345622,4.299916326999664e-06,8
129,368354,4.200031980872154e-06,8
130,848219,4.400033503770828e-06,8
131,179299,7.500057108700275e-06,9
132,446686,4.300032742321491e-06,8
133,800011,3.700028173625469e-06,8
134,201983,4.900037311017513e-06,8
135,605421,4.400033503770828e-06,8
136,376588,4.899920895695686e-06,8
137,546689,3.700028173625469e-06,8
138,35847,7.900060154497623e-06,9
139,392953,3.400025889277458e-06,8
140,772242,7.900060154497623e-06,9
141,500575,5.500041879713535e-06,8
142,796103,3.8000289350748062e-06,8
143,276496,7.0999376475811005e-06,9
144,415820,4.599918611347675e-06,8
145,783765,1.9700033590197563e-05,12
146,11291,1.2399978004395962e-05,10
147,931547,1.079996582120657e-05,10
148,300190,5.199923180043697e-06,8
149,480272,7.899943739175797e-06,9
150,307214,1.2500095181167126e-05,10
151,88958,8.499948307871819e-06,9
152,145290,4.999921657145023e-06,8
153,76460,4.899920895695686e-06,8
154,850939,1.3299984857439995e-05,10
155,639897,4.900037311017513e-06,8
156,421816,8.300063200294971e-06,9
157,359389,5.300040356814861e-06,8
158,804790,8.300063200294971e-06,9
159,550709,8.00006091594696e-06,9
160,885947,1.650000922381878e-05,11
161,161813,4.899920895695686e-06,8
162,992365,4.299916326999664e-06,8
163,916949,5.199923180043697e-06,8
164,377068,1.5600002370774746e-05,10
165,588963,8.500064723193645e-06,9
166,483643,5.100038833916187e-06,8
167,224917,4.400033503770828e-06,8
168,169985,5.200039595365524e-06,8
169,356424,5.899928510189056e-06,9
170,295411,5.09992241859436e-06,8
171,61959,1.4499993994832039e-05,11
172,422149,4.999921657145023e-06,8
173,823793,5.399924702942371e-06,8
174,76367,8.899951353669167e-06,9
175,524145,2.700020559132099e-06,8
176,784526,2.6999041438102722e-06,8
177,387679,4.700035788118839e-06,9
178,37092,4.600035026669502e-06,8
179,383199,4.400033503770828e-06,8
180,502906,2.4099950678646564e-05,13
181,47885,4.699919372797012e-06,8
182,905629,3.500026650726795e-06,8
183,249872,2.900022082030773e-06,8
184,134612,6.09993003308773e-06,10
185,180981,1.0800082236528397e-05,12
186,888547,7.400056347250938e-06,9
187,292931,7.400056347250938e-06,9
188,418328,5.300040356814861e-06,8
189,513431,3.8000289350748062e-06,8
190,129261,2.500019036233425e-06,8
191,210662,8.100061677396297e-06,9
192,7343,4.400033503770828e-06,8
193,996854,1.0599964298307896e-05,10
194,966602,8.70006624609232e-06,9
195,869062,4.300032742321491e-06,9
196,439339,6.9999368861317635e-06,10
197,572182,3.8000289350748062e-06,8
198,599080,2.399901859462261e-06,8
199,48034,4.300032742321491e-06,9
200,544898,2.200016751885414e-06,8
201,414349,4.00003045797348e-06,9
202,536450,3.900029696524143e-06,9
203,339973,8.100061677396297e-06,11
204,857355,2.199900336563587e-06,8
205,931467,2.200016751885414e-06,8
206,96700,2.200016751885414e-06,8
207,954445,2.399901859462261e-06,8
208,933362,9.70007386058569e-06,12
209,392935,2.100015990436077e-06,8
210,311341,2.100015990436077e-06,8
211,484063,3.5999109968543053e-06,9
212,952841,3.600027412176132e-06,9
213,657868,2.300017513334751e-06,8
214,429087,2.300017513334751e-06,8
215,429026,6.4999330788850784e-06,9
216,541458,2.300017513334751e-06,8
217,743340,5.700043402612209e-06,10
218,321377,2.200016751885414e-06,8
219,644564,3.8000289350748062e-06,9
220,326187,3.8000289350748062e-06,9
221,211766,2.400018274784088e-06,8
222,547278,2.09989957511425e-06,8
223,730876,2.300017513334751e-06,8
224,61227,2.300017513334751e-06,8
225,548881,5.500041879713535e-06,10
226,867775,5.600042641162872e-06,10
227,234037,3.8000289350748062e-06,9
228,697894,9.399955160915852e-06,11
229,513550,1.1199968867003918e-05,10
230,759589,5.299923941493034e-06,8
231,981694,3.700028173625469e-06,8
232,290271,4.600035026669502e-06,8
233,771823,4.899920895695686e-06,8
234,584221,1.3299984857439995e-05,12
235,388841,9.199953638017178e-06,11
236,611383,2.200016751885414e-06,8
237,178915,4.799920134246349e-06,8
238,30745,4.899920895695686e-06,8
239,597904,5.09992241859436e-06,8
240,104666,1.4199991710484028e-05,10
241,156508,4.300032742321491e-06,8
242,528775,5.300040356814861e-06,8
243,981068,8.899951353669167e-06,9
244,922061,7.70005863159895e-06,9
245,188131,4.600035026669502e-06,8
246,751818,5.500041879713535e-06,8
247,845320,4.299916326999664e-06,8
248,208725,6.500049494206905e-06,10
249,685473,2.500019036233425e-06,8
250,616254,6.600050255656242e-06,10
251,782970,3.700028173625469e-06,8
252,327426,3.900029696524143e-06,8
253,607683,3.6999117583036423e-06,8
254,73646,3.300025127828121e-06,8
255,828965,1.1400086805224419e-05,11
256,964970,3.00002284348011e-06,8
257,834641,1.200009137392044e-06,8
258,225738,1.300009898841381e-06,8
259,950090,1.200009137392044e-06,8
260,969594,1.300009898841381e-06,8
261,686237,2.700020559132099e-06,9
262,113325,1.200009137392044e-06,8
263,214586,1.100008375942707e-06,8
264,421717,1.200009137392044e-06,8
265,296285,1.200009137392044e-06,8
266,897288,3.100023604929447e-06,10
267,153464,2.199900336563587e-06,9
268,173327,2.00001522898674e-06,9
269,308725,1.9000144675374031e-06,9
270,154772,1.400010660290718e-06,8
271,620692,1.1998927220702171e-06,8
272,399224,1.300009898841381e-06,8
273,82068,1.200009137392044e-06,8
274,363358,3.00002284348011e-06,10
275,299643,7.699942216277122e-06,14
276,886718,1.400010660290718e-06,9
277,650468,1.300009898841381e-06,9
278,857428,1.400010660290718e-06,9
279,586710,1.400010660290718e-06,9
280,481477,1.300009898841381e-06,9
281,663527,2.300017513334751e-06,10
282,783683,1.3998942449688911e-06,9
283,303586,1.300009898841381e-06,9
284,6556,2.300017513334751e-06,10
285,613898,2.200016751885414e-06,10
286,427484,1.300009898841381e-06,9
287,492970,1.400010660290718e-06,9
288,990511,1.400010660290718e-06,9
289,252683,2.100015990436077e-06,10
290,591583,2.00001522898674e-06,10
291,16030,1.300009898841381e-06,9
292,75244,1.200009137392044e-06,9
293,393552,2.100015990436077e-06,10
294,426824,1.200009137392044e-06,9
295,720616,1.200009137392044e-06,9
296,504104,1.500011421740055e-06,9
297,721429,2.100015990436077e-06,10
298,932637,1.600012183189392e-06,9
299,930953,1.300009898841381e-06,9
300,756372,2.399901859462261e-06,10
301,475141,7.400056347250938e-06,14
302,615325,1.300009898841381e-06,9
303,831588,1.300009898841381e-06,9
304,345706,1.300009898841381e-06,9
305,298550,1.400010660290718e-06,9
306,407837,1.200009137392044e-06,9
307,818066,1.300009898841381e-06,9
308,261169,1.400010660290718e-06,9
309,941620,2.00001522898674e-06,10
310,773517,2.400018274784088e-06,10
311,58086,5.499925464391708e-06,12
312,899631,1.300009898841381e-06,9
313,697842,1.300009898841381e-06,9
314,494197,2.200016751885414e-06,10
315,396802,3.500026650726795e-06,11
316,563139,1.9000144675374031e-06,10
317,755181,1.300009898841381e-06,9
318,148721,1.2998934835195541e-06,9
319,371447,1.300009898841381e-06,9
320,794943,2.200016751885414e-06,10
321,4692,1.400010660290718e-06,9
322,314994,1.300009898841381e-06,9
323,994175,1.2998934835195541e-06,9
324,985463,1.300009898841381e-06,9
325,353945,1.200009137392044e-06,9
326,272951,3.300025127828121e-06,11
327,467241,1.1998927220702171e-06,9
328,989018,3.400025889277458e-06,11
329,437763,1.300009898841381e-06,9
330,114295,2.300017513334751e-06,10
331,558147,1.2998934835195541e-06,9
332,370330,2.200016751885414e-06,10
333,485819,1.400010660290718e-06,9
334,562219,2.100015990436077e-06,10
335,107459,1.3998942449688911e-06,9
336,21800,3.400025889277458e-06,11
337,764630,8.999952115118504e-06,15
338,376425,1.500011421740055e-06,9
339,808484,2.500019036233425e-06,10
340,196690,2.500019036233425e-06,10
341,374223,2.00001522898674e-06,10
342,257899,1.200009137392044e-06,9
343,426785,3.500026650726795e-06,11
344,959790,3.4999102354049683e-06,11
345,556298,1.200009137392044e-06,9
346,309071,1.200009137392044e-06,9
347,858338,2.300017513334751e-06,10
348,900776,2.399901859462261e-06,10
349,969641,2.200016751885414e-06,10
350,501214,1.300009898841381e-06,9
351,969568,1.300009898841381e-06,9
352,242990,4.299916326999664e-06,12
353,663566,1.300009898841381e-06,9
354,184519,4.100031219422817e-06,12
355,274413,1.300009898841381e-06,9
356,487133,3.200024366378784e-06,11
357,746056,2.200016751885414e-06,10
358,945123,1.300009898841381e-06,9
359,408867,1.400010660290718e-06,9
360,815276,1.400010660290718e-06,9
361,867047,1.200009137392044e-06,9
362,582763,3.300025127828121e-06,11
363,575455,1.400010660290718e-06,9
364,997202,2.500019036233425e-06,10
365,608645,1.300009898841381e-06,9
366,928575,2.200016751885414e-06,10
367,805875,1.300009898841381e-06,9
368,238786,1.2998934835195541e-06,9
369,31240,2.00001522898674e-06,10
370,411794,1.500011421740055e-06,9
371,219360,2.100015990436077e-06,10
372,751303,1.200009137392044e-06,9
373,61654,1.100008375942707e-06,9
374,748245,4.500034265220165e-06,11
375,195373,1.600012183189392e-06,9
376,261127,2.09989957511425e-06,10
377,306276,3.300025127828121e-06,11
378,171192,1.300009898841381e-06,9
379,309367,2.00001522898674e-06,10
380,606355,1.4998950064182281e-06,9
381,713855,1.400010660290718e-06,9
382,69496,2.200016751885414e-06,10
383,529464,2.200016751885414e-06,10
384,477787,2.09989957511425e-06,10
385,326382,3.500026650726795e-06,11
386,132489,3.400025889277458e-06,11
387,76097,2.199900336563587e-06,10
388,908661,1.300009898841381e-06,9
389,695377,3.600027412176132e-06,11
390,36597,5.499925464391708e-06,13
391,790592,1.300009898841381e-06,9
392,732877,2.00001522898674e-06,10
393,515932,1.300009898841381e-06,9
394,343057,1.999898813664913e-06,10
395,377191,4.900037311017513e-06,12
396,6094,1.9000144675374031e-06,10
397,64990,1.600012183189392e-06,9
398,967781,4.700035788118839e-06,12
399,753628,2.00001522898674e-06,10
400,565985,1.400010660290718e-06,9
401,94151,1.2998934835195541e-06,9
402,49982,1.300009898841381e-06,9
403,535110,1.300009898841381e-06,9
404,264975,2.200016751885414e-06,10
405,500303,2.8999056667089462e-06,10
406,250279,1.300009898841381e-06,9
407,604146,4.700035788118839e-06,12
408,132989,1.400010660290718e-06,9
409,491402,1.200009137392044e-06,9
410,477833,1.400010660290718e-06,9
411,361888,1.400010660290718e-06,9
412,986093,1.300009898841381e-06,9
413,890022,1.400010660290718e-06,9
414,629185,1.400010660290718e-06,9
415,276637,3.400025889277458e-06,11
416,688236,1.300009898841381e-06,9
417,509683,2.09989957511425e-06,10
418,908538,4.800036549568176e-06,12
419,795037,1.200009137392044e-06,9
420,195116,2.199900336563587e-06,10
421,205204,1.300009898841381e-06,9
422,38613,1.100008375942707e-06,9
423,705523,1.300009898841381e-06,9
424,352582,2.300017513334751e-06,10
425,452779,1.2998934835195541e-06,9
426,994886,1.200009137392044e-06,9
427,920206,1.200009137392044e-06,9
428,560258,1.300009898841381e-06,9
429,344675,1.200009137392044e-06,9
430,664264,4.699919372797012e-06,12
431,877037,1.300009898841381e-06,9
432,626159,3.200024366378784e-06,11
433,521372,3.2999087125062943e-06,11
434,935814,3.300025127828121e-06,11
435,784883,4.100031219422817e-06,11
436,692722,1.2998934835195541e-06,9
437,700223,6.800051778554916e-06,13
438,279940,1.400010660290718e-06,9
439,232851,1.2998934835195541e-06,9
440,162046,2.400018274784088e-06,10
441,268958,1.400010660290718e-06,9
442,732899,1.400010660290718e-06,9
443,452292,4.299916326999664e-06,12
444,379820,1.300009898841381e-06,9
445,946600,2.200016751885414e-06,10
446,947674,1.300009898841381e-06,9
447,192214,1.3998942449688911e-06,9
448,956818,1.400010660290718e-06,9
449,746009,1.200009137392044e-06,9
450,495475,1.400010660290718e-06,9
451,30892,1.300009898841381e-06,9
452,105791,3.5999109968543053e-06,11
453,228982,2.300017513334751e-06,10
454,334440,1.300009898841381e-06,9
455,85417,4.599918611347675e-06,12
456,363444,1.400010660290718e-06,9
457,985318,1.6998965293169022e-06,9
458,500186,3.8000289350748062e-06,11
459,994613,6.00004568696022e-06,13
460,701550,1.400010660290718e-06,9
461,66076,3.500026650726795e-06,11
462,981133,1.400010660290718e-06,9
463,292307,2.199900336563587e-06,10
464,946231,4.700035788118839e-06,12
465,695737,2.100015990436077e-06,10
466,845915,2.200016751885414e-06,10
467,361665,3.500026650726795e-06,11
468,956225,2.300017513334751e-06,10
469,166098,1.500011421740055e-06,9
470,377496,1.1998927220702171e-06,9
471,591258,1.300009898841381e-06,9
472,146723,2.300017513334751e-06,10
473,53080,3.300025127828121e-06,10
474,72862,1.2998934835195541e-06,9
475,464825,1.400010660290718e-06,9
476,687518,2.100015990436077e-06,10
477,266755,2.200016751885414e-06,10
478,107222,1.400010660290718e-06,9
479,21376,1.400010660290718e-06,9
480,544321,5.900044925510883e-06,13
481,547640,1.700012944638729e-06,9
482,45758,2.200016751885414e-06,10
483,525998,1.300009898841381e-06,9
484,390706,1.300009898841381e-06,9
485,431483,4.699919372797012e-06,12
486,920480,2.100015990436077e-06,10
487,874880,2.300017513334751e-06,10
488,789996,1.300009898841381e-06,9
489,720624,1.200009137392044e-06,9
490,403658,2.100015990436077e-06,10
491,939109,1.200009137392044e-06,9
492,623673,1.400010660290718e-06,9
493,238654,2.100015990436077e-06,10
494,183317,1.500011421740055e-06,9
495,115532,1.300009898841381e-06,9
496,589325,2.400018274784088e-06,10
497,571267,2.500019036233425e-06,10
498,850552,1.300009898841381e-06,9
499,937394,2.200016751885414e-06,10
500,194629,3.300025127828121e-06,11
501,325129,1.500011421740055e-06,9
502,294652,1.300009898841381e-06,9
503,632806,2.300017513334751e-06,10
504,375887,1.300009898841381e-06,9
505,146299,1.300009898841381e-06,9
506,602795,1.2998934835195541e-06,9
507,949291,1.400010660290718e-06,9
508,585444,1.400010660290718e-06,9
509,869668,1.500011421740055e-06,9
510,403690,1.400010660290718e-06,9
511,811589,4.500034265220165e-06,12
512,833186,2.200016751885414e-06,10
513,440150,1.500011421740055e-06,9
514,227367,1.1998927220702171e-06,9
515,26016,1.200009137392044e-06,9
516,520291,1.500011421740055e-06,9
517,365191,5.800044164061546e-06,13
518,698165,2.100015990436077e-06,10
519,298063,2.100015990436077e-06,10
520,192984,1.400010660290718e-06,9
521,565356,1.500011421740055e-06,9
522,391279,2.200016751885414e-06,10
523,712751,2.100015990436077e-06,10
524,448887,2.00001522898674e-06,10
525,101543,1.9000144675374031e-06,10
526,87668,1.500011421740055e-06,9
527,814203,1.300009898841381e-06,9
528,300953,1.400010660290718e-06,9
529,981819,2.00001522898674e-06,10
530,959059,1.200009137392044e-06,9
531,979726,1.200009137392044e-06,9
532,102094,1.400010660290718e-06,9
533,213280,3.600027412176132e-06,11
534,833718,1.300009898841381e-06,9
535,187712,1.500011421740055e-06,9
536,723632,3.300025127828121e-06,11
537,861490,7.1999384090304375e-06,14
538,546545,1.500011421740055e-06,9
539,805782,2.100015990436077e-06,10
540,682596,1.300009898841381e-06,9
541,212733,1.2998934835195541e-06,9
542,86846,2.100015990436077e-06,10
543,159230,1.400010660290718e-06,9
544,346580,1.200009137392044e-06,9
545,87653,1.300009898841381e-06,9
546,837638,3.100023604929447e-06,11
547,80583,1.200009137392044e-06,9
548,458243,2.100015990436077e-06,10
549,944880,1.300009898841381e-06,9
550,864746,1.1998927220702171e-06,9
551,824708,1.200009137392044e-06,9
552,121543,2.100015990436077e-06,10
553,211841,2.00001522898674e-06,10
554,529869,1.999898813664913e-06,10
555,339357,1.300009898841381e-06,9
556,344834,4.600035026669502e-06,12
557,525352,3.300025127828121e-06,11
558,672257,1.300009898841381e-06,9
559,971480,1.300009898841381e-06,9
560,246289,1.200009137392044e-06,9
561,724395,1.300009898841381e-06,9
562,828575,2.199900336563587e-06,10
563,681881,1.300009898841381e-06,9
564,775807,1.200009137392044e-06,9
565,968617,1.200009137392044e-06,9
566,140390,6.5999338403344154e-06,14
567,368523,1.300009898841381e-06,9
568,232823,1.300009898841381e-06,9
569,759374,1.300009898841381e-06,9
570,373780,2.199900336563587e-06,10
571,146784,1.500011421740055e-06,9
572,592113,1.300009898841381e-06,9
573,951298,1.400010660290718e-06,9
574,308612,1.300009898841381e-06,9
575,330183,1.2998934835195541e-06,9
576,782021,3.500026650726795e-06,11
577,942582,2.400018274784088e-06,10
578,979927,4.399917088449001e-06,11
579,327704,2.300017513334751e-06,10
580,161749,3.600027412176132e-06,11
581,923122,1.300009898841381e-06,9
582,510070,1.500011421740055e-06,9
583,808420,1.400010660290718e-06,9
584,808234,3.600027412176132e-06,11
585,888973,3.5999109968543053e-06,11
586,612327,2.400018274784088e-06,10
587,622808,2.300017513334751e-06,10
588,248110,3.4999102354049683e-06,11
589,423324,1.300009898841381e-06,9
590,337740,2.400018274784088e-06,10
591,843172,1.300009898841381e-06,9
592,436336,1.1998927220702171e-06,9
593,131969,2.300017513334751e-06,10
594,104211,1.300009898841381e-06,9
595,57481,1.400010660290718e-06,9
596,304402,2.100015990436077e-06,10
597,43331,1.400010660290718e-06,9
598,859830,3.600027412176132e-06,10
599,836565,1.500011421740055e-06,9
600,794925,2.00001522898674e-06,10
601,780397,1.300009898841381e-06,9
602,501572,1.200009137392044e-06,9
603,89860,1.300009898841381e-06,9
604,132007,1.200009137392044e-06,9
605,937974,1.2998934835195541e-06,9
606,577296,2.300017513334751e-06,10
607,493323,2.300017513334751e-06,10
608,383860,1.400010660290718e-06,9
609,725840,1.300009898841381e-06,9
610,342903,1.300009898841381e-06,9
611,85552,1.300009898841381e-06,9
612,882987,1.200009137392044e-06,9
613,908644,1.300009898841381e-06,9
614,733893,5.799927748739719e-06,12
615,595511,3.8000289350748062e-06,11
616,597060,1.300009898841381e-06,9
617,2037,1.1998927220702171e-06,9
618,847992,6.00004568696022e-06,13
619,843838,2.200016751885414e-06,10
620,748046,1.2998934835195541e-06,9
621,295910,8.800067007541656e-06,16
622,955373,1.600012183189392e-06,10
623,526776,1.400010660290718e-06,10
624,677552,2.200016751885414e-06,11
625,707550,1.400010660290718e-06,10
626,126321,1.500011421740055e-06,10
627,885806,2.199900336563587e-06,11
628,833668,3.400025889277458e-06,12
629,813152,2.300017513334751e-06,11
630,286988,1.600012183189392e-06,10
631,191356,2.500019036233425e-06,11
632,909303,3.500026650726795e-06,11
633,89764,4.999921657145023e-06,12
634,754048,1.400010660290718e-06,10
635,538652,1.500011421740055e-06,10
636,217526,1.400010660290718e-06,10
637,780531,3.4999102354049683e-06,11
638,508063,2.300017513334751e-06,11
639,611153,9.09995287656784e-06,13
640,88906,6.700051017105579e-06,12
641,257336,3.300025127828121e-06,10
642,562523,2.600019797682762e-06,10
643,673404,2.600019797682762e-06,10
644,685465,6.800051778554916e-06,12
645,681980,7.00005330145359e-06,12
646,12465,4.799920134246349e-06,11
647,354603,1.500011421740055e-06,10
648,560563,3.8000289350748062e-06,12
649,534988,1.400010660290718e-06,10
650,243983,1.400010660290718e-06,10
651,608332,1.400010660290718e-06,10
652,712881,1.300009898841381e-06,10
653,119232,6.4999330788850784e-06,14
654,346032,1.600012183189392e-06,10
655,683344,1.400010660290718e-06,10
656,788774,1.400010660290718e-06,10
657,667171,2.800021320581436e-06,10
658,562520,2.700020559132099e-06,11
659,888375,1.400010660290718e-06,10
660,907644,1.300009898841381e-06,10
661,129932,1.300009898841381e-06,10
662,212600,1.300009898841381e-06,10
663,331615,1.300009898841381e-06,10
664,273190,2.00001522898674e-06,10
665,968235,2.300017513334751e-06,11
666,590310,1.400010660290718e-06,10
667,974195,2.100015990436077e-06,11
668,124526,1.300009898841381e-06,10
669,411432,2.00001522898674e-06,11
670,133947,1.300009898841381e-06,10
671,20132,1.300009898841381e-06,10
672,699323,1.400010660290718e-06,10
673,279285,5.899928510189056e-06,13
674,334268,3.600027412176132e-06,12
675,237993,1.500011421740055e-06,10
676,858765,1.4998950064182281e-06,10
677,463298,1.400010660290718e-06,10
678,808436,1.400010660290718e-06,10
679,128874,3.100023604929447e-06,12
680,835821,2.09989957511425e-06,11
681,172843,3.400025889277458e-06,11
682,445751,1.700012944638729e-06,10
683,488656,1.600012183189392e-06,10
684,812304,1.500011421740055e-06,10
685,325720,2.200016751885414e-06,11
686,318095,3.300025127828121e-06,12
687,541035,2.100015990436077e-06,11
688,562403,1.500011421740055e-06,10
689,288259,2.500019036233425e-06,10
690,938003,3.700028173625469e-06,12
691,461127,3.400025889277458e-06,12
692,7490,1.4998950064182281e-06,10
693,273662,3.200024366378784e-06,12
694,160670,1.400010660290718e-06,10
695,821059,1.300009898841381e-06,10
696,136577,1.200009137392044e-06,10
697,702388,1.400010660290718e-06,10
698,703601,4.400033503770828e-06,13
699,411231,1.400010660290718e-06,10
700,423523,2.09989957511425e-06,11
701,829952,1.300009898841381e-06,10
702,758737,4.00003045797348e-06,12
703,51200,1.400010660290718e-06,10
704,6675,4.799920134246349e-06,12
705,88741,1.400010660290718e-06,10
706,96851,2.300017513334751e-06,11
707,78835,2.399901859462261e-06,11
708,888739,1.400010660290718e-06,10
709,712726,1.400010660290718e-06,10
710,438282,3.500026650726795e-06,12
711,888090,5.299923941493034e-06,13
712,131390,1.600012183189392e-06,10
713,758091,1.600012183189392e-06,10
714,635587,1.400010660290718e-06,10
715,937986,1.500011421740055e-06,10
716,478086,2.200016751885414e-06,11
717,77161,1.400010660290718e-06,10
718,212760,4.699919372797012e-06,13
719,80956,1.500011421740055e-06,10
720,834401,1.400010660290718e-06,10
721,958989,3.600027412176132e-06,12
722,604851,1.3998942449688911e-06,10
723,871420,3.300025127828121e-06,12
724,786167,3.600027412176132e-06,12
725,204549,3.5999109968543053e-06,12
726,321842,1.500011421740055e-06,10
727,91710,1.500011421740055e-06,10
728,401908,6.7999353632330894e-06,15
729,485844,1.700012944638729e-06,10
730,440505,1.400010660290718e-06,10
731,812300,4.900037311017513e-06,13
732,249137,5.800044164061546e-06,14
733,70876,2.400018274784088e-06,11
734,182516,5.599926225841045e-06,14
735,773775,1.400010660290718e-06,10
736,989349,2.300017513334751e-06,11
737,89676,1.9000144675374031e-06,10
738,194717,2.300017513334751e-06,11
739,561409,8.199946023523808e-06,16
740,526322,2.500019036233425e-06,11
741,33472,2.200016751885414e-06,11
742,518968,2.200016751885414e-06,11
743,536480,1.300009898841381e-06,10
744,673800,2.100015990436077e-06,11
745,940623,1.400010660290718e-06,10
746,721339,1.400010660290718e-06,10
747,685260,1.999898813664913e-06,11
748,189651,1.400010660290718e-06,10
749,717185,2.500019036233425e-06,11
750,13540,1.600012183189392e-06,10
751,563986,3.4999102354049683e-06,12
752,523824,1.600012183189392e-06,10
753,676364,1.600012183189392e-06,10
754,525275,1.500011421740055e-06,10
755,931257,1.3998942449688911e-06,10
756,198618,1.500011421740055e-06,10
757,527704,1.400010660290718e-06,10
758,550046,2.500019036233425e-06,11
759,950237,2.299901098012924e-06,11
760,775855,1.400010660290718e-06,10
761,321203,5.900044925510883e-06,14
762,16103,4.599918611347675e-06,13
763,589809,2.400018274784088e-06,11
764,669727,5.799927748739719e-06,14
765,76146,1.500011421740055e-06,10
766,550104,1.500011421740055e-06,10
767,346900,2.100015990436077e-06,11
768,444288,2.100015990436077e-06,11
769,440063,2.300017513334751e-06,11
770,230945,4.600035026669502e-06,13
771,929097,3.5999109968543053e-06,12
772,672346,1.400010660290718e-06,10
773,115746,1.500011421740055e-06,10
774,199177,2.300017513334751e-06,11
775,785039,1.800013706088066e-06,10
776,796761,1.400010660290718e-06,10
777,966467,1.500011421740055e-06,10
778,757266,2.900022082030773e-06,11
779,345008,1.700012944638729e-06,10
780,942329,1.700012944638729e-06,10
781,588104,5.300040356814861e-06,13
782,45071,4.599918611347675e-06,12
783,919256,2.100015990436077e-06,10
784,682714,1.600012183189392e-06,10
785,44295,1.700012944638729e-06,10
786,982203,1.800013706088066e-06,10
787,708793,2.800021320581436e-06,11
788,810243,3.00002284348011e-06,10
789,802140,2.499902620911598e-06,11
790,504089,1.600012183189392e-06,10
791,440279,1.500011421740055e-06,10
792,831562,2.400018274784088e-06,11
793,508565,1.4998950064182281e-06,10
794,59290,2.300017513334751e-06,11
795,9208,1.9000144675374031e-06,10
796,258368,1.500011421740055e-06,10
797,485856,2.6999041438102722e-06,11
798,432384,2.600019797682762e-06,11
799,855160,1.600012183189392e-06,10
800,639177,3.500026650726795e-06,12
801,744499,2.600019797682762e-06,11
802,16341,1.700012944638729e-06,10
803,739534,1.600012183189392e-06,10
804,942676,7.79994297772646e-06,14
805,558105,1.400010660290718e-06,10
806,413788,1.400010660290718e-06,10
807,889120,2.599903382360935e-06,11
808,455629,1.500011421740055e-06,10
809,863667,1.300009898841381e-06,10
810,175631,1.700012944638729e-06,10
811,752654,2.200016751885414e-06,11
812,220192,2.400018274784088e-06,11
813,678664,1.500011421740055e-06,10
814,537997,5.399924702942371e-06,13
815,384619,1.300009898841381e-06,10
816,345916,2.200016751885414e-06,11
817,637305,1.300009898841381e-06,10
818,143604,2.299901098012924e-06,11
819,651592,2.400018274784088e-06,11
820,74018,1.500011421740055e-06,10
821,231124,2.700020559132099e-06,10
822,657502,1.500011421740055e-06,10
823,30823,1.500011421740055e-06,10
824,8825,2.500019036233425e-06,11
825,203576,1.600012183189392e-06,10
826,525701,3.300025127828121e-06,12
827,422693,1.500011421740055e-06,10
828,607970,2.400018274784088e-06,11
829,581631,1.400010660290718e-06,10
830,655285,2.300017513334751e-06,11
831,188707,2.400018274784088e-06,11
832,679710,2.400018274784088e-06,11
833,992864,1.7998972907662392e-06,10
834,813656,1.700012944638729e-06,10
835,969867,1.500011421740055e-06,10
836,720882,2.400018274784088e-06,11
837,321737,1.700012944638729e-06,10
838,435379,1.600012183189392e-06,10
839,885458,1.700012944638729e-06,10
840,584708,1.500011421740055e-06,10
841,845332,1.600012183189392e-06,10
842,747529,2.800021320581436e-06,11
843,632930,2.500019036233425e-06,11
844,971701,1.500011421740055e-06,10
845,185847,1.600012183189392e-06,10
846,953253,2.300017513334751e-06,11
847,818671,2.600019797682762e-06,11
848,909733,1.600012183189392e-06,10
849,5675,1.4998950064182281e-06,10
850,607447,1.300009898841381e-06,10
851,485608,2.200016751885414e-06,10
852,487914,4.599918611347675e-06,13
853,253358,2.300017513334751e-06,11
854,768,2.600019797682762e-06,11
855,558449,2.500019036233425e-06,11
856,525437,1.700012944638729e-06,10
857,924162,2.400018274784088e-06,11
858,582096,2.400018274784088e-06,11
859,969431,1.400010660290718e-06,10
860,18715,2.500019036233425e-06,11
861,933901,1.400010660290718e-06,10
862,262978,1.700012944638729e-06,10
863,827250,1.700012944638729e-06,10
864,504747,3.200024366378784e-06,12
865,239340,1.400010660290718e-06,10
866,901231,3.200024366378784e-06,12
867,4376,1.2998934835195541e-06,10
868,462710,1.500011421740055e-06,10
869,891891,1.500011421740055e-06,10
870,574496,1.400010660290718e-06,10
871,635196,1.500011421740055e-06,10
872,235870,2.500019036233425e-06,11
873,405942,1.600012183189392e-06,10
874,413844,6.3999323174357414e-06,12
875,368332,1.700012944638729e-06,10
876,371354,2.00001522898674e-06,11
877,958822,1.500011421740055e-06,10
878,471239,1.500011421740055e-06,10
879,799472,1.700012944638729e-06,10
880,294310,1.400010660290718e-06,10
881,395238,1.400010660290718e-06,10
882,20612,1.500011421740055e-06,10
883,925534,1.5998957678675652e-06,10
884,629007,1.400010660290718e-06,10
885,27206,1.400010660290718e-06,10
886,562715,1.300009898841381e-06,10
887,478200,1.600012183189392e-06,10
888,760520,1.500011421740055e-06,10
889,572588,2.500019036233425e-06,11
890,780223,9.09995287656784e-06,17
891,282520,2.700020559132099e-06,11
892,759548,1.500011421740055e-06,10
893,696351,1.500011421740055e-06,10
894,216110,1.500011421740055e-06,10
895,378780,2.300017513334751e-06,11
896,8587,1.600012183189392e-06,10
897,413332,1.300009898841381e-06,10
898,786651,2.900022082030773e-06,11
899,86724,5.400041118264198e-06,13
900,263542,2.500019036233425e-06,11
901,48459,7.100054062902927e-06,15
902,496776,1.700012944638729e-06,10
903,201185,5.899928510189056e-06,13
904,711148,3.8000289350748062e-06,12
905,772676,2.600019797682762e-06,11
906,152677,4.700035788118839e-06,11
907,452793,2.500019036233425e-06,11
908,89257,2.400018274784088e-06,11
909,335766,1.300009898841381e-06,10
910,687923,1.400010660290718e-06,10
911,760365,2.200016751885414e-06,11
912,798038,3.900029696524143e-06,12
913,971274,7.4999406933784485e-06,12
914,999551,1.300009898841381e-06,10
915,616771,1.600012183189392e-06,10
916,302730,1.400010660290718e-06,10
917,655383,1.4998950064182281e-06,10
918,778917,1.300009898841381e-06,10
919,224784,1.600012183189392e-06,10
920,876531,1.700012944638729e-06,10
921,758758,1.600012183189392e-06,10
922,642611,1.600012183189392e-06,10
923,705458,1.700012944638729e-06,10
924,431799,1.500011421740055e-06,10
925,75699,1.300009898841381e-06,10
926,985712,2.499902620911598e-06,11
927,732416,1.400010660290718e-06,10
928,339463,1.600012183189392e-06,10
929,205234,1.600012183189392e-06,10
930,809969,2.399901859462261e-06,11
931,103192,1.400010660290718e-06,10
932,824787,4.700035788118839e-06,13
933,312158,1.400010660290718e-06,10
934,851370,1.600012183189392e-06,10
935,871446,1.400010660290718e-06,10
936,177656,4.00003045797348e-06,12
937,243496,2.199900336563587e-06,11
938,795240,2.800021320581436e-06,11
939,995392,1.500011421740055e-06,10
940,853394,2.200016751885414e-06,11
941,766180,1.500011421740055e-06,10
942,791598,1.500011421740055e-06,10
943,701031,1.500011421740055e-06,10
944,398842,2.200016751885414e-06,11
945,982108,2.6999041438102722e-06,11
946,738863,3.300025127828121e-06,12
947,758716,4.500034265220165e-06,13
948,474172,2.700020559132099e-06,11
949,731292,2.500019036233425e-06,11
950,742748,1.400010660290718e-06,10
951,235970,1.400010660290718e-06,10
952,458745,1.400010660290718e-06,10
953,426327,1.400010660290718e-06,10
954,871144,3.200024366378784e-06,11
955,245075,1.9000144675374031e-06,10
956,773004,1.400010660290718e-06,10
957,383722,2.100015990436077e-06,11
958,983499,5.00003807246685e-06,13
959,475423,1.400010660290718e-06,10
960,17303,1.400010660290718e-06,10
961,780441,1.300009898841381e-06,10
962,632348,4.500034265220165e-06,13
963,774220,1.600012183189392e-06,10
964,487354,1.400010660290718e-06,10
965,524334,1.500011421740055e-06,10
966,609022,1.600012183189392e-06,10
967,381893,1.2998934835195541e-06,10
968,84381,1.500011421740055e-06,10
969,846917,1.400010660290718e-06,10
970,83382,2.300017513334751e-06,11
971,311233,1.500011421740055e-06,10
972,54649,2.500019036233425e-06,11
973,42584,2.700020559132099e-06,11
974,668716,1.600012183189392e-06,10
975,605965,2.599903382360935e-06,11
976,883614,2.800021320581436e-06,11
977,345220,3.600027412176132e-06,12
978,674478,2.7999049052596092e-06,11
979,858147,1.500011421740055e-06,10
980,987948,1.500011421740055e-06,10
981,677396,1.500011421740055e-06,10
982,851852,1.400010660290718e-06,10
983,724256,9.70007386058569e-06,15
984,576077,1.500011421740055e-06,10
985,5151,3.900029696524143e-06,12
986,181478,1.500011421740055e-06,10
987,291319,1.600012183189392e-06,10
988,447257,1.3998942449688911e-06,10
989,869197,1.500011421740055e-06,10
990,907383,1.700012944638729e-06,10
991,175284,1.600012183189392e-06,10
992,168489,2.700020559132099e-06,11
993,355774,3.900029696524143e-06,12
994,190890,1.700012944638729e-06,10
995,641422,3.700028173625469e-06,12
996,445835,1.600012183189392e-06,10
997,387750,3.400025889277458e-06,12
998,448397,5.09992241859436e-06,13
999,601369,2.200016751885414e-06,11
1000,981416,1.400010660290718e-06,10
1001,258572,3.600027412176132e-06,12
1002,447924,1.4998950064182281e-06,10
1003,703003,1.500011421740055e-06,10
1004,440359,3.500026650726795e-06,12
1005,45229,1.600012183189392e-06,10
1006,203718,1.4998950064182281e-06,10
1007,930624,1.500011421740055e-06,10
1008,763123,1.400010660290718e-06,10
1009,555928,3.8000289350748062e-06,12
1010,969925,1.3998942449688911e-06,10
1011,228305,6.00004568696022e-06,12
1012,556466,1.500011421740055e-06,10
1013,174545,2.299901098012924e-06,11
1014,849994,1.400010660290718e-06,10
1015,976006,1.700012944638729e-06,10
1016,541088,1.500011421740055e-06,10
1017,894758,3.3999094739556313e-06,12
1018,458766,6.700051017105579e-06,14
1019,539555,1.700012944638729e-06,10
1020,925906,9.900075383484364e-06,13
1021,609561,4.199915565550327e-06,12
1022,700539,2.500019036233425e-06,11
1023,32320,1.600012183189392e-06,10
1024,887618,1.500011421740055e-06,10
1025,211810,2.100015990436077e-06,10
1026,157544,2.400018274784088e-06,10
1027,816482,1.500011421740055e-06,10
1028,841417,1.500011421740055e-06,10
1029,520496,7.70005863159895e-06,15
1030,191282,9.09995287656784e-06,12
1031,617091,7.2999391704797745e-06,12
1032,995163,2.700020559132099e-06,11
1033,805062,1.700012944638729e-06,10
1034,879133,1.500011421740055e-06,10
1035,667624,2.400018274784088e-06,11
1036,961689,1.500011421740055e-06,10
1037,893451,3.1999079510569572e-06,10
1038,779443,2.300017513334751e-06,11
1039,681877,1.400010660290718e-06,10
1040,19706,3.7999125197529793e-06,12
1041,680603,4.700035788118839e-06,12
1042,479148,3.400025889277458e-06,12
1043,119900,4.09991480410099e-06,11
1044,602216,1.400010660290718e-06,10
1045,593724,5.600042641162872e-06,14
1046,868152,1.500011421740055e-06,10
1047,459352,1.300009898841381e-06,10
1048,520630,1.600012183189392e-06,10
1049,104420,5.299923941493034e-06,12
1050,937600,2.400018274784088e-06,11
1051,879510,2.500019036233425e-06,11
1052,768741,3.5999109968543053e-06,12
1053,608762,1.400010660290718e-06,10
1054,655450,3.200024366378784e-06,12
1055,700032,3.2999087125062943e-06,12
1056,308255,5.500041879713535e-06,13
1057,737440,2.200016751885414e-06,10
1058,85089,2.400018274784088e-06,10
1059,638068,1.700012944638729e-06,10
1060,767978,1.600012183189392e-06,10
1061,564147,1.300009898841381e-06,10
1062,667284,1.400010660290718e-06,10
1063,636056,2.500019036233425e-06,11
1064,524901,2.800021320581436e-06,11
1065,535787,2.499902620911598e-06,11
1066,665871,1.600012183189392e-06,10
1067,161513,2.300017513334751e-06,11
1068,415968,2.400018274784088e-06,11
1069,396230,1.3998942449688911e-06,10
1070,839909,3.900029696524143e-06,12
1071,630966,1.500011421740055e-06,10
1072,470041,1.400010660290718e-06,10
1073,722917,1.2998934835195541e-06,10
1074,290966,3.500026650726795e-06,12
1075,392386,1.700012944638729e-06,10
1076,898237,1.600012183189392e-06,10
1077,259297,1.4998950064182281e-06,10
1078,990133,1.400010660290718e-06,10
1079,549124,4.500034265220165e-06,13
1080,981032,2.399901859462261e-06,10
1081,126780,3.500026650726795e-06,12
1082,833588,1.500011421740055e-06,10
1083,683139,4.999921657145023e-06,13
1084,988968,2.600019797682762e-06,11
1085,599799,1.500011421740055e-06,10
1086,675485,1.300009898841381e-06,10
1087,50217,1.400010660290718e-06,10
1088,977078,2.600019797682762e-06,11
1089,257208,1.700012944638729e-06,10
1090,11167,1.700012944638729e-06,10
1091,882035,1.4998950064182281e-06,10
1092,289153,1.400010660290718e-06,10
1093,720498,1.400010660290718e-06,10
1094,978993,1.500011421740055e-06,10
1095,503127,2.599903382360935e-06,11
1096,360951,1.700012944638729e-06,10
1097,807703,1.500011421740055e-06,10
1098,36425,1.400010660290718e-06,10
1099,648121,1.600012183189392e-06,10
1100,952661,1.500011421740055e-06,10
1101,824055,1.300009898841381e-06,10
1102,189918,1.500011421740055e-06,10
1103,812762,1.400010660290718e-06,10
1104,247576,1.600012183189392e-06,10
1105,620880,1.700012944638729e-06,10
1106,374590,1.500011421740055e-06,10
1107,725911,5.800044164061546e-06,14
1108,62951,1.500011421740055e-06,10
1109,358706,3.100023604929447e-06,11
1110,570719,1.600012183189392e-06,10
1111,343443,5.09992241859436e-06,13
1112,878394,1.600012183189392e-06,10
1113,67509,1.500011421740055e-06,10
1114,264607,1.600012183189392e-06,10
1115,500336,1.400010660290718e-06,10
1116,197254,1.500011421740055e-06,10
1117,518337,1.300009898841381e-06,10
1118,422233,6.6999346017837524e-06,14
1119,192942,1.800013706088066e-06,10
1120,646083,2.600019797682762e-06,11
1121,497752,2.300017513334751e-06,11
1122,12443,2.300017513334751e-06,11
1123,721773,2.500019036233425e-06,11
1124,528425,2.399901859462261e-06,11
1125,36883,2.500019036233425e-06,11
1126,594553,1.500011421740055e-06,10
1127,90399,4.899920895695686e-06,13
1128,201242,1.500011421740055e-06,10
1129,984621,1.400010660290718e-06,10
1130,773662,4.699919372797012e-06,13
1131,854030,1.600012183189392e-06,10
1132,550156,1.700012944638729e-06,10
1133,102867,2.600019797682762e-06,11
1134,201962,2.399901859462261e-06,11
1135,254304,2.400018274784088e-06,11
1136,352234,1.300009898841381e-06,10
1137,706740,5.999929271638393e-06,14
1138,317723,1.600012183189392e-06,10
1139,564585,2.700020559132099e-06,11
1140,196038,1.500011421740055e-06,10
1141,882246,6.5999338403344154e-06,14
1142,80387,2.300017513334751e-06,11
1143,402758,1.600012183189392e-06,10
1144,621053,2.400018274784088e-06,11
1145,775063,1.500011421740055e-06,10
1146,25770,2.500019036233425e-06,11
1147,871558,1.400010660290718e-06,10
1148,582692,1.500011421740055e-06,10
1149,796075,1.600012183189392e-06,10
1150,110094,2.200016751885414e-06,11
1151,748984,1.700012944638729e-06,10
1152,79622,1.4998950064182281e-06,10
1153,129471,2.300017513334751e-06,11
1154,614078,1.600012183189392e-06,10
1155,120423,1.600012183189392e-06,10
1156,297048,1.4998950064182281e-06,10
1157,370974,1.400010660290718e-06,10
1158,56602,1.400010660290718e-06,10
1159,250616,1.500011421740055e-06,10
1160,489023,1.400010660290718e-06,10
1161,779678,1.3998942449688911e-06,10
1162,161365,1.600012183189392e-06,10
1163,695958,1.500011421740055e-06,10
1164,912635,3.600027412176132e-06,12
1165,161563,1.3998942449688911e-06,10
1166,830593,1.400010660290718e-06,10
1167,730548,1.600012183189392e-06,10
1168,387745,1.700012944638729e-06,10
1169,9038,5.899928510189056e-06,14
1170,664948,6.200047209858894e-06,13
1171,504461,1.5998957678675652e-06,10
1172,751577,1.500011421740055e-06,10
1173,384075,1.500011421740055e-06,10
1174,110499,1.400010660290718e-06,10
1175,355183,1.700012944638729e-06,10
1176,177547,1.600012183189392e-06,10
1177,345790,1.700012944638729e-06,10
1178,846031,3.700028173625469e-06,12
1179,179100,1.6998965293169022e-06,10
1180,168476,1.400010660290718e-06,10
1181,907186,2.700020559132099e-06,11
1182,254560,1.600012183189392e-06,10
1183,402770,3.5999109968543053e-06,12
1184,243647,4.00003045797348e-06,12
1185,68264,4.100031219422817e-06,12
1186,594777,2.200016751885414e-06,11
1187,251108,2.400018274784088e-06,11
1188,805097,2.700020559132099e-06,11
1189,252631,1.500011421740055e-06,10
1190,164670,1.600012183189392e-06,10
1191,505922,3.600027412176132e-06,12
1192,271630,1.600012183189392e-06,10
1193,338142,2.599903382360935e-06,11
1194,660642,1.500011421740055e-06,10
1195,229735,2.200016751885414e-06,11
1196,972257,2.300017513334751e-06,11
1197,907060,1.3998942449688911e-06,10
1198,36708,1.500011421740055e-06,10
1199,72989,2.600019797682762e-06,11
1200,694334,1.500011421740055e-06,10
1201,899309,2.399901859462261e-06,11
1202,618471,1.700012944638729e-06,10
1203,113089,6.500049494206905e-06,14
1204,596754,1.4998950064182281e-06,10
1205,105046,1.500011421740055e-06,10
1206,504843,1.700012944638729e-06,10
1207,674830,6.299931555986404e-06,14
1208,163089,4.900037311017513e-06,13
1209,876475,2.700020559132099e-06,11
1210,706826,1.6998965293169022e-06,10
1211,216955,2.400018274784088e-06,11
1212,164446,1.600012183189392e-06,10
1213,876796,1.400010660290718e-06,10
1214,352501,2.399901859462261e-06,11
1215,303013,2.400018274784088e-06,11
1216,65497,6.00004568696022e-06,13
1217,136745,1.600012183189392e-06,10
1218,568699,3.900029696524143e-06,12
1219,517950,2.400018274784088e-06,11
1220,919473,1.4998950064182281e-06,10
1221,315972,2.300017513334751e-06,11
1222,211002,2.300017513334751e-06,11
1223,947322,1.500011421740055e-06,10
1224,550573,2.500019036233425e-06,11
1225,105992,1.700012944638729e-06,10
1226,472138,1.500011421740055e-06,10
1227,143235,1.600012183189392e-06,10
1228,696223,3.999914042651653e-06,12
1229,585581,2.400018274784088e-06,11
1230,474029,5.799927748739719e-06,13
1231,5611,1.500011421740055e-06,10
1232,977190,3.700028173625469e-06,12
1233,320614,1.700012944638729e-06,10
1234,313362,3.6999117583036423e-06,12
1235,139580,8.500064723193645e-06,16
1236,482957,1.600012183189392e-06,10
1237,181888,2.500019036233425e-06,11
1238,872076,3.600027412176132e-06,12
1239,631741,2.599903382360935e-06,11
1240,365577,2.300017513334751e-06,11
1241,783171,1.600012183189392e-06,10
1242,971523,1.500011421740055e-06,10
1243,290606,1.4998950064182281e-06,10
1244,222164,6.500049494206905e-06,14
1245,574848,3.400025889277458e-06,12
1246,242872,1.800013706088066e-06,10
1247,40323,1.500011421740055e-06,10
1248,873369,1.400010660290718e-06,10
1249,866099,3.7999125197529793e-06,12
1250,432375,6.00004568696022e-06,13
1251,224346,1.700012944638729e-06,10
1252,200385,1.400010660290718e-06,10
1253,413568,2.600019797682762e-06,11
1254,846083,1.500011421740055e-06,10
1255,60636,1.500011421740055e-06,10
1256,710772,1.4998950064182281e-06,10
1257,433683,2.400018274784088e-06,11
1258,472684,1.400010660290718e-06,10
1259,993943,4.100031219422817e-06,12
1260,184232,1.8998980522155762e-06,10
1261,498963,1.500011421740055e-06,10
1262,897616,1.500011421740055e-06,10
1263,356294,2.300017513334751e-06,11
1264,665410,1.7998972907662392e-06,10
1265,790447,1.500011421740055e-06,10
1266,524130,1.600012183189392e-06,10
1267,451853,1.400010660290718e-06,10
1268,722634,1.500011421740055e-06,10
1269,675443,1.500011421740055e-06,10
1270,296220,1.500011421740055e-06,10
1271,819604,1.300009898841381e-06,10
1272,404979,2.300017513334751e-06,11
1273,255165,6.700051017105579e-06,15
1274,155192,3.600027412176132e-06,12
1275,835903,1.5998957678675652e-06,10
1276,303792,1.600012183189392e-06,10
1277,629882,1.400010660290718e-06,10
1278,151513,1.600012183189392e-06,10
1279,871312,1.500011421740055e-06,10
1280,151267,2.700020559132099e-06,11
1281,173454,2.400018274784088e-06,10
1282,198675,1.700012944638729e-06,10
1283,584877,1.5998957678675652e-06,10
1284,830349,2.300017513334751e-06,11
1285,751031,3.700028173625469e-06,12
1286,320391,2.599903382360935e-06,11
1287,472208,2.500019036233425e-06,11
1288,667697,2.500019036233425e-06,11
1289,953989,1.700012944638729e-06,10
1290,943814,1.3998942449688911e-06,10
1291,110674,1.500011421740055e-06,10
1292,808230,2.300017513334751e-06,11
1293,851327,6.199930794537067e-06,14
1294,534215,1.9000144675374031e-06,10
1295,425048,2.400018274784088e-06,11
1296,970642,2.600019797682762e-06,11
1297,89797,1.800013706088066e-06,10
1298,206782,1.400010660290718e-06,10
1299,238325,5.100038833916187e-06,12
1300,879731,1.5998957678675652e-06,10
1301,306815,1.700012944638729e-06,10
1302,359597,1.700012944638729e-06,10
1303,747195,1.9000144675374031e-06,10
1304,490315,2.399901859462261e-06,11
1305,147372,1.600012183189392e-06,10
1306,859422,2.400018274784088e-06,11
1307,783904,1.500011421740055e-06,10
1308,964434,2.400018274784088e-06,11
1309,258694,2.600019797682762e-06,11
1310,95938,1.500011421740055e-06,10
1311,859050,1.500011421740055e-06,10
1312,688299,2.900022082030773e-06,11
1313,447658,3.100023604929447e-06,11
1314,901412,1.600012183189392e-06,10
1315,486768,1.3998942449688911e-06,10
1316,188118,2.600019797682762e-06,11
1317,935876,2.500019036233425e-06,11
1318,476747,2.300017513334751e-06,11
1319,369414,1.600012183189392e-06,10
1320,625332,2.00001522898674e-06,10
1321,576979,2.00001522898674e-06,10
1322,48927,2.100015990436077e-06,10
1323,146090,1.600012183189392e-06,10
1324,499821,5.200039595365524e-06,12
1325,330303,3.4999102354049683e-06,11
1326,340594,1.9000144675374031e-06,10
1327,570837,1.300009898841381e-06,10
1328,184165,5.199923180043697e-06,13
1329,681640,1.400010660290718e-06,10
1330,511957,1.500011421740055e-06,10
1331,346698,1.600012183189392e-06,10
1332,519471,1.700012944638729e-06,10
1333,731596,1.500011421740055e-06,10
1334,126155,1.400010660290718e-06,10
1335,396874,1.600012183189392e-06,10
1336,101314,1.600012183189392e-06,10
1337,796550,8.299946784973145e-06,15
1338,921551,1.500011421740055e-06,10
1339,863419,2.200016751885414e-06,10
1340,827217,3.400025889277458e-06,10
1341,114842,4.500034265220165e-06,10
1342,561123,3.899913281202316e-06,10
1343,260816,3.8000289350748062e-06,10
1344,811629,4.900037311017513e-06,10
1345,833413,7.300055585801601e-06,11
1346,233004,4.00003045797348e-06,10
1347,286978,4.699919372797012e-06,10
1348,674254,3.600027412176132e-06,10
1349,60440,6.600050255656242e-06,11
1350,804448,4.400033503770828e-06,10
1351,556000,4.299916326999664e-06,10
1352,470387,7.5999414548277855e-06,11
1353,777038,4.400033503770828e-06,10
1354,102065,5.100038833916187e-06,10
1355,29499,1.170008908957243e-05,13
1356,420621,4.00003045797348e-06,10
1357,80946,1.0199961252510548e-05,12
1358,468067,4.900037311017513e-06,10
1359,898339,1.750001683831215e-05,15
1360,651582,4.500034265220165e-06,10
1361,703951,6.300047971308231e-06,11
1362,954711,1.0599964298307896e-05,13
1363,924246,3.3999094739556313e-06,10
1364,555427,4.900037311017513e-06,11
1365,763884,5.200039595365524e-06,11
1366,109803,3.2999087125062943e-06,10
1367,153861,3.600027412176132e-06,10
1368,517828,3.700028173625469e-06,10
1369,788650,3.899913281202316e-06,10
1370,387792,5.500041879713535e-06,11
1371,346453,3.300025127828121e-06,10
1372,912786,3.200024366378784e-06,10
1373,107339,5.200039595365524e-06,11
1374,794601,7.5999414548277855e-06,11
1375,573985,4.599918611347675e-06,10
1376,265455,1.209997572004795e-05,12
1377,389241,4.899920895695686e-06,10
1378,140475,5.200039595365524e-06,11
1379,208994,6.800051778554916e-06,11
1380,684580,5.00003807246685e-06,10
1381,436671,3.4999102354049683e-06,10
1382,613444,3.300025127828121e-06,10
1383,268315,4.900037311017513e-06,11
1384,306065,7.0999376475811005e-06,12
1385,702360,3.100023604929447e-06,10
1386,245654,2.7999049052596092e-06,10
1387,401764,3.400025889277458e-06,10
1388,640415,2.7999049052596092e-06,10
1389,250096,3.100023604929447e-06,10
1390,144086,2.800021320581436e-06,10
1391,320229,3.100023604929447e-06,10
1392,349061,3.200024366378784e-06,10
1393,612407,3.900029696524143e-06,11
1394,836079,4.200031980872154e-06,11
1395,271517,2.500019036233425e-06,10
1396,432016,2.400018274784088e-06,10
1397,998099,1.3399985618889332e-05,16
1398,610913,2.599903382360935e-06,10
1399,995623,2.400018274784088e-06,10
1400,313618,2.500019036233425e-06,10
1401,707140,3.700028173625469e-06,11
1402,511665,4.100031219422817e-06,11
1403,132336,4.09991480410099e-06,11
1404,198940,3.900029696524143e-06,11
1405,160624,7.899943739175797e-06,13
1406,458996,4.100031219422817e-06,11
1407,494704,2.599903382360935e-06,10
1408,438547,2.300017513334751e-06,10
1409,403636,2.400018274784088e-06,10
1410,105751,4.00003045797348e-06,11
1411,987583,2.700020559132099e-06,10
1412,661954,3.999914042651653e-06,11
1413,135949,2.200016751885414e-06,10
1414,550462,2.300017513334751e-06,10
1415,343556,2.700020559132099e-06,10
1416,36208,2.500019036233425e-06,10
1417,262090,2.499902620911598e-06,10
1418,443706,2.300017513334751e-06,10
1419,339302,2.600019797682762e-06,10
1420,513834,2.299901098012924e-06,10
1421,574674,2.800021320581436e-06,10
1422,9969,2.900022082030773e-06,10
1423,818271,6.100046448409557e-06,12
1424,239550,4.399917088449001e-06,11
1425,567598,2.800021320581436e-06,10
1426,978898,2.400018274784088e-06,10
1427,957221,6.200047209858894e-06,12
1428,334306,2.800021320581436e-06,10
1429,542647,3.900029696524143e-06,11
1430,455719,2.700020559132099e-06,10
1431,852842,2.499902620911598e-06,10
1432,491102,4.600035026669502e-06,10
1433,75387,7.00005330145359e-06,11
1434,794344,3.400025889277458e-06,10
1435,460204,4.800036549568176e-06,10
1436,892726,3.500026650726795e-06,10
1437,442459,3.400025889277458e-06,10
1438,116854,3.1999079510569572e-06,10
1439,552392,2.900022082030773e-06,10
1440,469606,5.999929271638393e-06,12
1441,872982,5.200039595365524e-06,11
1442,668757,3.00002284348011e-06,10
1443,295727,4.900037311017513e-06,11
1444,662942,3.600027412176132e-06,10
1445,745013,3.00002284348011e-06,10
1446,755022,3.100023604929447e-06,10
1447,340170,6.09993003308773e-06,11
1448,73497,4.100031219422817e-06,10
1449,427820,6.900052540004253e-06,11
1450,426220,3.5999109968543053e-06,10
1451,487195,5.400041118264198e-06,12
1452,340675,2.800021320581436e-06,10
1453,741716,4.100031219422817e-06,11
1454,612346,2.9999064281582832e-06,10
1455,171329,3.200024366378784e-06,10
1456,585830,3.0999071896076202e-06,10
1457,513893,6.600050255656242e-06,12
1458,6869,3.200024366378784e-06,10
1459,526597,2.900022082030773e-06,10
1460,262184,4.900037311017513e-06,11
1461,448447,3.1999079510569572e-06,10
1462,751540,5.300040356814861e-06,11
1463,735946,5.00003807246685e-06,11
1464,509255,2.700020559132099e-06,10
1465,942122,1.500011421740055e-06,10
1466,722545,4.800036549568176e-06,12
1467,541838,1.9000144675374031e-06,10
1468,924281,3.200024366378784e-06,11
1469,16755,2.100015990436077e-06,10
1470,82273,1.9000144675374031e-06,10
1471,577958,2.09989957511425e-06,10
1472,781215,3.300025127828121e-06,11
1473,251471,3.100023604929447e-06,11
1474,472024,2.200016751885414e-06,10
1475,236141,1.9000144675374031e-06,10
1476,206763,2.100015990436077e-06,10
1477,205594,4.999921657145023e-06,12
1478,456987,4.600035026669502e-06,12
1479,189561,1.800013706088066e-06,10
1480,416719,2.300017513334751e-06,10
1481,529606,2.400018274784088e-06,10
1482,176093,3.7999125197529793e-06,12
1483,394704,2.400018274784088e-06,11
1484,453120,1.600012183189392e-06,10
1485,279227,1.500011421740055e-06,10
1486,438088,2.299901098012924e-06,11
1487,259219,1.500011421740055e-06,10
1488,64454,1.300009898841381e-06,10
1489,123539,2.300017513334751e-06,11
1490,809438,1.500011421740055e-06,10
1491,10457,2.500019036233425e-06,11
1492,504116,1.800013706088066e-06,10
1493,417783,3.8000289350748062e-06,12
1494,162929,1.600012183189392e-06,10
1495,920578,2.500019036233425e-06,11
1496,74528,1.600012183189392e-06,10
1497,289394,2.499902620911598e-06,11
1498,362671,1.400010660290718e-06,10
1499,841636,1.400010660290718e-06,10
1500,13783,1.400010660290718e-06,10
1501,997536,1.500011421740055e-06,10
1502,296244,1.4998950064182281e-06,10
1503,200379,3.8000289350748062e-06,12
1504,666423,2.500019036233425e-06,11
1505,312162,1.400010660290718e-06,10
1506,958588,1.600012183189392e-06,10
1507,472185,6.800051778554916e-06,14
1508,671118,4.09991480410099e-06,12
1509,623866,2.500019036233425e-06,11
1510,987708,3.700028173625469e-06,12
1511,732986,1.4998950064182281e-06,10
1512,222238,2.600019797682762e-06,11
1513,486715,4.700035788118839e-06,13
1514,372461,1.7998972907662392e-06,10
1515,452690,2.600019797682762e-06,11
1516,356040,1.600012183189392e-06,10
1517,246364,2.400018274784088e-06,11
1518,835929,1.7998972907662392e-06,10
1519,321204,1.700012944638729e-06,10
1520,13317,8.100061677396297e-06,15
1521,556546,4.600035026669502e-06,12
1522,880519,2.900022082030773e-06,11
1523,984508,2.6999041438102722e-06,11
1524,525427,5.200039595365524e-06,13
1525,462351,2.400018274784088e-06,11
1526,568225,2.400018274784088e-06,11
1527,605908,1.400010660290718e-06,10
1528,902171,3.300025127828121e-06,12
1529,977348,1.600012183189392e-06,10
1530,677717,2.200016751885414e-06,11
1531,94618,2.300017513334751e-06,11
1532,898708,1.500011421740055e-06,10
1533,302911,1.500011421740055e-06,10
1534,393355,1.500011421740055e-06,10
1535,637132,1.500011421740055e-06,10
1536,360535,1.2199976481497288e-05,18
1537,730377,2.600019797682762e-06,12
1538,842817,1.600012183189392e-06,11
1539,896618,1.700012944638729e-06,11
1540,468227,1.600012183189392e-06,11
1541,57722,1.600012183189392e-06,11
1542,691657,2.400018274784088e-06,12
1543,688892,1.500011421740055e-06,11
1544,803071,4.900037311017513e-06,14
1545,277836,2.500019036233425e-06,12
1546,668103,1.700012944638729e-06,11
1547,110483,4.100031219422817e-06,13
1548,141155,1.600012183189392e-06,11
1549,471083,1.700012944638729e-06,11
1550,965246,5.699926987290382e-06,15
1551,654762,1.700012944638729e-06,11
1552,994896,1.600012183189392e-06,11
1553,107365,1.600012183189392e-06,11
1554,447960,1.600012183189392e-06,11
1555,852880,2.600019797682762e-06,12
1556,17485,2.800021320581436e-06,12
1557,442849,2.500019036233425e-06,12
1558,222708,1.700012944638729e-06,11
1559,158394,2.800021320581436e-06,12
1560,922606,1.600012183189392e-06,11
1561,31607,2.500019036233425e-06,12
1562,685471,1.700012944638729e-06,11
1563,905674,2.400018274784088e-06,12
1564,205088,1.800013706088066e-06,11
1565,826538,2.900022082030773e-06,12
1566,166763,1.7998972907662392e-06,11
1567,158148,1.700012944638729e-06,11
1568,914651,2.600019797682762e-06,12
1569,479657,1.700012944638729e-06,11
1570,714223,2.599903382360935e-06,12
1571,344719,1.600012183189392e-06,11
1572,743639,1.9000144675374031e-06,11
1573,352245,1.600012183189392e-06,11
1574,52085,3.899913281202316e-06,13
1575,647388,1.700012944638729e-06,11
1576,602025,2.700020559132099e-06,12
1577,665256,1.6998965293169022e-06,11
1578,539797,2.300017513334751e-06,12
1579,206425,2.400018274784088e-06,12
1580,250384,3.700028173625469e-06,13
1581,968217,1.700012944638729e-06,11
1582,498469,1.600012183189392e-06,11
1583,393044,5.900044925510883e-06,14
1584,56880,2.500019036233425e-06,12
1585,498234,2.700020559132099e-06,12
1586,816222,1.600012183189392e-06,11
1587,790909,4.399917088449001e-06,13
1588,44415,1.800013706088066e-06,11
1589,370284,4.00003045797348e-06,13
1590,118110,2.800021320581436e-06,12
1591,194338,7.500057108700275e-06,16
1592,578373,2.6999041438102722e-06,12
1593,232107,1.700012944638729e-06,11
1594,207227,1.800013706088066e-06,11
1595,820521,2.600019797682762e-06,12
1596,380746,3.7999125197529793e-06,13
1597,879013,5.200039595365524e-06,14
1598,511836,1.9000144675374031e-06,11
1599,838286,1.800013706088066e-06,11
1600,897711,1.600012183189392e-06,11
1601,33718,1.500011421740055e-06,11
1602,90834,1.500011421740055e-06,11
1603,106214,1.500011421740055e-06,11
1604,625480,1.700012944638729e-06,11
1605,619947,8.499948307871819e-06,17
1606,956226,1.9000144675374031e-06,11
1607,409291,1.500011421740055e-06,11
1608,397050,9.699957445263863e-06,18
1609,139443,1.500011421740055e-06,11
1610,509393,4.900037311017513e-06,14
1611,428940,1.700012944638729e-06,11
1612,356261,4.200031980872154e-06,13
1613,815478,2.600019797682762e-06,12
1614,698200,1.9000144675374031e-06,11
1615,258549,1.800013706088066e-06,11
1616,132056,1.600012183189392e-06,11
1617,359647,1.700012944638729e-06,11
1618,683136,2.499902620911598e-06,11
1619,67009,1.700012944638729e-06,11
1620,231331,6.199930794537067e-06,14
1621,431399,1.800013706088066e-06,11
1622,57706,6.500049494206905e-06,15
1623,893743,2.599903382360935e-06,12
1624,234339,1.600012183189392e-06,11
1625,585968,5.900044925510883e-06,14
1626,830086,1.6998965293169022e-06,11
1627,223346,3.900029696524143e-06,13
1628,457863,1.9000144675374031e-06,11
1629,678267,1.700012944638729e-06,11
1630,600565,3.8000289350748062e-06,13
1631,10007,1.600012183189392e-06,11
1632,116924,1.9000144675374031e-06,11
1633,810326,6.299931555986404e-06,15
1634,920553,2.00001522898674e-06,11
1635,665540,4.999921657145023e-06,14
1636,558341,1.700012944638729e-06,11
1637,210877,1.800013706088066e-06,11
1638,390932,2.400018274784088e-06,12
1639,45611,3.7999125197529793e-06,13
1640,485993,1.600012183189392e-06,11
1641,268814,1.700012944638729e-06,11
1642,203088,2.500019036233425e-06,12
1643,30276,1.500011421740055e-06,11
1644,601801,1.500011421740055e-06,11
1645,408315,4.500034265220165e-06,13
1646,79720,2.7999049052596092e-06,12
1647,47135,1.700012944638729e-06,11
1648,390945,1.500011421740055e-06,11
1649,281039,6.3999323174357414e-06,14
1650,312244,2.500019036233425e-06,12
1651,981711,1.600012183189392e-06,11
1652,162213,2.500019036233425e-06,12
1653,656524,1.600012183189392e-06,11
1654,833850,6.100046448409557e-06,14
1655,409215,1.500011421740055e-06,11
1656,728553,1.700012944638729e-06,11
1657,773521,1.700012944638729e-06,11
1658,305782,1.600012183189392e-06,11
1659,285485,1.400010660290718e-06,11
1660,282112,1.7998972907662392e-06,11
1661,493830,1.600012183189392e-06,11
1662,595340,1.700012944638729e-06,11
1663,868404,2.700020559132099e-06,12
1664,471220,2.499902620911598e-06,12
1665,161027,1.700012944638729e-06,11
1666,988559,1.600012183189392e-06,11
1667,653229,2.600019797682762e-06,12
1668,182151,1.700012944638729e-06,11
1669,832504,1.700012944638729e-06,11
1670,890309,5.400041118264198e-06,14
1671,893701,1.7998972907662392e-06,11
1672,780784,1.600012183189392e-06,11
1673,322568,3.900029696524143e-06,13
1674,251507,1.700012944638729e-06,11
1675,220500,1.500011421740055e-06,11
1676,542170,4.00003045797348e-06,13
1677,718416,1.700012944638729e-06,11
1678,382500,1.600012183189392e-06,11
1679,863191,6.00004568696022e-06,15
1680,942922,2.700020559132099e-06,12
1681,172572,2.399901859462261e-06,12
1682,373604,1.500011421740055e-06,11
1683,858614,2.400018274784088e-06,12
1684,882139,1.800013706088066e-06,11
1685,901935,1.7998972907662392e-06,11
1686,281344,2.300017513334751e-06,12
1687,993931,1.400010660290718e-06,11
1688,559445,3.200024366378784e-06,12
1689,92397,1.4998950064182281e-06,11
1690,739643,1.600012183189392e-06,11
1691,362564,4.400033503770828e-06,14
1692,809244,2.700020559132099e-06,12
1693,274106,1.600012183189392e-06,11
1694,579393,1.700012944638729e-06,11
1695,723417,1.500011421740055e-06,11
1696,87708,2.500019036233425e-06,12
1697,575495,2.300017513334751e-06,12
1698,783380,3.900029696524143e-06,13
1699,526882,1.600012183189392e-06,11
1700,388667,1.4998950064182281e-06,11
1701,758082,1.700012944638729e-06,11
1702,186738,1.600012183189392e-06,11
1703,983369,1.700012944638729e-06,11
1704,738358,1.600012183189392e-06,11
1705,78250,1.600012183189392e-06,11
1706,138779,2.600019797682762e-06,12
1707,488072,1.800013706088066e-06,11
1708,178742,2.500019036233425e-06,12
1709,141346,3.500026650726795e-06,13
1710,901087,1.500011421740055e-06,11
1711,679641,1.500011421740055e-06,11
1712,953304,2.6999041438102722e-06,12
1713,488839,1.500011421740055e-06,11
1714,289387,1.500011421740055e-06,11
1715,475350,1.600012183189392e-06,11
1716,236069,2.500019036233425e-06,12
1717,356694,1.400010660290718e-06,11
1718,4851,2.700020559132099e-06,12
1719,770833,2.900022082030773e-06,12
1720,909894,2.499902620911598e-06,12
1721,701243,2.300017513334751e-06,12
1722,804060,1.600012183189392e-06,11
1723,207548,6.299931555986404e-06,14
1724,127024,1.700012944638729e-06,11
1725,274607,2.800021320581436e-06,12
1726,402673,2.400018274784088e-06,12
1727,108818,1.600012183189392e-06,11
1728,956629,2.700020559132099e-06,12
1729,400059,1.600012183189392e-06,11
1730,789986,3.7999125197529793e-06,13
1731,343529,4.00003045797348e-06,13
1732,479353,2.500019036233425e-06,12
1733,241112,1.4998950064182281e-06,11
1734,892458,1.600012183189392e-06,11
1735,893252,2.500019036233425e-06,12
1736,794916,1.600012183189392e-06,11
1737,79012,1.7998972907662392e-06,11
1738,875089,1.600012183189392e-06,11
1739,982364,4.600035026669502e-06,14
1740,292072,1.600012183189392e-06,11
1741,193838,1.700012944638729e-06,11
1742,574943,4.00003045797348e-06,13
1743,215551,1.700012944638729e-06,11
1744,963047,1.700012944638729e-06,11
1745,772889,3.700028173625469e-06,13
1746,407801,1.600012183189392e-06,11
1747,199735,1.800013706088066e-06,11
1748,747749,2.599903382360935e-06,12
1749,10930,1.600012183189392e-06,11
1750,67675,1.700012944638729e-06,11
1751,63315,2.600019797682762e-06,12
1752,356315,1.400010660290718e-06,11
1753,278458,1.500011421740055e-06,11
1754,661128,3.700028173625469e-06,13
1755,141370,1.700012944638729e-06,11
1756,913173,1.700012944638729e-06,11
1757,775335,3.600027412176132e-06,12
1758,442749,1.700012944638729e-06,11
1759,310839,2.599903382360935e-06,12
1760,925155,1.700012944638729e-06,11
1761,572544,1.700012944638729e-06,11
1762,715907,1.500011421740055e-06,11
1763,576703,1.600012183189392e-06,11
1764,81033,2.00001522898674e-06,11
1765,562503,1.600012183189392e-06,11
1766,871610,1.600012183189392e-06,11
1767,459053,2.800021320581436e-06,12
1768,855724,2.600019797682762e-06,12
1769,528051,3.8000289350748062e-06,13
1770,250161,1.800013706088066e-06,11
1771,783777,2.8999056667089462e-06,12
1772,566250,1.700012944638729e-06,11
1773,801518,1.600012183189392e-06,11
1774,869061,2.300017513334751e-06,11
1775,906767,2.400018274784088e-06,11
1776,692798,3.6999117583036423e-06,11
1777,488097,5.500041879713535e-06,12
1778,659537,3.100023604929447e-06,11
1779,244009,1.3999990187585354e-05,15
1780,75533,3.6999117583036423e-06,11
1781,192890,3.500026650726795e-06,11
1782,574074,3.1999079510569572e-06,12
1783,853531,4.200031980872154e-06,13
1784,606877,1.800013706088066e-06,11
1785,838630,2.600019797682762e-06,12
1786,32443,3.600027412176132e-06,13
1787,940696,3.600027412176132e-06,13
1788,683145,2.700020559132099e-06,12
1789,663422,1.600012183189392e-06,11
1790,431739,4.800036549568176e-06,13
1791,852217,3.400025889277458e-06,11
1792,672433,2.700020559132099e-06,12
1793,22607,1.800013706088066e-06,11
1794,124165,1.500011421740055e-06,11
1795,168992,1.5998957678675652e-06,11
1796,147354,3.500026650726795e-06,13
1797,676153,3.200024366378784e-06,13
1798,935518,1.700012944638729e-06,11
1799,762731,1.500011421740055e-06,11
1800,273574,1.500011421740055e-06,11
1801,652388,4.600035026669502e-06,14
1802,636032,3.7999125197529793e-06,13
1803,192272,3.200024366378784e-06,12
1804,998024,2.700020559132099e-06,12
1805,800327,2.7999049052596092e-06,12
1806,786176,2.500019036233425e-06,12
1807,917911,4.500034265220165e-06,14
1808,53522,1.6998965293169022e-06,11
1809,27253,1.500011421740055e-06,11
1810,5688,1.800013706088066e-06,11
1811,295151,3.700028173625469e-06,13
1812,534050,6.400048732757568e-06,15
1813,221062,2.600019797682762e-06,12
1814,125241,1.600012183189392e-06,11
1815,960315,1.700012944638729e-06,11
1816,650981,1.600012183189392e-06,11
1817,279333,1.700012944638729e-06,11
1818,708251,4.09991480410099e-06,13
1819,645098,2.800021320581436e-06,12
1820,403287,6.700051017105579e-06,14
1821,867155,1.800013706088066e-06,11
1822,850174,2.300017513334751e-06,12
1823,882132,3.300025127828121e-06,13
1824,620458,1.800013706088066e-06,11
1825,166034,2.500019036233425e-06,12
1826,616361,2.400018274784088e-06,11
1827,699340,1.800013706088066e-06,11
1828,426877,1.9000144675374031e-06,11
1829,737116,1.600012183189392e-06,11
1830,585086,2.900022082030773e-06,12
1831,394484,1.600012183189392e-06,11
1832,391383,3.8000289350748062e-06,13
1833,359686,2.600019797682762e-06,12
1834,156469,1.700012944638729e-06,11
1835,884495,1.5998957678675652e-06,11
1836,253959,1.500011421740055e-06,11
1837,525638,1.500011421740055e-06,11
1838,298288,2.800021320581436e-06,12
1839,267424,7.5999414548277855e-06,15
1840,994281,1.800013706088066e-06,11
1841,571052,6.9999368861317635e-06,16
1842,388540,4.00003045797348e-06,13
1843,570373,1.700012944638729e-06,11
1844,236014,1.800013706088066e-06,11
1845,17115,1.600012183189392e-06,11
1846,530914,2.400018274784088e-06,12
1847,701803,1.700012944638729e-06,11
1848,242245,2.499902620911598e-06,12
1849,719381,4.00003045797348e-06,13
1850,707220,1.700012944638729e-06,11
1851,988598,2.6999041438102722e-06,12
1852,220818,2.100015990436077e-06,11
1853,595429,4.00003045797348e-06,13
1854,548570,2.00001522898674e-06,11
1855,21737,4.400033503770828e-06,13
1856,249422,1.800013706088066e-06,11
1857,559213,1.600012183189392e-06,11
1858,848691,1.800013706088066e-06,11
1859,168136,4.00003045797348e-06,13
1860,704147,1.600012183189392e-06,11
1861,697273,1.4998950064182281e-06,11
1862,888036,2.400018274784088e-06,12
1863,219773,1.500011421740055e-06,11
1864,552120,2.400018274784088e-06,12
1865,211288,4.699919372797012e-06,13
1866,917093,1.800013706088066e-06,11
1867,594809,1.9000144675374031e-06,11
1868,799968,2.00001522898674e-06,11
1869,315168,1.800013706088066e-06,11
1870,841802,4.600035026669502e-06,13
1871,712889,1.800013706088066e-06,11
1872,24000,2.6999041438102722e-06,12
1873,590012,1.700012944638729e-06,11
1874,775407,1.800013706088066e-06,11
1875,459430,1.700012944638729e-06,11
1876,527032,1.5998957678675652e-06,11
1877,558321,1.700012944638729e-06,11
1878,260519,4.600035026669502e-06,13
1879,343757,1.600012183189392e-06,11
1880,672161,1.500011421740055e-06,11
1881,599825,1.600012183189392e-06,11
1882,57783,1.9000144675374031e-06,11
1883,604325,4.899920895695686e-06,14
1884,797098,1.600012183189392e-06,11
1885,907084,1.800013706088066e-06,11
1886,484397,2.800021320581436e-06,12
1887,46312,2.500019036233425e-06,12
1888,459836,5.100038833916187e-06,14
1889,934841,5.799927748739719e-06,14
1890,445887,2.800021320581436e-06,12
1891,358594,3.400025889277458e-06,13
1892,589055,1.800013706088066e-06,11
1893,612743,1.500011421740055e-06,11
1894,900934,2.500019036233425e-06,12
1895,357832,1.600012183189392e-06,11
1896,741812,4.09991480410099e-06,13
1897,153372,1.600012183189392e-06,11
1898,304766,2.600019797682762e-06,12
1899,495006,2.599903382360935e-06,12
1900,404621,1.800013706088066e-06,11
1901,57798,2.700020559132099e-06,12
1902,200524,1.700012944638729e-06,11
1903,3472,2.6999041438102722e-06,12
1904,601609,2.800021320581436e-06,12
1905,984126,2.200016751885414e-06,11
1906,129052,1.9000144675374031e-06,11
1907,947465,4.00003045797348e-06,13
1908,875741,3.100023604929447e-06,12
1909,952433,6.600050255656242e-06,14
1910,472912,2.100015990436077e-06,11
1911,224522,1.800013706088066e-06,11
1912,784509,5.600042641162872e-06,14
1913,319373,2.900022082030773e-06,12
1914,670989,2.499902620911598e-06,12
1915,931457,3.00002284348011e-06,12
1916,563814,1.800013706088066e-06,11
1917,701210,1.600012183189392e-06,11
1918,605956,2.7999049052596092e-06,12
1919,25519,2.00001522898674e-06,11
1920,891729,1.700012944638729e-06,11
1921,187947,1.700012944638729e-06,11
1922,889789,1.700012944638729e-06,11
1923,817589,1.9000144675374031e-06,11
1924,940831,1.600012183189392e-06,11
1925,836255,1.700012944638729e-06,11
1926,154814,3.4999102354049683e-06,12
1927,289564,3.00002284348011e-06,12
1928,416410,1.500011421740055e-06,11
1929,489733,2.6999041438102722e-06,12
1930,637533,1.800013706088066e-06,11
1931,90727,0.0004602000117301941,13
1932,634988,4.09991480410099e-06,12
1933,669970,1.800013706088066e-06,11
1934,633610,1.600012183189392e-06,11
1935,812914,2.9999064281582832e-06,12
1936,780901,2.700020559132099e-06,12
1937,903076,5.400041118264198e-06,14
1938,735432,4.999921657145023e-06,14
1939,371562,2.600019797682762e-06,12
1940,575124,1.9000144675374031e-06,11
1941,981190,5.899928510189056e-06,15
1942,209934,1.800013706088066e-06,11
1943,173637,2.400018274784088e-06,12
1944,351125,4.599918611347675e-06,14
1945,279630,3.600027412176132e-06,13
1946,479098,1.700012944638729e-06,11
1947,67980,2.499902620911598e-06,12
1948,363490,1.600012183189392e-06,11
1949,674977,1.500011421740055e-06,11
1950,363952,2.200016751885414e-06,12
1951,738521,2.399901859462261e-06,12
1952,707295,2.500019036233425e-06,12
1953,891483,2.500019036233425e-06,12
1954,76001,4.699919372797012e-06,14
1955,440767,1.700012944638729e-06,11
1956,610832,2.500019036233425e-06,12
1957,83371,3.400025889277458e-06,13
1958,417726,1.500011421740055e-06,11
1959,777550,1.2199976481497288e-05,19
1960,605561,1.600012183189392e-06,11
1961,44851,2.400018274784088e-06,12
1962,749585,1.600012183189392e-06,11
1963,904456,1.400010660290718e-06,11
1964,557512,1.500011421740055e-06,11
1965,235949,3.700028173625469e-06,13
1966,457189,2.300017513334751e-06,12
1967,11204,3.5999109968543053e-06,13
1968,620567,2.300017513334751e-06,12
1969,170966,4.500034265220165e-06,14
1970,933896,1.5998957678675652e-06,11
1971,249368,2.300017513334751e-06,12
1972,875910,1.500011421740055e-06,11
1973,574598,1.500011421740055e-06,11
1974,665856,1.500011421740055e-06,11
1975,18105,1.500011421740055e-06,11
1976,739009,1.500011421740055e-06,11
1977,362869,1.400010660290718e-06,11
1978,586794,1.400010660290718e-06,11
1979,872287,3.4999102354049683e-06,13
1980,323596,1.400010660290718e-06,11
1981,604933,1.500011421740055e-06,11
1982,716713,2.400018274784088e-06,12
1983,378543,1.3998942449688911e-06,11
1984,528672,1.500011421740055e-06,11
1985,545411,1.400010660290718e-06,11
1986,139337,1.400010660290718e-06,11
1987,788788,1.500011421740055e-06,11
1988,481021,1.500011421740055e-06,11
1989,296506,1.500011421740055e-06,11
1990,151231,1.500011421740055e-06,11
1991,771952,1.500011421740055e-06,11
1992,435138,1.500011421740055e-06,11
1993,422579,1.400010660290718e-06,11
1994,510756,1.400010660290718e-06,11
1995,918619,2.300017513334751e-06,12
1996,221762,4.499917849898338e-06,14
1997,604258,1.500011421740055e-06,11
1998,674507,4.300032742321491e-06,14
1999,199736,5.399924702942371e-06,15
2000,532926,1.600012183189392e-06,11
2001,419113,2.300017513334751e-06,12
2002,293228,1.4998950064182281e-06,11
2003,405989,2.300017513334751e-06,12
2004,310353,1.600012183189392e-06,11
2005,517953,2.400018274784088e-06,12
2006,808435,4.499917849898338e-06,13
2007,57528,1.800013706088066e-06,11
2008,161759,2.200016751885414e-06,12
2009,505573,2.400018274784088e-06,12
2010,970525,1.500011421740055e-06,11
2011,307862,2.200016751885414e-06,12
2012,321927,2.200016751885414e-06,12
2013,834838,1.600012183189392e-06,11
2014,618234,1.300009898841381e-06,11
2015,490798,3.600027412176132e-06,13
2016,919756,1.400010660290718e-06,11
2017,509248,1.600012183189392e-06,11
2018,711764,1.4998950064182281e-06,11
2019,735809,1.500011421740055e-06,11
2020,558753,6.300047971308231e-06,15
2021,446331,1.5998957678675652e-06,11
2022,464276,1.500011421740055e-06,11
2023,186163,3.200024366378784e-06,13
2024,485006,1.500011421740055e-06,11
2025,910327,1.4998950064182281e-06,11
2026,38772,4.300032742321491e-06,14
2027,362252,1.500011421740055e-06,11
2028,960995,2.200016751885414e-06,12
2029,161550,1.500011421740055e-06,11
2030,642151,1.600012183189392e-06,11
2031,234027,2.300017513334751e-06,12
2032,777631,1.400010660290718e-06,11
2033,744814,2.399901859462261e-06,12
2034,739369,3.500026650726795e-06,13
2035,431639,1.600012183189392e-06,11
2036,364251,1.500011421740055e-06,11
2037,267770,1.3998942449688911e-06,11
2038,263796,1.500011421740055e-06,11
2039,743109,4.100031219422817e-06,13
2040,675742,1.600012183189392e-06,11
2041,83676,1.4998950064182281e-06,11
2042,480367,3.600027412176132e-06,13
2043,338730,4.300032742321491e-06,14
2044,490953,1.5998957678675652e-06,11
2045,933375,2.400018274784088e-06,12
2046,884222,6.300047971308231e-06,16
2047,143174,2.499902620911598e-06,12
2048,694800,4.500034265220165e-06,14
2049,253932,4.700035788118839e-06,14
2050,208719,1.700012944638729e-06,11
2051,658947,2.200016751885414e-06,12
2052,885443,1.500011421740055e-06,11
2053,658098,1.600012183189392e-06,11
2054,601256,2.199900336563587e-06,12
2055,772767,1.400010660290718e-06,11
2056,73579,3.600027412176132e-06,13
2057,520491,2.200016751885414e-06,12
2058,342588,2.400018274784088e-06,12
2059,683916,2.300017513334751e-06,12
2060,253610,1.400010660290718e-06,11
2061,797812,2.300017513334751e-06,12
2062,714354,1.500011421740055e-06,11
2063,981177,1.500011421740055e-06,11
2064,381748,1.500011421740055e-06,11
2065,273531,3.400025889277458e-06,13
2066,33725,1.600012183189392e-06,11
2067,463871,3.400025889277458e-06,13
2068,687571,1.600012183189392e-06,11
2069,607802,1.600012183189392e-06,11
2070,753163,1.500011421740055e-06,11
2071,307411,1.600012183189392e-06,11
2072,449964,1.500011421740055e-06,11
2073,587900,2.600019797682762e-06,12
2074,243884,1.4998950064182281e-06,11
2075,680345,2.200016751885414e-06,12
2076,665948,1.400010660290718e-06,11
2077,397859,1.400010660290718e-06,11
2078,865006,1.400010660290718e-06,11
2079,446367,3.400025889277458e-06,13
2080,87558,1.500011421740055e-06,11
2081,48768,3.500026650726795e-06,13
2082,399778,2.299901098012924e-06,12
2083,380188,2.400018274784088e-06,12
2084,166989,1.500011421740055e-06,11
2085,802722,1.500011421740055e-06,11
2086,300508,1.4998950064182281e-06,11
2087,491570,1.500011421740055e-06,11
2088,56628,1.500011421740055e-06,11
2089,676316,2.500019036233425e-06,12
2090,764585,1.500011421740055e-06,11
2091,883351,1.400010660290718e-06,11
2092,675282,3.300025127828121e-06,13
2093,924741,3.400025889277458e-06,13
2094,597989,1.4998950064182281e-06,11
2095,961792,6.400048732757568e-06,16
2096,784628,1.500011421740055e-06,11
2097,930056,2.299901098012924e-06,12
2098,370376,3.300025127828121e-06,13
2099,296503,7.0999376475811005e-06,16
2100,961095,1.500011421740055e-06,11
2101,161500,3.300025127828121e-06,13
2102,286724,5.199923180043697e-06,14
2103,725725,1.600012183189392e-06,11
2104,856413,1.600012183189392e-06,11
2105,964455,1.500011421740055e-06,11
2106,692615,1.500011421740055e-06,11
2107,668849,1.3998942449688911e-06,11
2108,866021,3.200024366378784e-06,13
2109,353923,1.500011421740055e-06,11
2110,249098,1.600012183189392e-06,11
2111,348815,1.4998950064182281e-06,11
2112,740579,1.400010660290718e-06,11
2113,245495,1.400010660290718e-06,11
2114,108290,2.300017513334751e-06,12
2115,519045,6.4999330788850784e-06,16
2116,849005,4.300032742321491e-06,14
2117,660872,1.600012183189392e-06,11
2118,32649,1.4998950064182281e-06,11
2119,857516,3.400025889277458e-06,13
2120,967834,2.300017513334751e-06,12
2121,443615,2.300017513334751e-06,12
2122,464651,1.500011421740055e-06,11
2123,242432,1.600012183189392e-06,11
2124,751462,1.400010660290718e-06,11
2125,230685,1.500011421740055e-06,11
2126,897547,2.299901098012924e-06,12
2127,507694,1.600012183189392e-06,11
2128,177858,1.500011421740055e-06,11
2129,558721,1.500011421740055e-06,11
2130,310705,4.399917088449001e-06,14
2131,13741,1.500011421740055e-06,11
2132,240575,3.400025889277458e-06,13
2133,608621,1.500011421740055e-06,11
2134,954968,1.6998965293169022e-06,11
2135,603856,2.200016751885414e-06,12
2136,763523,3.300025127828121e-06,13
2137,132108,3.400025889277458e-06,13
2138,396470,1.400010660290718e-06,11
2139,890055,1.500011421740055e-06,11
2140,822192,1.600012183189392e-06,11
2141,79880,1.600012183189392e-06,11
2142,364826,4.200031980872154e-06,13
2143,94726,1.500011421740055e-06,11
2144,562352,2.400018274784088e-06,12
2145,297894,1.500011421740055e-06,11
2146,562522,3.400025889277458e-06,13
2147,267000,2.300017513334751e-06,12
2148,611537,4.400033503770828e-06,14
2149,341454,1.500011421740055e-06,11
2150,545724,2.400018274784088e-06,12
2151,630023,3.400025889277458e-06,13
2152,515373,1.500011421740055e-06,11
2153,600961,1.500011421740055e-06,11
2154,490396,2.300017513334751e-06,12
2155,462384,1.500011421740055e-06,11
2156,281705,1.500011421740055e-06,11
2157,704745,4.299916326999664e-06,14
2158,36279,3.200024366378784e-06,13
2159,71228,1.600012183189392e-06,11
2160,856776,2.299901098012924e-06,12
2161,167283,2.500019036233425e-06,12
2162,764482,2.400018274784088e-06,12
2163,542649,1.600012183189392e-06,11
2164,918666,1.4998950064182281e-06,11
2165,502814,1.500011421740055e-06,11
2166,295395,1.500011421740055e-06,11
2167,570197,2.300017513334751e-06,12
2168,624106,1.500011421740055e-06,11
2169,728659,3.200024366378784e-06,13
2170,205758,1.400010660290718e-06,11
2171,234808,1.500011421740055e-06,11
2172,315363,2.100015990436077e-06,12
2173,965650,1.400010660290718e-06,11
2174,49871,1.500011421740055e-06,11
2175,741619,3.00002284348011e-06,12
2176,813915,3.2999087125062943e-06,13
2177,993314,2.200016751885414e-06,12
2178,783982,1.400010660290718e-06,11
2179,933789,1.500011421740055e-06,11
2180,360009,1.500011421740055e-06,11
2181,981172,2.200016751885414e-06,12
2182,552833,1.500011421740055e-06,11
2183,481069,1.500011421740055e-06,11
2184,904476,2.300017513334751e-06,12
2185,65381,1.4998950064182281e-06,11
2186,587347,1.400010660290718e-06,11
2187,914908,2.300017513334751e-06,12
2188,651805,1.500011421740055e-06,11
2189,510290,2.200016751885414e-06,12
2190,692793,1.400010660290718e-06,11
2191,701151,3.400025889277458e-06,13
2192,103236,1.500011421740055e-06,11
2193,828840,1.4998950064182281e-06,11
2194,789278,2.200016751885414e-06,12
2195,850976,1.400010660290718e-06,11
2196,874080,1.500011421740055e-06,11
2197,600889,3.2999087125062943e-06,13
2198,538763,1.600012183189392e-06,11
2199,318204,1.500011421740055e-06,11
2200,311085,1.400010660290718e-06,11
2201,760911,1.400010660290718e-06,11
2202,769904,2.199900336563587e-06,12
2203,53578,2.200016751885414e-06,12
2204,579633,4.599918611347675e-06,14
2205,683102,3.200024366378784e-06,11
2206,433991,8.100061677396297e-06,15
2207,324876,1.500011421740055e-06,11
2208,444152,1.500011421740055e-06,11
2209,836132,2.400018274784088e-06,12
2210,757274,2.300017513334751e-06,12
2211,594965,2.500019036233425e-06,12
2212,881375,1.500011421740055e-06,11
2213,536955,1.500011421740055e-06,11
2214,494592,1.600012183189392e-06,11
2215,702415,1.4998950064182281e-06,11
2216,139531,1.500011421740055e-06,11
2217,741983,1.400010660290718e-06,11
2218,172420,1.500011421740055e-06,11
2219,46830,1.400010660290718e-06,11
2220,68133,1.500011421740055e-06,11
2221,78276,3.300025127828121e-06,13
2222,783410,1.500011421740055e-06,11
2223,725570,2.200016751885414e-06,12
2224,415979,2.300017513334751e-06,12
2225,51694,1.400010660290718e-06,11
2226,468748,7.100054062902927e-06,17
2227,223547,1.600012183189392e-06,11
2228,945600,1.500011421740055e-06,11
2229,119803,3.500026650726795e-06,13
2230,543808,4.299916326999664e-06,14
2231,690676,2.300017513334751e-06,12
2232,61754,1.400010660290718e-06,11
2233,866926,1.500011421740055e-06,11
2234,787337,1.4998950064182281e-06,11
2235,56678,3.300025127828121e-06,13
2236,268941,1.500011421740055e-06,11
2237,458268,1.600012183189392e-06,11
2238,209355,2.299901098012924e-06,12
2239,17368,4.400033503770828e-06,14
2240,947260,1.800013706088066e-06,11
2241,774686,1.500011421740055e-06,11
2242,635543,1.5998957678675652e-06,11
2243,840528,1.500011421740055e-06,11
2244,664716,1.500011421740055e-06,11
2245,426554,3.300025127828121e-06,13
2246,850927,1.4998950064182281e-06,11
2247,640910,2.200016751885414e-06,12
2248,495864,1.600012183189392e-06,11
2249,390816,2.300017513334751e-06,12
2250,793620,1.400010660290718e-06,11
2251,874633,1.500011421740055e-06,11
2252,487369,1.600012183189392e-06,11
2253,99220,3.200024366378784e-06,13
2254,696891,2.300017513334751e-06,12
2255,873382,2.300017513334751e-06,12
2256,121412,1.500011421740055e-06,11
2257,780363,2.200016751885414e-06,12
2258,907267,4.299916326999664e-06,13
2259,914246,1.600012183189392e-06,11
2260,152202,2.300017513334751e-06,12
2261,413808,1.500011421740055e-06,11
2262,506723,3.3999094739556313e-06,13
2263,833571,1.600012183189392e-06,11
2264,446825,1.600012183189392e-06,11
2265,266655,1.500011421740055e-06,11
2266,234493,4.399917088449001e-06,14
2267,281420,2.400018274784088e-06,12
2268,289579,1.600012183189392e-06,11
2269,130148,1.500011421740055e-06,11
2270,748833,1.4998950064182281e-06,11
2271,162944,1.500011421740055e-06,11
2272,627646,1.500011421740055e-06,11
2273,283601,1.500011421740055e-06,11
2274,837976,1.500011421740055e-06,11
2275,853897,1.400010660290718e-06,11
2276,935099,1.500011421740055e-06,11
2277,492902,5.600042641162872e-06,15
2278,221299,1.600012183189392e-06,11
2279,715631,4.400033503770828e-06,14
2280,219192,1.400010660290718e-06,11
2281,114780,2.300017513334751e-06,12
2282,10383,2.299901098012924e-06,12
2283,963304,2.400018274784088e-06,12
2284,739665,1.500011421740055e-06,11
2285,663099,1.500011421740055e-06,11
2286,604282,1.5998957678675652e-06,11
2287,604048,1.500011421740055e-06,11
2288,559323,1.500011421740055e-06,11
2289,739196,1.500011421740055e-06,11
2290,680817,2.400018274784088e-06,12
2291,499339,1.600012183189392e-06,11
2292,410549,4.100031219422817e-06,14
2293,595715,2.400018274784088e-06,12
2294,919182,3.2999087125062943e-06,13
2295,143658,2.300017513334751e-06,12
2296,315439,1.500011421740055e-06,11
2297,671684,1.500011421740055e-06,11
2298,648261,1.4998950064182281e-06,11
2299,988665,1.500011421740055e-06,11
2300,185187,1.400010660290718e-06,11
2301,680968,1.500011421740055e-06,11
2302,152317,1.500011421740055e-06,11
2303,904036,1.4998950064182281e-06,11
2304,467534,1.400010660290718e-06,11
2305,812573,1.500011421740055e-06,11
2306,969257,3.400025889277458e-06,13
2307,434413,1.4998950064182281e-06,11
2308,913310,5.300040356814861e-06,15
2309,410002,1.400010660290718e-06,11
2310,858024,1.500011421740055e-06,11
2311,358217,2.300017513334751e-06,12
2312,332706,1.500011421740055e-06,11
2313,385666,1.400010660290718e-06,11
2314,932596,1.400010660290718e-06,11
2315,413232,1.4998950064182281e-06,11
2316,260527,1.500011421740055e-06,11
2317,965834,2.200016751885414e-06,12
2318,718508,1.500011421740055e-06,11
2319,14562,2.09989957511425e-06,12
2320,305485,1.600012183189392e-06,11
2321,514758,2.200016751885414e-06,12
2322,249504,1.500011421740055e-06,11
2323,451836,3.899913281202316e-06,13
2324,985566,1.500011421740055e-06,11
2325,705497,1.500011421740055e-06,11
2326,870703,2.200016751885414e-06,12
2327,31075,2.299901098012924e-06,12
2328,356398,2.300017513334751e-06,12
2329,219348,2.300017513334751e-06,12
2330,56478,1.500011421740055e-06,11
2331,27348,2.199900336563587e-06,12
2332,426223,1.500011421740055e-06,11
2333,394350,2.200016751885414e-06,12
2334,227638,1.500011421740055e-06,11
2335,335568,2.200016751885414e-06,12
2336,826403,1.500011421740055e-06,11
2337,462798,1.400010660290718e-06,11
2338,306659,1.600012183189392e-06,11
2339,126948,4.499917849898338e-06,14
2340,955010,3.200024366378784e-06,13
2341,562417,1.500011421740055e-06,11
2342,244354,1.500011421740055e-06,11
2343,442033,3.2999087125062943e-06,13
2344,685636,3.400025889277458e-06,13
2345,145902,4.300032742321491e-06,14
2346,704282,1.4998950064182281e-06,11
2347,805314,1.500011421740055e-06,11
2348,828985,3.100023604929447e-06,13
2349,617482,2.300017513334751e-06,12
2350,545386,1.4998950064182281e-06,11
2351,391499,1.400010660290718e-06,11
2352,310886,2.200016751885414e-06,12
2353,154842,1.500011421740055e-06,11
2354,224491,3.4999102354049683e-06,12
2355,617258,1.600012183189392e-06,11
2356,347502,2.400018274784088e-06,12
2357,796224,1.400010660290718e-06,11
2358,815918,1.3998942449688911e-06,11
2359,404665,3.300025127828121e-06,13
2360,224282,3.300025127828121e-06,13
2361,58907,1.500011421740055e-06,11
2362,122670,2.200016751885414e-06,12
2363,161553,2.300017513334751e-06,12
2364,329699,1.500011421740055e-06,11
2365,363202,2.300017513334751e-06,12
2366,657289,6.800051778554916e-06,15
2367,236845,1.500011421740055e-06,11
2368,454203,2.400018274784088e-06,12
2369,601322,1.500011421740055e-06,11
2370,619610,1.400010660290718e-06,11
2371,422603,2.400018274784088e-06,12
2372,488991,1.500011421740055e-06,11
2373,658258,3.1999079510569572e-06,13
2374,568282,1.400010660290718e-06,11
2375,991536,1.600012183189392e-06,11
2376,727525,1.600012183189392e-06,11
2377,771377,1.4998950064182281e-06,11
2378,914790,1.600012183189392e-06,11
2379,416087,1.600012183189392e-06,11
2380,584518,1.400010660290718e-06,11
2381,479547,1.500011421740055e-06,11
2382,599060,2.300017513334751e-06,12
2383,665177,1.500011421740055e-06,11
2384,150545,6.100046448409557e-06,15
2385,798546,3.4999102354049683e-06,13
2386,282647,2.200016751885414e-06,12
2387,388193,1.500011421740055e-06,11
2388,782105,1.500011421740055e-06,11
2389,750958,4.300032742321491e-06,14
2390,644149,5.700043402612209e-06,15
2391,337171,1.4998950064182281e-06,11
2392,991938,2.300017513334751e-06,12
2393,445475,4.400033503770828e-06,14
2394,2230,1.500011421740055e-06,11
2395,342468,3.1999079510569572e-06,13
2396,455334,1.500011421740055e-06,11
2397,269393,2.200016751885414e-06,12
2398,862829,1.500011421740055e-06,11
2399,676895,1.4998950064182281e-06,11
2400,249380,3.400025889277458e-06,13
2401,932145,3.300025127828121e-06,13
2402,297789,2.299901098012924e-06,12
2403,440230,1.600012183189392e-06,11
2404,369958,1.500011421740055e-06,11
2405,552048,1.500011421740055e-06,11
2406,262297,1.500011421740055e-06,11
2407,280401,1.500011421740055e-06,11
2408,872847,1.500011421740055e-06,11
2409,182405,2.300017513334751e-06,12
2410,243005,1.600012183189392e-06,11
2411,576383,2.299901098012924e-06,12
2412,494264,5.00003807246685e-06,14
2413,763471,1.500011421740055e-06,11
2414,383136,6.199930794537067e-06,15
2415,173000,1.500011421740055e-06,11
2416,171217,2.300017513334751e-06,12
2417,198364,2.300017513334751e-06,12
2418,186635,1.600012183189392e-06,11
2419,361134,1.500011421740055e-06,11
2420,473186,2.300017513334751e-06,12
2421,388727,1.600012183189392e-06,11
2422,257421,1.500011421740055e-06,11
2423,255593,1.500011421740055e-06,11
2424,182715,1.600012183189392e-06,11
2425,380552,1.400010660290718e-06,11
2426,169470,1.400010660290718e-06,11
2427,916323,2.200016751885414e-06,12
2428,474440,1.500011421740055e-06,11
2429,380342,2.200016751885414e-06,12
2430,363944,1.3998942449688911e-06,11
2431,599793,1.500011421740055e-06,11
2432,547914,2.400018274784088e-06,12
2433,888027,1.500011421740055e-06,11
2434,52712,2.299901098012924e-06,12
2435,690683,1.600012183189392e-06,11
2436,422955,1.500011421740055e-06,11
2437,931995,1.500011421740055e-06,11
2438,142994,1.500011421740055e-06,11
2439,828946,1.4998950064182281e-06,11
2440,911660,1.400010660290718e-06,11
2441,844088,2.200016751885414e-06,12
2442,628529,2.400018274784088e-06,12
2443,992233,1.400010660290718e-06,11
2444,68892,4.300032742321491e-06,14
2445,251909,2.400018274784088e-06,12
2446,876400,3.300025127828121e-06,13
2447,207445,4.300032742321491e-06,14
2448,163390,4.400033503770828e-06,14
2449,839047,2.399901859462261e-06,12
2450,425407,2.300017513334751e-06,12
2451,85827,1.500011421740055e-06,11
2452,522162,4.300032742321491e-06,13
2453,802562,4.500034265220165e-06,14
2454,129480,1.500011421740055e-06,11
2455,254795,2.300017513334751e-06,12
2456,433602,1.4998950064182281e-06,11
2457,968912,1.500011421740055e-06,11
2458,392160,2.200016751885414e-06,12
2459,978268,2.300017513334751e-06,12
2460,126351,1.4998950064182281e-06,11
2461,28,1.600012183189392e-06,11
2462,299355,1.500011421740055e-06,11
2463,641059,1.500011421740055e-06,11
2464,831557,1.400010660290718e-06,11
2465,897185,3.400025889277458e-06,13
2466,728823,1.500011421740055e-06,11
2467,116145,1.500011421740055e-06,11
2468,171228,1.600012183189392e-06,11
2469,10220,1.4998950064182281e-06,11
2470,991001,1.600012183189392e-06,11
2471,650565,2.200016751885414e-06,12
2472,211959,1.500011421740055e-06,11
2473,408924,2.299901098012924e-06,12
2474,16281,1.400010660290718e-06,11
2475,488122,1.600012183189392e-06,11
2476,664097,2.300017513334751e-06,12
2477,626420,1.600012183189392e-06,11
2478,449458,1.400010660290718e-06,11
2479,676143,1.600012183189392e-06,11
2480,76999,1.500011421740055e-06,11
2481,609790,1.600012183189392e-06,11
2482,178919,1.500011421740055e-06,11
2483,80053,2.300017513334751e-06,12
2484,501380,2.300017513334751e-06,12
2485,306672,7.699942216277122e-06,15
2486,856743,1.700012944638729e-06,11
2487,670869,3.400025889277458e-06,13
2488,679244,1.700012944638729e-06,11
2489,16188,3.700028173625469e-06,13
2490,184209,1.600012183189392e-06,11
2491,163950,1.700012944638729e-06,11
2492,912833,1.600012183189392e-06,11
2493,575335,2.400018274784088e-06,12
2494,463397,2.300017513334751e-06,12
2495,549453,1.500011421740055e-06,11
2496,969415,1.500011421740055e-06,11
2497,491690,1.500011421740055e-06,11
2498,776482,1.500011421740055e-06,11
2499,795874,1.500011421740055e-06,11
2500,628650,1.600012183189392e-06,11
2501,414041,1.500011421740055e-06,11
2502,363663,2.400018274784088e-06,12
2503,672501,1.600012183189392e-06,11
2504,184511,2.400018274784088e-06,12
2505,595636,1.600012183189392e-06,11
2506,253734,2.300017513334751e-06,12
2507,731529,2.300017513334751e-06,12
2508,551694,3.200024366378784e-06,13
2509,730126,2.299901098012924e-06,12
2510,763442,4.200031980872154e-06,14
2511,88387,1.700012944638729e-06,11
2512,954576,1.500011421740055e-06,11
2513,975028,1.500011421740055e-06,11
2514,643393,1.500011421740055e-06,11
2515,257737,7.300055585801601e-06,17
2516,357081,1.600012183189392e-06,11
2517,553642,2.400018274784088e-06,12
2518,289762,3.400025889277458e-06,13
2519,271638,1.500011421740055e-06,11
2520,387832,2.300017513334751e-06,12
2521,385095,2.400018274784088e-06,12
2522,347659,1.500011421740055e-06,11
2523,835593,2.399901859462261e-06,12
2524,212461,2.300017513334751e-06,12
2525,437277,3.100023604929447e-06,12
2526,372406,1.700012944638729e-06,11
2527,791190,1.5998957678675652e-06,11
2528,22946,1.800013706088066e-06,11
2529,2627,3.400025889277458e-06,13
2530,982585,1.600012183189392e-06,11
2531,223873,1.4998950064182281e-06,11
2532,441059,1.600012183189392e-06,11
2533,690067,3.400025889277458e-06,13
2534,376420,3.500026650726795e-06,13
2535,180966,1.500011421740055e-06,11
2536,157651,7.800059393048286e-06,17
2537,100660,1.5998957678675652e-06,11
2538,903198,3.600027412176132e-06,13
2539,684677,1.600012183189392e-06,11
2540,608169,2.400018274784088e-06,12
2541,641438,1.4998950064182281e-06,11
2542,593025,1.500011421740055e-06,11
2543,704247,2.200016751885414e-06,12
2544,649340,3.400025889277458e-06,13
2545,351400,1.500011421740055e-06,11
2546,170865,1.500011421740055e-06,11
2547,110609,8.999952115118504e-06,18
2548,53132,1.600012183189392e-06,11
2549,700753,1.600012183189392e-06,11
2550,597727,1.500011421740055e-06,11
2551,23453,3.2999087125062943e-06,13
2552,56515,2.300017513334751e-06,12
2553,803253,2.400018274784088e-06,12
2554,310865,1.600012183189392e-06,11
2555,261345,1.500011421740055e-06,11
2556,102531,2.300017513334751e-06,12
2557,124819,3.400025889277458e-06,13
2558,175187,1.600012183189392e-06,11
2559,849501,1.500011421740055e-06,11
2560,777023,2.200016751885414e-06,12
2561,811546,1.500011421740055e-06,11
2562,336731,1.500011421740055e-06,11
2563,776232,1.500011421740055e-06,11
2564,457169,1.4998950064182281e-06,11
2565,682785,6.200047209858894e-06,16
2566,731159,1.600012183189392e-06,11
2567,884052,1.4998950064182281e-06,11
2568,828536,1.500011421740055e-06,11
2569,119867,1.500011421740055e-06,11
2570,979849,2.300017513334751e-06,12
2571,37056,1.600012183189392e-06,11
2572,224933,1.500011421740055e-06,11
2573,898203,1.500011421740055e-06,11
2574,784747,2.300017513334751e-06,12
2575,744551,1.400010660290718e-06,11
2576,632529,1.4998950064182281e-06,11
2577,379382,2.300017513334751e-06,12
2578,305686,3.500026650726795e-06,13
2579,139859,3.400025889277458e-06,13
2580,397747,2.300017513334751e-06,12
2581,354903,1.500011421740055e-06,11
2582,333421,3.300025127828121e-06,13
2583,662196,2.299901098012924e-06,12
2584,60560,1.500011421740055e-06,11
2585,479208,2.300017513334751e-06,12
2586,768340,1.500011421740055e-06,11
2587,410183,2.200016751885414e-06,12
2588,604503,3.500026650726795e-06,13
2589,606623,6.200047209858894e-06,15
2590,306480,1.4998950064182281e-06,11
2591,762126,2.200016751885414e-06,12
2592,573607,1.400010660290718e-06,11
2593,322299,1.600012183189392e-06,11
2594,782150,2.09989957511425e-06,12
2595,861059,1.500011421740055e-06,11
2596,184242,1.500011421740055e-06,11
2597,974933,3.200024366378784e-06,13
2598,43271,1.5998957678675652e-06,11
2599,825222,5.100038833916187e-06,15
2600,250973,1.500011421740055e-06,11
2601,771890,2.300017513334751e-06,12
2602,282182,1.500011421740055e-06,11
2603,832178,4.100031219422817e-06,13
2604,308397,1.600012183189392e-06,11
2605,723711,2.199900336563587e-06,12
2606,105932,2.200016751885414e-06,12
2607,590893,4.400033503770828e-06,14
2608,360002,2.600019797682762e-06,12
2609,934320,1.600012183189392e-06,11
2610,827906,2.200016751885414e-06,12
2611,835224,1.500011421740055e-06,11
2612,958251,2.200016751885414e-06,12
2613,419035,1.700012944638729e-06,11
2614,67337,2.300017513334751e-06,12
2615,372681,1.500011421740055e-06,11
2616,311017,1.500011421740055e-06,11
2617,380975,1.5998957678675652e-06,11
2618,621080,1.500011421740055e-06,11
2619,756400,1.500011421740055e-06,11
2620,696949,1.500011421740055e-06,11
2621,337805,1.500011421740055e-06,11
2622,334718,1.3998942449688911e-06,11
2623,986654,1.500011421740055e-06,11
2624,443511,2.300017513334751e-06,12
2625,102440,1.500011421740055e-06,11
2626,878551,1.3998942449688911e-06,11
2627,366847,1.500011421740055e-06,11
2628,744750,2.900022082030773e-06,12
2629,386990,1.500011421740055e-06,11
2630,178404,3.3999094739556313e-06,13
2631,871741,1.500011421740055e-06,11
2632,589008,2.300017513334751e-06,12
2633,529205,2.400018274784088e-06,12
2634,820924,4.599918611347675e-06,14
2635,641360,2.400018274784088e-06,12
2636,454076,4.399917088449001e-06,14
2637,553645,1.600012183189392e-06,11
2638,529534,1.600012183189392e-06,11
2639,139383,2.300017513334751e-06,12
2640,754339,3.2999087125062943e-06,13
2641,559300,2.300017513334751e-06,12
2642,170776,2.400018274784088e-06,12
2643,335481,2.300017513334751e-06,12
2644,901008,1.700012944638729e-06,11
2645,919814,2.300017513334751e-06,12
2646,33233,2.300017513334751e-06,12
2647,733773,2.200016751885414e-06,12
2648,723033,1.600012183189392e-06,11
2649,322580,5.100038833916187e-06,14
2650,183247,3.400025889277458e-06,13
2651,556760,2.400018274784088e-06,12
2652,240257,1.500011421740055e-06,11
2653,299137,2.400018274784088e-06,12
2654,606530,1.500011421740055e-06,11
2655,997929,1.500011421740055e-06,11
2656,781300,1.500011421740055e-06,11
2657,591474,1.600012183189392e-06,11
2658,425688,1.600012183189392e-06,11
2659,470948,1.4998950064182281e-06,11
2660,603486,1.500011421740055e-06,11
2661,197043,1.600012183189392e-06,11
2662,508785,2.300017513334751e-06,12
2663,733777,1.500011421740055e-06,11
2664,832131,1.400010660290718e-06,11
2665,58993,4.600035026669502e-06,14
2666,447742,3.400025889277458e-06,13
2667,840375,1.500011421740055e-06,11
2668,696436,3.300025127828121e-06,13
2669,387996,1.500011421740055e-06,11
2670,464485,2.300017513334751e-06,12
2671,871481,1.500011421740055e-06,11
2672,775791,1.400010660290718e-06,11
2673,886704,1.600012183189392e-06,11
2674,235725,1.500011421740055e-06,11
2675,580842,1.4998950064182281e-06,11
2676,937603,1.500011421740055e-06,11
2677,87454,5.500041879713535e-06,15
2678,518552,1.600012183189392e-06,11
2679,874154,1.500011421740055e-06,11
2680,298529,1.500011421740055e-06,11
2681,44381,1.600012183189392e-06,11
2682,614047,2.500019036233425e-06,12
2683,755252,1.4998950064182281e-06,11
2684,235287,2.300017513334751e-06,12
2685,73752,2.400018274784088e-06,12
2686,570412,1.600012183189392e-06,11
2687,588026,1.5998957678675652e-06,11
2688,11941,1.600012183189392e-06,11
2689,568961,1.400010660290718e-06,11
2690,16894,2.300017513334751e-06,12
2691,520396,1.400010660290718e-06,11
2692,68461,1.500011421740055e-06,11
2693,699811,2.400018274784088e-06,12
2694,305228,1.600012183189392e-06,11
2695,711845,3.100023604929447e-06,12
2696,399486,1.600012183189392e-06,11
2697,817190,2.400018274784088e-06,12
2698,566785,2.300017513334751e-06,12
2699,856206,4.599918611347675e-06,14
2700,339386,1.600012183189392e-06,11
2701,513111,3.600027412176132e-06,13
2702,429860,1.500011421740055e-06,11
2703,341756,1.4998950064182281e-06,11
2704,894704,1.400010660290718e-06,11
2705,735018,5.500041879713535e-06,15
2706,336559,5.599926225841045e-06,15
2707,511375,1.500011421740055e-06,11
2708,46085,2.400018274784088e-06,12
2709,506410,1.600012183189392e-06,11
2710,534446,1.500011421740055e-06,11
2711,724230,2.700020559132099e-06,11
2712,952985,1.500011421740055e-06,11
2713,106827,1.600012183189392e-06,11
2714,122923,1.3998942449688911e-06,11
2715,838099,4.400033503770828e-06,14
2716,17740,1.600012183189392e-06,11
2717,604675,1.700012944638729e-06,11
2718,971087,1.400010660290718e-06,11
2719,855369,1.500011421740055e-06,11
2720,417188,3.500026650726795e-06,13
2721,156544,3.5999109968543053e-06,13
2722,99774,2.900022082030773e-06,12
2723,25125,5.500041879713535e-06,12
2724,930384,3.8000289350748062e-06,11
2725,79395,1.1599971912801266e-05,14
2726,599983,3.3999094739556313e-06,11
2727,342617,3.100023604929447e-06,11
2728,760817,3.7999125197529793e-06,11
2729,890087,7.899943739175797e-06,13
2730,960357,5.700043402612209e-06,12
2731,350215,5.600042641162872e-06,12
2732,471370,3.3999094739556313e-06,11
2733,760683,7.6000578701496124e-06,13
2734,129456,1.2400094419717789e-05,15
2735,67143,3.8000289350748062e-06,11
2736,902973,3.7999125197529793e-06,11
2737,572934,6.5999338403344154e-06,13
2738,836910,3.4999102354049683e-06,11
2739,96672,6.00004568696022e-06,12
2740,367068,7.100054062902927e-06,12
2741,335629,3.5999109968543053e-06,11
2742,749788,5.100038833916187e-06,11
2743,881133,3.999914042651653e-06,12
2744,557920,1.600012183189392e-06,11
2745,379692,1.9000144675374031e-06,11
2746,751273,2.100015990436077e-06,11
2747,225569,2.499902620911598e-06,12
2748,304678,2.600019797682762e-06,12
2749,70067,3.500026650726795e-06,12
2750,257713,1.5998957678675652e-06,11
2751,363250,1.600012183189392e-06,11
2752,1431,2.500019036233425e-06,12
2753,317586,3.8000289350748062e-06,13
2754,971148,4.100031219422817e-06,13
2755,227647,1.0399962775409222e-05,16
2756,644183,3.500026650726795e-06,12
2757,197816,2.500019036233425e-06,11
2758,695549,3.100023604929447e-06,12
2759,214634,1.800013706088066e-06,11
2760,84413,2.300017513334751e-06,12
2761,345155,1.8998980522155762e-06,11
2762,681129,7.300055585801601e-06,13
2763,921934,2.499902620911598e-06,11
2764,570788,1.550000160932541e-05,14
2765,516188,2.700020559132099e-06,11
2766,110880,1.5998957678675652e-06,11
2767,217431,2.300017513334751e-06,11
2768,603891,3.100023604929447e-06,12
2769,493411,3.2999087125062943e-06,12
2770,40667,3.300025127828121e-06,12
2771,154843,3.100023604929447e-06,12
2772,607761,3.999914042651653e-06,13
2773,292515,2.600019797682762e-06,12
2774,912386,2.400018274784088e-06,12
2775,54244,1.500011421740055e-06,11
2776,232390,1.600012183189392e-06,11
2777,164890,1.600012183189392e-06,11
2778,490739,1.800013706088066e-06,11
2779,826774,1.9000144675374031e-06,11
2780,251139,3.400025889277458e-06,12
2781,21580,3.400025889277458e-06,11
2782,117333,2.6999041438102722e-06,12
2783,964002,2.400018274784088e-06,11
2784,846505,5.199923180043697e-06,12
2785,29201,2.600019797682762e-06,11
2786,366883,2.200016751885414e-06,11
2787,543199,2.09989957511425e-06,11
2788,826262,2.800021320581436e-06,11
2789,244943,4.100031219422817e-06,12
2790,641811,6.300047971308231e-06,13
2791,401171,1.800013706088066e-06,11
2792,970919,1.500011421740055e-06,11
2793,61385,5.00003807246685e-06,13
2794,52179,1.9000144675374031e-06,11
2795,617998,4.199915565550327e-06,13
2796,204480,1.800013706088066e-06,11
2797,225264,1.800013706088066e-06,11
2798,776788,4.100031219422817e-06,13
2799,684233,1.9000144675374031e-06,11
2800,638940,2.700020559132099e-06,12
2801,665291,4.00003045797348e-06,13
2802,171537,1.7998972907662392e-06,11
2803,898016,2.500019036233425e-06,12
2804,207787,1.700012944638729e-06,11
2805,152931,1.700012944638729e-06,11
2806,365883,5.799927748739719e-06,14
2807,793539,3.00002284348011e-06,12
2808,61526,1.500011421740055e-06,11
2809,242827,0.00036150007508695126,14
2810,931031,4.300032742321491e-06,11
2811,937673,3.700028173625469e-06,12
2812,56269,5.200039595365524e-06,13
2813,284667,3.300025127828121e-06,11
2814,924522,2.100015990436077e-06,11
2815,284592,7.5999414548277855e-06,13
2816,570313,4.500034265220165e-06,12
2817,122868,5.09992241859436e-06,12
2818,28846,1.1899974197149277e-05,16
2819,826191,3.00002284348011e-06,12
2820,417948,2.00001522898674e-06,11
2821,6696,2.6999041438102722e-06,12
2822,183500,1.800013706088066e-06,11
2823,453763,1.500011421740055e-06,11
2824,373431,2.300017513334751e-06,12
2825,11106,1.5998957678675652e-06,11
2826,394711,1.500011421740055e-06,11
2827,385406,4.500034265220165e-06,14
2828,222635,1.600012183189392e-06,11
2829,216868,3.3999094739556313e-06,13
2830,889960,2.400018274784088e-06,12
2831,642338,2.00001522898674e-06,11
2832,747197,2.09989957511425e-06,11
2833,310600,1.700012944638729e-06,11
2834,948224,1.9000144675374031e-06,11
2835,562186,2.700020559132099e-06,12
2836,733302,1.4998950064182281e-06,11
2837,434288,4.200031980872154e-06,13
2838,494872,1.500011421740055e-06,11
2839,858190,2.7999049052596092e-06,12
2840,21489,2.800021320581436e-06,12
2841,526910,2.400018274784088e-06,12
2842,894364,1.279998105019331e-05,14
2843,145433,2.09989957511425e-06,11
2844,277754,2.400018274784088e-06,12
2845,395896,3.300025127828121e-06,13
2846,645006,1.600012183189392e-06,11
2847,87366,1.5998957678675652e-06,11
2848,229232,1.500011421740055e-06,11
2849,855483,2.200016751885414e-06,12
2850,684140,2.300017513334751e-06,12
2851,447275,2.299901098012924e-06,12
2852,337131,2.400018274784088e-06,12
2853,178552,1.500011421740055e-06,11
2854,859655,4.599918611347675e-06,13
2855,207388,1.600012183189392e-06,11
2856,631247,1.500011421740055e-06,11
2857,358062,1.600012183189392e-06,11
2858,220039,2.300017513334751e-06,12
2859,376097,1.600012183189392e-06,11
2860,176264,1.600012183189392e-06,11
2861,880406,1.600012183189392e-06,11
2862,176124,2.299901098012924e-06,12
2863,425645,6.600050255656242e-06,16
2864,205481,1.700012944638729e-06,11
2865,703508,2.399901859462261e-06,12
2866,334642,1.600012183189392e-06,11
2867,724103,5.600042641162872e-06,15
2868,781053,3.3999094739556313e-06,13
2869,119108,1.500011421740055e-06,11
2870,97943,1.500011421740055e-06,11
2871,893757,1.500011421740055e-06,11
2872,197039,3.2999087125062943e-06,13
2873,425894,1.600012183189392e-06,11
2874,483270,3.200024366378784e-06,13
2875,639575,1.600012183189392e-06,11
2876,229262,2.200016751885414e-06,12
2877,406296,1.600012183189392e-06,11
2878,970511,4.500034265220165e-06,14
2879,376993,1.4998950064182281e-06,11
2880,246658,1.400010660290718e-06,11
2881,710005,1.500011421740055e-06,11
2882,608353,1.500011421740055e-06,11
2883,813219,1.600012183189392e-06,11
2884,664542,1.4998950064182281e-06,11
2885,25859,1.600012183189392e-06,11
2886,418757,2.100015990436077e-06,12
2887,886318,1.400010660290718e-06,11
2888,525296,1.600012183189392e-06,11
2889,496365,2.300017513334751e-06,12
2890,268635,7.500057108700275e-06,14
2891,75450,1.4998950064182281e-06,11
2892,877009,2.300017513334751e-06,12
2893,832511,1.500011421740055e-06,11
2894,303204,2.500019036233425e-06,12
2895,370944,1.700012944638729e-06,11
2896,861143,1.700012944638729e-06,11
2897,326458,1.500011421740055e-06,11
2898,55486,1.600012183189392e-06,11
2899,604171,3.600027412176132e-06,13
2900,212562,1.600012183189392e-06,11
2901,577147,1.600012183189392e-06,11
2902,218691,2.300017513334751e-06,12
2903,735560,1.500011421740055e-06,11
2904,377457,4.400033503770828e-06,14
2905,932779,1.700012944638729e-06,11
2906,914901,1.600012183189392e-06,11
2907,950540,1.500011421740055e-06,11
2908,449650,2.400018274784088e-06,12
2909,75924,1.500011421740055e-06,11
2910,9713,1.600012183189392e-06,11
2911,906228,2.300017513334751e-06,12
2912,638284,1.600012183189392e-06,11
2913,146259,1.600012183189392e-06,11
2914,783165,1.700012944638729e-06,11
2915,826727,3.300025127828121e-06,13
2916,209301,1.5998957678675652e-06,11
2917,37469,2.400018274784088e-06,12
2918,829223,1.500011421740055e-06,11
2919,331316,3.600027412176132e-06,13
2920,681121,1.600012183189392e-06,11
2921,422312,1.500011421740055e-06,11
2922,238308,1.600012183189392e-06,11
2923,890390,1.600012183189392e-06,11
2924,871838,2.399901859462261e-06,12
2925,999063,1.500011421740055e-06,11
2926,755303,2.600019797682762e-06,12
2927,895327,1.600012183189392e-06,11
2928,546034,1.600012183189392e-06,11
2929,317217,1.600012183189392e-06,11
2930,607001,1.500011421740055e-06,11
2931,461391,4.200031980872154e-06,13
2932,583708,2.399901859462261e-06,12
2933,924655,2.300017513334751e-06,12
2934,744753,1.700012944638729e-06,11
2935,771098,5.199923180043697e-06,15
2936,577389,1.600012183189392e-06,11
2937,418666,1.500011421740055e-06,11
2938,755784,1.500011421740055e-06,11
2939,380388,1.500011421740055e-06,11
2940,954469,2.399901859462261e-06,12
2941,583169,1.600012183189392e-06,11
2942,575318,1.600012183189392e-06,11
2943,725405,1.600012183189392e-06,11
2944,984780,1.600012183189392e-06,11
2945,205927,2.300017513334751e-06,12
2946,467707,4.800036549568176e-06,14
2947,413894,4.899920895695686e-06,14
2948,295310,2.400018274784088e-06,12
2949,823535,1.600012183189392e-06,11
2950,938920,1.500011421740055e-06,11
2951,24684,1.4998950064182281e-06,11
2952,644755,2.300017513334751e-06,12
2953,549109,4.500034265220165e-06,13
2954,364490,1.500011421740055e-06,11
2955,457714,3.500026650726795e-06,13
2956,515301,1.500011421740055e-06,11
2957,720557,1.500011421740055e-06,11
2958,661363,2.199900336563587e-06,12
2959,33013,1.500011421740055e-06,11
2960,760830,1.500011421740055e-06,11
2961,541369,1.500011421740055e-06,11
2962,732378,1.500011421740055e-06,11
2963,316492,2.299901098012924e-06,12
2964,943897,1.400010660290718e-06,11
2965,270983,1.500011421740055e-06,11
2966,645127,1.500011421740055e-06,11
2967,536015,1.500011421740055e-06,11
2968,51194,1.600012183189392e-06,11
2969,908407,1.600012183189392e-06,11
2970,457768,1.500011421740055e-06,11
2971,680651,1.500011421740055e-06,11
2972,448365,1.4998950064182281e-06,11
2973,931449,1.500011421740055e-06,11
2974,194113,3.500026650726795e-06,13
2975,691944,1.500011421740055e-06,11
2976,672626,2.399901859462261e-06,12
2977,349491,1.600012183189392e-06,11
2978,600224,7.400056347250938e-06,17
2979,847392,1.600012183189392e-06,11
2980,572146,2.400018274784088e-06,12
2981,385610,1.500011421740055e-06,11
2982,883905,2.499902620911598e-06,12
2983,298886,1.500011421740055e-06,11
2984,169495,3.400025889277458e-06,13
2985,83870,2.400018274784088e-06,12
2986,821613,2.499902620911598e-06,12
2987,657762,1.600012183189392e-06,11
2988,195442,2.500019036233425e-06,12
2989,25728,5.699926987290382e-06,15
2990,378973,2.400018274784088e-06,12
2991,211214,1.600012183189392e-06,11
2992,773320,1.500011421740055e-06,11
2993,93613,4.699919372797012e-06,14
2994,631489,2.300017513334751e-06,12
2995,601488,1.500011421740055e-06,11
2996,512618,1.700012944638729e-06,11
2997,8769,5.400041118264198e-06,14
2998,728632,6.300047971308231e-06,14
2999,520521,1.600012183189392e-06,11
3000,677846,1.500011421740055e-06,11
3001,895999,2.300017513334751e-06,12
3002,797146,1.600012183189392e-06,11
3003,352309,3.500026650726795e-06,13
3004,68807,2.400018274784088e-06,12
3005,168752,1.600012183189392e-06,11
3006,804529,1.500011421740055e-06,11
3007,598980,1.500011421740055e-06,11
3008,225838,1.500011421740055e-06,11
3009,927864,1.500011421740055e-06,11
3010,580167,3.400025889277458e-06,13
3011,131517,2.400018274784088e-06,12
3012,227592,1.400010660290718e-06,11
3013,342451,2.400018274784088e-06,12
3014,32901,3.2999087125062943e-06,13
3015,43993,2.200016751885414e-06,12
3016,942623,1.500011421740055e-06,11
3017,46522,1.500011421740055e-06,11
3018,596092,3.3999094739556313e-06,13
3019,497948,1.600012183189392e-06,11
3020,281512,1.500011421740055e-06,11
3021,969304,2.300017513334751e-06,12
3022,286736,1.500011421740055e-06,11
3023,239745,2.300017513334751e-06,12
3024,468364,1.500011421740055e-06,11
3025,254761,1.600012183189392e-06,11
3026,198923,1.500011421740055e-06,11
3027,679905,1.4998950064182281e-06,11
3028,844228,1.500011421740055e-06,11
3029,734593,1.600012183189392e-06,11
3030,907439,2.300017513334751e-06,12
3031,144535,1.600012183189392e-06,11
3032,265101,3.400025889277458e-06,13
3033,420044,1.500011421740055e-06,11
3034,244053,1.500011421740055e-06,11
3035,319768,1.500011421740055e-06,11
3036,834171,1.4998950064182281e-06,11
3037,833798,7.100054062902927e-06,16
3038,652155,4.699919372797012e-06,14
3039,59968,1.500011421740055e-06,11
3040,176104,1.600012183189392e-06,11
3041,435907,1.500011421740055e-06,11
3042,450646,1.500011421740055e-06,11
3043,138279,1.500011421740055e-06,11
3044,236346,2.300017513334751e-06,12
3045,390363,1.600012183189392e-06,11
3046,937854,1.500011421740055e-06,11
3047,71554,1.4998950064182281e-06,11
3048,358680,1.500011421740055e-06,11
3049,979741,1.600012183189392e-06,11
3050,272002,2.300017513334751e-06,12
3051,931724,1.500011421740055e-06,11
3052,659988,1.500011421740055e-06,11
3053,669776,1.500011421740055e-06,11
3054,676782,2.500019036233425e-06,12
3055,426704,1.600012183189392e-06,11
3056,60578,2.300017513334751e-06,12
3057,356617,7.100054062902927e-06,16
3058,394456,1.5998957678675652e-06,11
3059,960071,1.700012944638729e-06,11
3060,521859,1.700012944638729e-06,11
3061,669003,2.400018274784088e-06,12
3062,611358,1.600012183189392e-06,11
3063,231494,2.300017513334751e-06,12
3064,569318,1.800013706088066e-06,11
3065,758413,1.700012944638729e-06,11
3066,71168,3.3999094739556313e-06,13
3067,123719,1.500011421740055e-06,11
3068,132396,1.600012183189392e-06,11
3069,148861,1.600012183189392e-06,11
3070,506680,2.300017513334751e-06,12
3071,60317,5.400041118264198e-06,15
3072,327857,2.500019036233425e-06,12
3073,276777,1.600012183189392e-06,11
3074,527689,1.600012183189392e-06,11
3075,293866,3.300025127828121e-06,13
3076,973805,1.700012944638729e-06,11
3077,405522,1.600012183189392e-06,11
3078,597839,2.400018274784088e-06,12
3079,698222,8.299946784973145e-06,18
3080,504880,1.800013706088066e-06,11
3081,701712,2.400018274784088e-06,12
3082,103886,6.6999346017837524e-06,16
3083,669952,4.900037311017513e-06,14
3084,843362,3.400025889277458e-06,13
3085,477909,1.600012183189392e-06,11
3086,412428,2.500019036233425e-06,12
3087,751631,1.600012183189392e-06,11
3088,348689,4.799920134246349e-06,14
3089,641923,2.500019036233425e-06,12
3090,414852,1.600012183189392e-06,11
3091,85825,4.999921657145023e-06,13
3092,407789,2.400018274784088e-06,12
3093,420493,3.500026650726795e-06,13
3094,123701,4.199915565550327e-06,14
3095,723908,1.500011421740055e-06,11
3096,424376,1.500011421740055e-06,11
3097,595843,1.500011421740055e-06,11
3098,615945,1.500011421740055e-06,11
3099,432410,2.299901098012924e-06,12
3100,611559,1.500011421740055e-06,11
3101,349370,2.200016751885414e-06,12
3102,83648,1.600012183189392e-06,11
3103,896587,1.4998950064182281e-06,11
3104,42703,1.600012183189392e-06,11
3105,167475,1.500011421740055e-06,11
3106,596139,4.400033503770828e-06,14
3107,695884,1.4998950064182281e-06,11
3108,795220,1.600012183189392e-06,11
3109,786125,1.500011421740055e-06,11
3110,918180,1.500011421740055e-06,11
3111,982771,2.300017513334751e-06,12
3112,463825,1.500011421740055e-06,11
3113,778623,4.400033503770828e-06,14
3114,430566,2.300017513334751e-06,12
3115,962459,1.4998950064182281e-06,11
3116,981966,2.200016751885414e-06,12
3117,22634,1.500011421740055e-06,11
3118,99585,1.600012183189392e-06,11
3119,611231,6.3999323174357414e-06,16
3120,957093,1.600012183189392e-06,11
3121,772905,2.300017513334751e-06,12
3122,241416,1.500011421740055e-06,11
3123,384292,2.300017513334751e-06,12
3124,492800,2.300017513334751e-06,12
3125,49423,2.400018274784088e-06,12
3126,198598,2.299901098012924e-06,12
3127,856922,1.500011421740055e-06,11
3128,876936,1.500011421740055e-06,11
3129,777003,1.400010660290718e-06,11
3130,371089,1.600012183189392e-06,11
3131,478530,1.5998957678675652e-06,11
3132,23170,1.400010660290718e-06,11
3133,750647,2.300017513334751e-06,12
3134,103346,1.500011421740055e-06,11
3135,641993,1.600012183189392e-06,11
3136,324073,1.500011421740055e-06,11
3137,346645,2.300017513334751e-06,12
3138,104775,1.600012183189392e-06,11
3139,883427,3.300025127828121e-06,13
3140,646380,1.600012183189392e-06,11
3141,717361,2.200016751885414e-06,12
3142,473197,1.500011421740055e-06,11
3143,746710,3.300025127828121e-06,13
3144,541353,2.300017513334751e-06,12
3145,49196,1.600012183189392e-06,11
3146,657299,1.400010660290718e-06,11
3147,8815,1.400010660290718e-06,11
3148,870023,1.500011421740055e-06,11
3149,103944,3.00002284348011e-06,12
3150,669343,1.600012183189392e-06,11
3151,784528,1.500011421740055e-06,11
3152,901713,1.4998950064182281e-06,11
3153,689859,1.400010660290718e-06,11
3154,472209,1.400010660290718e-06,11
3155,180053,5.400041118264198e-06,15
3156,365459,1.600012183189392e-06,11
3157,48947,7.400056347250938e-06,17
3158,27287,1.600012183189392e-06,11
3159,881383,1.600012183189392e-06,11
3160,486498,2.500019036233425e-06,12
3161,668072,2.300017513334751e-06,12
3162,1770,1.500011421740055e-06,11
3163,417930,2.400018274784088e-06,12
3164,833656,2.200016751885414e-06,12
3165,808704,1.500011421740055e-06,11
3166,350485,1.500011421740055e-06,11
3167,154685,1.500011421740055e-06,11
3168,71548,1.500011421740055e-06,11
3169,980896,1.600012183189392e-06,11
3170,313027,1.600012183189392e-06,11
3171,364369,3.400025889277458e-06,13
3172,976504,1.500011421740055e-06,11
3173,507729,1.500011421740055e-06,11
3174,109822,1.3998942449688911e-06,11
3175,195516,1.500011421740055e-06,11
3176,329525,1.500011421740055e-06,11
3177,38162,1.500011421740055e-06,11
3178,754930,1.500011421740055e-06,11
3179,346768,1.400010660290718e-06,11
3180,440239,2.300017513334751e-06,12
3181,231101,1.500011421740055e-06,11
3182,185005,3.100023604929447e-06,12
3183,537469,3.600027412176132e-06,13
3184,989668,3.300025127828121e-06,13
3185,435167,1.600012183189392e-06,11
3186,564446,1.5998957678675652e-06,11
3187,670163,1.500011421740055e-06,11
3188,861353,2.400018274784088e-06,12
3189,80556,1.500011421740055e-06,11
3190,750397,1.400010660290718e-06,11
3191,604896,1.500011421740055e-06,11
3192,33414,1.500011421740055e-06,11
3193,518576,2.300017513334751e-06,12
3194,83786,1.400010660290718e-06,11
3195,702033,1.500011421740055e-06,11
3196,223068,1.600012183189392e-06,11
3197,349662,3.600027412176132e-06,13
3198,292188,1.600012183189392e-06,11
3199,797013,1.500011421740055e-06,11
3200,742620,4.300032742321491e-06,14
3201,708505,1.600012183189392e-06,11
3202,536611,1.600012183189392e-06,11
3203,222140,2.299901098012924e-06,12
3204,765045,1.500011421740055e-06,11
3205,94706,1.500011421740055e-06,11
3206,213555,2.400018274784088e-06,12
3207,354230,2.399901859462261e-06,12
3208,371108,2.400018274784088e-06,12
3209,486785,1.600012183189392e-06,11
3210,152702,2.400018274784088e-06,12
3211,423486,2.299901098012924e-06,12
3212,900106,1.500011421740055e-06,11
3213,676958,1.600012183189392e-06,11
3214,794365,1.500011421740055e-06,11
3215,753673,1.500011421740055e-06,11
3216,989172,1.500011421740055e-06,11
3217,659030,7.100054062902927e-06,14
3218,188458,2.400018274784088e-06,12
3219,223637,2.400018274784088e-06,12
3220,135331,4.400033503770828e-06,14
3221,520592,2.300017513334751e-06,12
3222,203101,1.500011421740055e-06,11
3223,546099,2.400018274784088e-06,12
3224,432231,4.300032742321491e-06,14
3225,301449,4.299916326999664e-06,14
3226,850339,2.400018274784088e-06,12
3227,680557,6.3999323174357414e-06,16
3228,918350,2.300017513334751e-06,12
3229,766478,3.300025127828121e-06,13
3230,179192,2.300017513334751e-06,12
3231,944732,3.5999109968543053e-06,13
3232,798770,1.500011421740055e-06,11
3233,444102,1.400010660290718e-06,11
3234,608634,2.400018274784088e-06,12
3235,471439,2.400018274784088e-06,12
3236,57136,1.500011421740055e-06,11
3237,572807,1.500011421740055e-06,11
3238,246075,3.300025127828121e-06,13
3239,51485,1.500011421740055e-06,11
3240,704977,1.500011421740055e-06,11
3241,824418,5.00003807246685e-06,14
3242,564270,4.199915565550327e-06,13
3243,249118,2.400018274784088e-06,12
3244,261498,5.300040356814861e-06,15
3245,9987,3.300025127828121e-06,13
3246,295333,1.600012183189392e-06,11
3247,513700,1.500011421740055e-06,11
3248,92757,1.400010660290718e-06,11
3249,828054,1.400010660290718e-06,11
3250,779555,1.500011421740055e-06,11
3251,607262,2.200016751885414e-06,12
3252,238030,3.600027412176132e-06,13
3253,968139,1.500011421740055e-06,11
3254,719011,1.500011421740055e-06,11
3255,52484,3.400025889277458e-06,13
3256,347543,1.600012183189392e-06,11
3257,474199,3.2999087125062943e-06,13
3258,122197,1.500011421740055e-06,11
3259,847743,5.300040356814861e-06,15
3260,439596,1.4998950064182281e-06,11
3261,154114,4.300032742321491e-06,14
3262,429830,1.500011421740055e-06,11
3263,648689,1.400010660290718e-06,11
3264,222184,3.400025889277458e-06,13
3265,418179,1.500011421740055e-06,11
3266,319757,3.200024366378784e-06,13
3267,385063,1.500011421740055e-06,11
3268,796025,2.400018274784088e-06,12
3269,95158,2.300017513334751e-06,12
3270,497625,3.300025127828121e-06,13
3271,253193,1.600012183189392e-06,11
3272,708107,2.200016751885414e-06,12
3273,499900,2.400018274784088e-06,12
3274,57280,2.400018274784088e-06,12
3275,118544,4.300032742321491e-06,13
3276,713842,2.400018274784088e-06,12
3277,829510,2.400018274784088e-06,12
3278,946178,3.200024366378784e-06,12
3279,279274,1.700012944638729e-06,11
3280,421955,1.500011421740055e-06,11
3281,868764,2.500019036233425e-06,12
3282,499776,1.600012183189392e-06,11
3283,496497,1.400010660290718e-06,11
3284,815760,3.300025127828121e-06,13
3285,933891,2.400018274784088e-06,12
3286,537492,1.600012183189392e-06,11
3287,879955,3.400025889277458e-06,13
3288,931095,3.400025889277458e-06,13
3289,263845,2.300017513334751e-06,12
3290,335330,2.400018274784088e-06,12
3291,776259,1.4998950064182281e-06,11
3292,773325,1.500011421740055e-06,11
3293,225513,2.200016751885414e-06,12
3294,134334,2.300017513334751e-06,12
3295,192905,1.600012183189392e-06,11
3296,128459,2.200016751885414e-06,12
3297,915825,1.600012183189392e-06,11
3298,118079,1.500011421740055e-06,11
3299,215162,1.500011421740055e-06,11
3300,341594,1.6998965293169022e-06,11
3301,341384,1.500011421740055e-06,11
3302,304871,1.600012183189392e-06,11
3303,429717,3.500026650726795e-06,13
3304,83677,6.199930794537067e-06,14
3305,463806,2.500019036233425e-06,12
3306,271561,1.500011421740055e-06,11
3307,153785,1.4998950064182281e-06,11
3308,962752,3.300025127828121e-06,13
3309,140011,1.600012183189392e-06,11
3310,473787,2.400018274784088e-06,12
3311,314057,4.500034265220165e-06,14
3312,812013,1.500011421740055e-06,11
3313,804453,3.400025889277458e-06,13
3314,227404,2.199900336563587e-06,12
3315,278688,1.600012183189392e-06,11
3316,338115,3.300025127828121e-06,13
3317,49610,1.500011421740055e-06,11
3318,113109,2.299901098012924e-06,12
3319,188985,1.500011421740055e-06,11
3320,273723,1.600012183189392e-06,11
3321,519049,1.500011421740055e-06,11
3322,911806,1.500011421740055e-06,11
3323,912952,3.400025889277458e-06,13
3324,496602,4.300032742321491e-06,13
3325,593034,3.5999109968543053e-06,13
3326,75063,1.600012183189392e-06,11
3327,533129,3.300025127828121e-06,13
3328,820439,1.600012183189392e-06,11
3329,407208,1.5998957678675652e-06,11
3330,517701,2.200016751885414e-06,12
3331,434680,2.300017513334751e-06,12
3332,113466,1.500011421740055e-06,11
3333,416250,2.399901859462261e-06,12
3334,748203,2.400018274784088e-06,12
3335,740575,2.200016751885414e-06,12
3336,622956,1.600012183189392e-06,11
3337,322803,1.5998957678675652e-06,11
3338,152240,3.300025127828121e-06,13
3339,636046,1.600012183189392e-06,11
3340,648110,3.600027412176132e-06,13
3341,299451,1.600012183189392e-06,11
3342,509322,1.500011421740055e-06,11
3343,938689,2.300017513334751e-06,12
3344,585703,1.600012183189392e-06,11
3345,216620,1.5998957678675652e-06,11
3346,810096,1.500011421740055e-06,11
3347,161851,1.500011421740055e-06,11
3348,302144,1.600012183189392e-06,11
3349,944558,1.500011421740055e-06,11
3350,77710,2.399901859462261e-06,12
3351,954559,1.500011421740055e-06,11
3352,255418,1.400010660290718e-06,11
3353,36054,1.500011421740055e-06,11
3354,449779,3.2999087125062943e-06,13
3355,14472,1.500011421740055e-06,11
3356,229157,1.500011421740055e-06,11
3357,394869,2.200016751885414e-06,12
3358,965308,1.500011421740055e-06,11
3359,84112,1.500011421740055e-06,11
3360,806384,1.500011421740055e-06,11
3361,512060,2.500019036233425e-06,12
3362,536759,2.300017513334751e-06,12
3363,720322,3.300025127828121e-06,13
3364,928775,1.500011421740055e-06,11
3365,614803,3.400025889277458e-06,13
3366,488756,2.299901098012924e-06,12
3367,907555,1.600012183189392e-06,11
3368,534740,2.200016751885414e-06,12
3369,907556,7.4999406933784485e-06,17
3370,99083,3.300025127828121e-06,13
3371,71419,2.400018274784088e-06,12
3372,87855,2.299901098012924e-06,12
3373,265676,1.500011421740055e-06,11
3374,341546,1.1399970389902592e-05,20
3375,931501,2.500019036233425e-06,13
3376,926080,4.300032742321491e-06,15
3377,925761,1.5998957678675652e-06,12
3378,291493,6.600050255656242e-06,17
3379,422580,3.400025889277458e-06,14
3380,550597,2.600019797682762e-06,13
3381,729070,1.600012183189392e-06,12
3382,827879,1.600012183189392e-06,12
3383,600653,1.600012183189392e-06,12
3384,402398,1.600012183189392e-06,12
3385,637422,1.500011421740055e-06,12
3386,51293,2.400018274784088e-06,13
3387,710448,3.7999125197529793e-06,14
3388,932960,2.500019036233425e-06,13
3389,641477,1.700012944638729e-06,12
3390,487840,3.8000289350748062e-06,14
3391,183708,2.399901859462261e-06,13
3392,971195,1.600012183189392e-06,12
3393,293779,1.600012183189392e-06,12
3394,131348,1.500011421740055e-06,12
3395,282126,4.399917088449001e-06,15
3396,460618,1.700012944638729e-06,12
3397,351166,1.700012944638729e-06,12
3398,548239,1.600012183189392e-06,12
3399,951818,1.5998957678675652e-06,12
3400,15379,2.300017513334751e-06,13
3401,378770,1.500011421740055e-06,12
3402,225358,1.600012183189392e-06,12
3403,268444,1.500011421740055e-06,12
3404,292160,1.400010660290718e-06,12
3405,811025,3.500026650726795e-06,14
3406,426016,2.400018274784088e-06,13
3407,731816,4.399917088449001e-06,14
3408,213716,1.700012944638729e-06,12
3409,915533,4.400033503770828e-06,15
3410,859114,1.6998965293169022e-06,12
3411,680948,2.400018274784088e-06,13
3412,476233,4.500034265220165e-06,15
3413,239946,1.600012183189392e-06,12
3414,409271,1.700012944638729e-06,12
3415,480304,1.800013706088066e-06,12
3416,446288,1.600012183189392e-06,12
3417,503870,1.600012183189392e-06,12
3418,64355,1.5998957678675652e-06,12
3419,186123,1.700012944638729e-06,12
3420,597002,1.600012183189392e-06,12
3421,805953,2.600019797682762e-06,13
3422,576570,1.700012944638729e-06,12
3423,665298,1.600012183189392e-06,12
3424,899289,2.500019036233425e-06,13
3425,455444,1.700012944638729e-06,12
3426,385509,2.600019797682762e-06,13
3427,37310,4.500034265220165e-06,15
3428,989576,1.700012944638729e-06,12
3429,582005,1.600012183189392e-06,12
3430,124719,1.5998957678675652e-06,12
3431,3630,1.700012944638729e-06,12
3432,861828,2.400018274784088e-06,13
3433,259392,2.400018274784088e-06,13
3434,205568,2.6999041438102722e-06,13
3435,467972,1.700012944638729e-06,12
3436,218996,1.800013706088066e-06,12
3437,586177,1.700012944638729e-06,12
3438,358923,2.499902620911598e-06,13
3439,554266,5.300040356814861e-06,15
3440,318568,1.600012183189392e-06,12
3441,731229,2.399901859462261e-06,13
3442,215066,4.600035026669502e-06,15
3443,691933,4.600035026669502e-06,15
3444,836479,3.3999094739556313e-06,14
3445,498517,1.700012944638729e-06,12
3446,885148,2.400018274784088e-06,13
3447,989552,2.500019036233425e-06,13
3448,500923,1.800013706088066e-06,12
3449,275684,1.500011421740055e-06,12
3450,1807,8.499948307871819e-06,17
3451,976858,2.500019036233425e-06,13
3452,600805,2.400018274784088e-06,13
3453,341920,1.700012944638729e-06,12
3454,4699,1.6998965293169022e-06,12
3455,289739,1.500011421740055e-06,12
3456,844799,2.400018274784088e-06,13
3457,439578,5.399924702942371e-06,16
3458,117991,2.600019797682762e-06,13
3459,610785,2.400018274784088e-06,13
3460,577554,2.300017513334751e-06,13
3461,966924,1.6998965293169022e-06,12
3462,53904,1.600012183189392e-06,12
3463,140266,2.500019036233425e-06,13
3464,33002,1.700012944638729e-06,12
3465,201249,1.5998957678675652e-06,12
3466,864109,1.600012183189392e-06,12
3467,806409,1.800013706088066e-06,12
3468,786964,3.600027412176132e-06,14
3469,823100,1.6998965293169022e-06,12
3470,495301,1.800013706088066e-06,12
3471,817729,1.700012944638729e-06,12
3472,886225,5.399924702942371e-06,15
3473,591138,1.700012944638729e-06,12
3474,287239,1.500011421740055e-06,12
3475,677082,4.800036549568176e-06,15
3476,752981,2.500019036233425e-06,13
3477,638030,3.400025889277458e-06,14
3478,59393,1.600012183189392e-06,12
3479,504028,2.499902620911598e-06,13
3480,669265,2.500019036233425e-06,13
3481,938583,1.700012944638729e-06,12
3482,750171,6.5999338403344154e-06,17
3483,611721,2.400018274784088e-06,13
3484,718287,1.700012944638729e-06,12
3485,362356,2.300017513334751e-06,13
3486,174844,5.299923941493034e-06,15
3487,932781,1.700012944638729e-06,12
3488,911887,2.400018274784088e-06,13
3489,603582,3.4999102354049683e-06,14
3490,590321,2.400018274784088e-06,13
3491,373127,2.600019797682762e-06,13
3492,937903,3.4999102354049683e-06,14
3493,408183,1.800013706088066e-06,12
3494,568870,3.400025889277458e-06,14
3495,750063,1.600012183189392e-06,12
3496,645721,2.400018274784088e-06,13
3497,919753,1.600012183189392e-06,12
3498,954963,1.600012183189392e-06,12
3499,76079,2.300017513334751e-06,13
3500,246487,3.0999071896076202e-06,13
3501,288481,3.899913281202316e-06,13
3502,155911,1.700012944638729e-06,12
3503,400499,4.300032742321491e-06,14
3504,258683,2.8999056667089462e-06,13
3505,188776,5.00003807246685e-06,15
3506,569506,2.200016751885414e-06,12
3507,48083,1.6998965293169022e-06,12
3508,748887,1.9000144675374031e-06,12
3509,479277,1.800013706088066e-06,12
3510,52644,1.700012944638729e-06,12
3511,839435,1.6998965293169022e-06,12
3512,840132,2.400018274784088e-06,13
3513,945875,2.00001522898674e-06,12
3514,559657,1.9000144675374031e-06,12
3515,167113,1.6998965293169022e-06,12
3516,894824,2.00001522898674e-06,12
3517,160221,1.600012183189392e-06,12
3518,953458,1.500011421740055e-06,12
3519,651616,1.800013706088066e-06,12
3520,420271,2.100015990436077e-06,12
3521,733969,2.500019036233425e-06,13
3522,936664,1.600012183189392e-06,12
3523,684902,4.09991480410099e-06,14
3524,697115,1.700012944638729e-06,12
3525,577642,1.9000144675374031e-06,12
3526,878624,2.500019036233425e-06,13
3527,786193,1.7998972907662392e-06,12
3528,511410,2.600019797682762e-06,13
3529,775926,2.600019797682762e-06,13
3530,658292,1.700012944638729e-06,12
3531,817594,2.599903382360935e-06,13
3532,209342,2.500019036233425e-06,13
3533,731004,1.800013706088066e-06,12
3534,894878,5.399924702942371e-06,15
3535,77528,1.9000144675374031e-06,12
3536,347039,1.9000144675374031e-06,12
3537,748452,3.600027412176132e-06,14
3538,462313,1.9000144675374031e-06,12
3539,692371,1.9000144675374031e-06,12
3540,954555,4.700035788118839e-06,15
3541,303892,2.09989957511425e-06,12
3542,205313,1.700012944638729e-06,12
3543,274412,2.700020559132099e-06,13
3544,418763,2.600019797682762e-06,13
3545,810468,1.800013706088066e-06,12
3546,371492,6.600050255656242e-06,16
3547,26215,1.800013706088066e-06,12
3548,388737,3.700028173625469e-06,14
3549,580602,2.00001522898674e-06,12
3550,364072,1.600012183189392e-06,12
3551,250186,2.500019036233425e-06,13
3552,646886,1.800013706088066e-06,12
3553,864804,1.600012183189392e-06,12
3554,859433,1.700012944638729e-06,12
3555,302977,1.800013706088066e-06,12
3556,572021,1.6998965293169022e-06,12
3557,293749,2.600019797682762e-06,13
3558,356703,1.700012944638729e-06,12
3559,435362,1.9000144675374031e-06,12
3560,332024,1.8998980522155762e-06,12
3561,380786,3.600027412176132e-06,14
3562,328972,4.500034265220165e-06,15
3563,174763,1.999898813664913e-06,12
3564,492733,1.700012944638729e-06,12
3565,668673,1.700012944638729e-06,12
3566,311916,1.700012944638729e-06,12
3567,108014,1.6998965293169022e-06,12
3568,762522,1.700012944638729e-06,12
3569,410535,1.700012944638729e-06,12
3570,906789,1.600012183189392e-06,12
3571,832280,2.400018274784088e-06,13
3572,16627,1.700012944638729e-06,12
3573,386950,1.600012183189392e-06,12
3574,748643,1.500011421740055e-06,12
3575,485326,2.500019036233425e-06,13
3576,95608,1.6998965293169022e-06,12
3577,113946,3.200024366378784e-06,13
3578,173775,2.500019036233425e-06,13
3579,245886,1.700012944638729e-06,12
3580,457005,1.700012944638729e-06,12
3581,130773,3.500026650726795e-06,14
3582,219231,1.9000144675374031e-06,12
3583,261061,1.600012183189392e-06,12
3584,285154,1.700012944638729e-06,12
3585,307779,2.500019036233425e-06,13
3586,641035,1.800013706088066e-06,12
3587,238844,1.600012183189392e-06,12
3588,839838,3.2999087125062943e-06,14
3589,929735,2.600019797682762e-06,13
3590,676503,1.9000144675374031e-06,12
3591,735694,2.499902620911598e-06,13
3592,351750,2.600019797682762e-06,13
3593,381363,1.600012183189392e-06,12
3594,949894,1.600012183189392e-06,12
3595,107433,3.6999117583036423e-06,14
3596,79919,1.700012944638729e-06,12
3597,680273,1.700012944638729e-06,12
3598,265368,1.9000144675374031e-06,12
3599,42832,3.6999117583036423e-06,14
3600,696186,1.600012183189392e-06,12
3601,100157,2.400018274784088e-06,13
3602,688922,2.500019036233425e-06,13
3603,55272,2.400018274784088e-06,13
3604,292868,1.600012183189392e-06,12
3605,251177,1.600012183189392e-06,12
3606,986550,2.500019036233425e-06,13
3607,310873,4.400033503770828e-06,14
3608,31890,1.700012944638729e-06,12
3609,489087,1.600012183189392e-06,12
3610,590341,1.800013706088066e-06,12
3611,811894,8.200062438845634e-06,18
3612,213312,2.500019036233425e-06,13
3613,41907,1.700012944638729e-06,12
3614,26811,2.400018274784088e-06,13
3615,630471,1.700012944638729e-06,12
3616,936372,2.400018274784088e-06,13
3617,718385,2.600019797682762e-06,13
3618,664870,2.500019036233425e-06,13
3619,566761,1.9000144675374031e-06,12
3620,362293,1.600012183189392e-06,12
3621,776848,2.500019036233425e-06,13
3622,277135,3.500026650726795e-06,14
3623,693798,2.400018274784088e-06,13
3624,795272,1.6998965293169022e-06,12
3625,427214,2.500019036233425e-06,13
3626,767043,1.700012944638729e-06,12
3627,480950,2.400018274784088e-06,13
3628,107250,1.600012183189392e-06,12
3629,193016,1.9000144675374031e-06,12
3630,183090,1.700012944638729e-06,12
3631,907958,1.600012183189392e-06,12
3632,997451,1.600012183189392e-06,12
3633,874843,2.400018274784088e-06,13
3634,178446,3.500026650726795e-06,14
3635,505086,2.500019036233425e-06,13
3636,79237,1.5998957678675652e-06,12
3637,23520,2.500019036233425e-06,13
3638,870680,5.100038833916187e-06,15
3639,595560,1.800013706088066e-06,12
3640,90741,1.600012183189392e-06,12
3641,170749,1.700012944638729e-06,12
3642,353092,1.600012183189392e-06,12
3643,280509,2.400018274784088e-06,13
3644,65875,3.5999109968543053e-06,14
3645,950738,2.400018274784088e-06,13
3646,461653,2.400018274784088e-06,13
3647,274563,3.6999117583036423e-06,14
3648,348131,2.300017513334751e-06,13
3649,767758,2.500019036233425e-06,13
3650,512521,1.700012944638729e-06,12
3651,472600,7.300055585801601e-06,17
3652,440828,3.400025889277458e-06,14
3653,325730,1.6998965293169022e-06,12
3654,64423,2.400018274784088e-06,13
3655,814593,1.700012944638729e-06,12
3656,304843,3.700028173625469e-06,14
3657,958086,3.400025889277458e-06,14
3658,502839,4.200031980872154e-06,15
3659,290791,2.300017513334751e-06,13
3660,828307,2.500019036233425e-06,13
3661,899415,3.600027412176132e-06,14
3662,287750,1.600012183189392e-06,12
3663,843514,1.700012944638729e-06,12
3664,150704,2.400018274784088e-06,13
3665,177305,1.800013706088066e-06,12
3666,802348,1.700012944638729e-06,12
3667,365206,2.400018274784088e-06,13
3668,249585,1.600012183189392e-06,12
3669,18563,3.200024366378784e-06,13
3670,117884,2.100015990436077e-06,12
3671,676074,4.499917849898338e-06,13
3672,937297,1.800013706088066e-06,12
3673,618808,3.00002284348011e-06,13
3674,203153,3.5999109968543053e-06,14
3675,480470,1.600012183189392e-06,12
3676,777124,1.700012944638729e-06,12
3677,486936,4.599918611347675e-06,15
3678,753593,1.800013706088066e-06,12
3679,99686,1.600012183189392e-06,12
3680,967333,2.600019797682762e-06,13
3681,491625,3.4999102354049683e-06,14
3682,424214,1.800013706088066e-06,12
3683,774891,3.500026650726795e-06,14
3684,995357,2.500019036233425e-06,13
3685,831794,1.500011421740055e-06,12
3686,428551,2.500019036233425e-06,13
3687,371753,1.600012183189392e-06,12
3688,834935,2.300017513334751e-06,13
3689,246652,1.800013706088066e-06,12
3690,275606,1.600012183189392e-06,12
3691,637350,1.600012183189392e-06,12
3692,551834,1.9000144675374031e-06,12
3693,251680,1.5998957678675652e-06,12
3694,566515,8.300063200294971e-06,17
3695,8741,2.500019036233425e-06,13
3696,223804,1.600012183189392e-06,12
3697,225825,3.500026650726795e-06,14
3698,592028,3.600027412176132e-06,14
3699,36381,1.5998957678675652e-06,12
3700,507603,3.600027412176132e-06,14
3701,944587,2.600019797682762e-06,13
3702,807318,5.499925464391708e-06,16
3703,325760,2.400018274784088e-06,13
3704,609837,1.700012944638729e-06,12
3705,39751,1.600012183189392e-06,12
3706,285803,2.400018274784088e-06,13
3707,618989,1.600012183189392e-06,12
3708,361841,1.500011421740055e-06,12
3709,892875,1.600012183189392e-06,12
3710,829335,1.6998965293169022e-06,12
3711,153965,2.300017513334751e-06,13
3712,390920,1.700012944638729e-06,12
3713,512853,1.600012183189392e-06,12
3714,593295,1.600012183189392e-06,12
3715,659210,1.500011421740055e-06,12
3716,913491,2.00001522898674e-06,12
3717,426845,1.700012944638729e-06,12
3718,183558,1.5998957678675652e-06,12
3719,556002,1.600012183189392e-06,12
3720,497965,1.9000144675374031e-06,12
3721,938923,1.600012183189392e-06,12
3722,115225,1.600012183189392e-06,12
3723,440,1.600012183189392e-06,12
3724,486127,1.600012183189392e-06,12
3725,514332,1.500011421740055e-06,12
3726,695674,1.700012944638729e-06,12
3727,774497,1.6998965293169022e-06,12
3728,103618,1.700012944638729e-06,12
3729,774572,2.500019036233425e-06,13
3730,820378,2.500019036233425e-06,13
3731,648054,1.5998957678675652e-06,12
3732,116423,2.400018274784088e-06,13
3733,569570,2.500019036233425e-06,13
3734,236284,1.800013706088066e-06,12
3735,410327,3.4999102354049683e-06,14
3736,573147,3.600027412176132e-06,14
3737,811527,1.600012183189392e-06,12
3738,745861,1.700012944638729e-06,12
3739,581133,2.500019036233425e-06,13
3740,429111,1.700012944638729e-06,12
3741,283293,1.600012183189392e-06,12
3742,680776,1.700012944638729e-06,12
3743,344314,2.600019797682762e-06,13
3744,826385,1.600012183189392e-06,12
3745,93827,1.600012183189392e-06,12
3746,468121,2.500019036233425e-06,13
3747,360211,1.5998957678675652e-06,12
3748,488779,1.700012944638729e-06,12
3749,69866,1.600012183189392e-06,12
3750,778969,1.700012944638729e-06,12
3751,814611,2.499902620911598e-06,13
3752,653687,1.600012183189392e-06,12
3753,412693,1.600012183189392e-06,12
3754,261488,1.700012944638729e-06,12
3755,932071,5.499925464391708e-06,16
3756,975442,1.800013706088066e-06,12
3757,870583,1.500011421740055e-06,12
3758,980582,5.499925464391708e-06,15
3759,467390,1.700012944638729e-06,12
3760,685076,1.600012183189392e-06,12
3761,55719,1.700012944638729e-06,12
3762,128192,1.600012183189392e-06,12
3763,139345,1.700012944638729e-06,12
3764,743954,1.500011421740055e-06,12
3765,730342,5.600042641162872e-06,16
3766,651330,1.6998965293169022e-06,12
3767,308263,3.600027412176132e-06,14
3768,84951,1.700012944638729e-06,12
3769,268187,1.500011421740055e-06,12
3770,51036,4.600035026669502e-06,15
3771,777212,3.500026650726795e-06,14
3772,402913,1.600012183189392e-06,12
3773,807827,1.4998950064182281e-06,12
3774,449460,1.600012183189392e-06,12
3775,284397,1.600012183189392e-06,12
3776,238378,1.500011421740055e-06,12
3777,822084,1.600012183189392e-06,12
3778,551233,2.300017513334751e-06,13
3779,319678,2.300017513334751e-06,13
3780,338830,1.700012944638729e-06,12
3781,464280,1.700012944638729e-06,12
3782,631483,1.600012183189392e-06,12
3783,551655,1.500011421740055e-06,12
3784,515059,3.500026650726795e-06,14
3785,356597,1.700012944638729e-06,12
3786,292501,2.500019036233425e-06,13
3787,814438,1.600012183189392e-06,12
3788,678125,2.500019036233425e-06,13
3789,620513,1.600012183189392e-06,12
3790,71227,1.500011421740055e-06,12
3791,664663,1.700012944638729e-06,12
3792,390498,5.300040356814861e-06,16
3793,726955,1.5998957678675652e-06,12
3794,770480,1.700012944638729e-06,12
3795,31752,4.900037311017513e-06,15
3796,719617,1.800013706088066e-06,12
3797,764358,1.700012944638729e-06,12
3798,638375,2.500019036233425e-06,13
3799,49413,1.500011421740055e-06,12
3800,696189,2.300017513334751e-06,13
3801,182349,1.700012944638729e-06,12
3802,800328,1.600012183189392e-06,12
3803,971110,2.400018274784088e-06,13
3804,263446,3.600027412176132e-06,14
3805,879737,1.700012944638729e-06,12
3806,658106,2.500019036233425e-06,13
3807,632410,4.800036549568176e-06,15
3808,103182,1.700012944638729e-06,12
3809,704702,3.500026650726795e-06,14
3810,528584,1.700012944638729e-06,12
3811,650524,1.600012183189392e-06,12
3812,646585,2.400018274784088e-06,13
3813,912517,1.800013706088066e-06,12
3814,637142,1.600012183189392e-06,12
3815,848129,1.600012183189392e-06,12
3816,443987,6.299931555986404e-06,13
3817,61994,1.700012944638729e-06,12
3818,271642,1.600012183189392e-06,12
3819,408595,9.499955922365189e-06,20
3820,711135,1.600012183189392e-06,12
3821,342595,2.399901859462261e-06,13
3822,606499,3.500026650726795e-06,14
3823,117976,5.600042641162872e-06,16
3824,97164,1.700012944638729e-06,12
3825,846775,1.700012944638729e-06,12
3826,28936,1.700012944638729e-06,12
3827,615873,1.600012183189392e-06,12
3828,92550,2.399901859462261e-06,13
3829,433137,1.800013706088066e-06,12
3830,816567,1.600012183189392e-06,12
3831,456839,1.600012183189392e-06,12
3832,285149,1.600012183189392e-06,12
3833,88630,1.800013706088066e-06,12
3834,91120,2.500019036233425e-06,13
3835,691518,2.400018274784088e-06,13
3836,38875,2.400018274784088e-06,13
3837,44270,1.700012944638729e-06,12
3838,766070,1.600012183189392e-06,12
3839,171547,7.500057108700275e-06,18
3840,29726,2.500019036233425e-06,13
3841,182579,3.500026650726795e-06,14
3842,638780,1.700012944638729e-06,12
3843,386099,2.299901098012924e-06,13
3844,374421,1.700012944638729e-06,12
3845,866073,2.400018274784088e-06,13
3846,5129,1.700012944638729e-06,12
3847,156498,2.399901859462261e-06,13
3848,609372,3.600027412176132e-06,14
3849,248686,1.700012944638729e-06,12
3850,730827,1.600012183189392e-06,12
3851,304790,1.800013706088066e-06,12
3852,156758,1.600012183189392e-06,12
3853,175118,1.700012944638729e-06,12
3854,366234,1.600012183189392e-06,12
3855,874253,1.7998972907662392e-06,12
3856,357670,2.500019036233425e-06,13
3857,476160,1.600012183189392e-06,12
3858,826213,2.400018274784088e-06,13
3859,497113,1.5998957678675652e-06,12
3860,86280,1.700012944638729e-06,12
3861,480474,3.600027412176132e-06,14
3862,844965,1.800013706088066e-06,12
3863,157083,2.300017513334751e-06,13
3864,378285,3.400025889277458e-06,14
3865,767798,1.600012183189392e-06,12
3866,164682,1.600012183189392e-06,12
3867,548442,5.500041879713535e-06,16
3868,250768,1.700012944638729e-06,12
3869,864168,5.399924702942371e-06,16
3870,342082,2.400018274784088e-06,13
3871,89812,2.500019036233425e-06,13
3872,92145,1.600012183189392e-06,12
3873,306759,1.600012183189392e-06,12
3874,118952,1.600012183189392e-06,12
3875,431493,2.600019797682762e-06,13
3876,356413,1.600012183189392e-06,12
3877,30361,1.5998957678675652e-06,12
3878,800246,2.500019036233425e-06,13
3879,123828,1.600012183189392e-06,12
3880,459639,1.600012183189392e-06,12
3881,391393,1.600012183189392e-06,12
3882,367981,1.500011421740055e-06,12
3883,532275,1.600012183189392e-06,12
3884,590172,1.700012944638729e-06,12
3885,213463,1.700012944638729e-06,12
3886,518780,1.5998957678675652e-06,12
3887,669346,1.700012944638729e-06,12
3888,875026,1.700012944638729e-06,12
3889,898431,1.9000144675374031e-06,12
3890,234670,1.700012944638729e-06,12
3891,810406,2.400018274784088e-06,13
3892,491375,1.700012944638729e-06,12
3893,594900,1.700012944638729e-06,12
3894,950074,2.500019036233425e-06,13
3895,715896,1.700012944638729e-06,12
3896,294852,1.700012944638729e-06,12
3897,715439,2.300017513334751e-06,13
3898,854037,2.400018274784088e-06,13
3899,387806,1.700012944638729e-06,12
3900,994504,4.600035026669502e-06,15
3901,59619,2.400018274784088e-06,13
3902,942862,2.6999041438102722e-06,13
3903,101359,1.700012944638729e-06,12
3904,565407,1.700012944638729e-06,12
3905,426866,3.500026650726795e-06,14
3906,65025,1.700012944638729e-06,12
3907,11123,2.400018274784088e-06,13
3908,263236,1.600012183189392e-06,12
3909,868074,3.400025889277458e-06,14
3910,762161,2.500019036233425e-06,13
3911,534391,1.600012183189392e-06,12
3912,878992,1.700012944638729e-06,12
3913,831654,3.5999109968543053e-06,14
3914,222166,1.700012944638729e-06,12
3915,410270,1.600012183189392e-06,12
3916,365954,3.600027412176132e-06,14
3917,578065,5.899928510189056e-06,16
3918,538284,2.600019797682762e-06,13
3919,216273,2.500019036233425e-06,13
3920,233402,1.6998965293169022e-06,12
3921,831518,2.400018274784088e-06,13
3922,850872,1.700012944638729e-06,12
3923,263963,1.500011421740055e-06,12
3924,506937,1.6998965293169022e-06,12
3925,84860,2.400018274784088e-06,13
3926,39095,1.700012944638729e-06,12
3927,174103,1.700012944638729e-06,12
3928,562095,1.700012944638729e-06,12
3929,711109,1.600012183189392e-06,12
3930,689716,1.600012183189392e-06,12
3931,572823,1.700012944638729e-06,12
3932,792415,1.700012944638729e-06,12
3933,323120,2.400018274784088e-06,13
3934,492476,1.600012183189392e-06,12
3935,233244,2.500019036233425e-06,13
3936,943401,1.6998965293169022e-06,12
3937,444344,1.500011421740055e-06,12
3938,265486,2.400018274784088e-06,13
3939,379075,1.700012944638729e-06,12
3940,874203,3.4999102354049683e-06,14
3941,888618,3.500026650726795e-06,14
3942,338596,1.700012944638729e-06,12
3943,659962,1.600012183189392e-06,12
3944,1106,1.5998957678675652e-06,12
3945,815442,1.600012183189392e-06,12
3946,487903,1.700012944638729e-06,12
3947,899247,1.700012944638729e-06,12
3948,290549,1.600012183189392e-06,12
3949,884972,1.500011421740055e-06,12
3950,638709,5.700043402612209e-06,16
3951,734603,3.3999094739556313e-06,14
3952,249618,4.300032742321491e-06,15
3953,796248,6.800051778554916e-06,17
3954,900373,1.800013706088066e-06,12
3955,141068,1.800013706088066e-06,12
3956,137015,2.400018274784088e-06,13
3957,585800,3.4999102354049683e-06,14
3958,425747,1.700012944638729e-06,12
3959,825182,1.600012183189392e-06,12
3960,816012,1.700012944638729e-06,12
3961,408471,1.500011421740055e-06,12
3962,108510,4.500034265220165e-06,15
3963,562475,2.500019036233425e-06,13
3964,514260,2.500019036233425e-06,13
3965,249457,1.600012183189392e-06,12
3966,456478,2.700020559132099e-06,13
3967,943393,4.700035788118839e-06,15
3968,392041,1.5998957678675652e-06,12
3969,710138,1.600012183189392e-06,12
3970,949445,1.700012944638729e-06,12
3971,159997,2.400018274784088e-06,13
3972,705097,1.600012183189392e-06,12
3973,150072,1.800013706088066e-06,12
3974,31460,1.700012944638729e-06,12
3975,294188,1.700012944638729e-06,12
3976,240769,1.600012183189392e-06,12
3977,540224,1.6998965293169022e-06,12
3978,690463,1.600012183189392e-06,12
3979,77337,3.600027412176132e-06,14
3980,232182,1.600012183189392e-06,12
3981,980759,1.7998972907662392e-06,12
3982,537813,5.700043402612209e-06,16
3983,56787,1.800013706088066e-06,12
3984,335409,1.6998965293169022e-06,12
3985,442988,1.600012183189392e-06,12
3986,80882,1.600012183189392e-06,12
3987,972408,2.500019036233425e-06,13
3988,111071,1.700012944638729e-06,12
3989,661583,1.800013706088066e-06,12
3990,21908,3.600027412176132e-06,14
3991,58411,1.500011421740055e-06,12
3992,959479,6.7999353632330894e-06,16
3993,529652,2.400018274784088e-06,13
3994,771866,1.700012944638729e-06,12
3995,287147,3.3999094739556313e-06,14
3996,915995,1.700012944638729e-06,12
3997,681196,3.8000289350748062e-06,14
3998,452580,1.700012944638729e-06,12
3999,553623,1.600012183189392e-06,12
4000,349387,1.600012183189392e-06,12
4001,272847,3.600027412176132e-06,14
4002,75797,1.600012183189392e-06,12
4003,846242,2.500019036233425e-06,13
4004,222501,1.700012944638729e-06,12
4005,745291,3.700028173625469e-06,14
4006,991571,2.499902620911598e-06,13
4007,752229,2.500019036233425e-06,13
4008,846506,1.600012183189392e-06,12
4009,357890,3.400025889277458e-06,14
4010,967705,1.800013706088066e-06,12
4011,333355,1.600012183189392e-06,12
4012,913568,2.400018274784088e-06,13
4013,898881,2.400018274784088e-06,13
4014,243089,2.400018274784088e-06,13
4015,209358,1.700012944638729e-06,12
4016,326344,1.600012183189392e-06,12
4017,859777,4.999921657145023e-06,15
4018,498453,5.600042641162872e-06,16
4019,479435,4.500034265220165e-06,15
4020,918054,1.700012944638729e-06,12
4021,948865,3.500026650726795e-06,14
4022,768678,1.700012944638729e-06,12
4023,450852,1.600012183189392e-06,12
4024,384765,3.400025889277458e-06,14
4025,922321,5.600042641162872e-06,16
4026,346702,3.5999109968543053e-06,14
4027,760247,1.700012944638729e-06,12
4028,657317,2.500019036233425e-06,13
4029,652158,1.600012183189392e-06,12
4030,452132,1.700012944638729e-06,12
4031,538939,1.700012944638729e-06,12
4032,541854,1.500011421740055e-06,12
4033,96610,1.700012944638729e-06,12
4034,908400,2.599903382360935e-06,13
4035,52717,2.500019036233425e-06,13
4036,36394,2.400018274784088e-06,13
4037,991073,3.5999109968543053e-06,14
4038,548980,1.600012183189392e-06,12
4039,825029,3.400025889277458e-06,14
4040,930977,1.600012183189392e-06,12
4041,949961,1.5998957678675652e-06,12
4042,587888,4.600035026669502e-06,15
4043,811744,1.700012944638729e-06,12
4044,811697,2.400018274784088e-06,13
4045,166651,1.700012944638729e-06,12
4046,683570,1.500011421740055e-06,12
4047,899311,1.600012183189392e-06,12
4048,539900,3.500026650726795e-06,14
4049,709994,2.400018274784088e-06,13
4050,101345,4.700035788118839e-06,15
4051,420566,2.400018274784088e-06,13
4052,532799,4.300032742321491e-06,15
4053,557305,1.700012944638729e-06,12
4054,288542,1.700012944638729e-06,12
4055,227497,1.700012944638729e-06,12
4056,463480,1.600012183189392e-06,12
4057,714866,1.600012183189392e-06,12
4058,751505,4.400033503770828e-06,15
4059,691908,1.6998965293169022e-06,12
4060,25333,2.400018274784088e-06,13
4061,530041,1.600012183189392e-06,12
4062,126484,2.400018274784088e-06,13
4063,619287,4.899920895695686e-06,15
4064,825841,1.700012944638729e-06,12
4065,13733,1.600012183189392e-06,12
4066,469682,1.600012183189392e-06,12
4067,801258,1.6998965293169022e-06,12
4068,849899,2.400018274784088e-06,13
4069,209692,3.500026650726795e-06,14
4070,39658,5.499925464391708e-06,16
4071,482161,1.700012944638729e-06,12
4072,845058,3.400025889277458e-06,14
4073,273420,1.600012183189392e-06,12
4074,282204,1.600012183189392e-06,12
4075,877244,1.700012944638729e-06,12
4076,883584,1.600012183189392e-06,12
4077,466065,2.500019036233425e-06,13
4078,364316,2.599903382360935e-06,13
4079,418327,5.500041879713535e-06,16
4080,990813,1.700012944638729e-06,12
4081,975198,3.5999109968543053e-06,14
4082,303525,1.700012944638729e-06,12
4083,177698,1.600012183189392e-06,12
4084,513426,5.599926225841045e-06,16
4085,205324,3.500026650726795e-06,14
4086,152143,1.600012183189392e-06,12
4087,568028,2.499902620911598e-06,13
4088,519509,4.700035788118839e-06,15
4089,638033,1.700012944638729e-06,12
4090,175877,1.600012183189392e-06,12
4091,256223,2.499902620911598e-06,13
4092,408600,2.400018274784088e-06,13
4093,232066,1.600012183189392e-06,12
4094,823788,3.6999117583036423e-06,14
4095,360793,3.300025127828121e-06,14
4096,193749,2.500019036233425e-06,13
4097,245672,2.600019797682762e-06,13
4098,659770,2.600019797682762e-06,13
4099,534932,1.600012183189392e-06,12
4100,275655,2.400018274784088e-06,13
4101,591540,1.700012944638729e-06,12
4102,112386,3.3999094739556313e-06,14
4103,493550,1.600012183189392e-06,12
4104,938429,8.499948307871819e-06,19
4105,381191,2.600019797682762e-06,13
4106,301281,2.500019036233425e-06,13
4107,893286,2.300017513334751e-06,13
4108,247492,5.600042641162872e-06,16
4109,169486,1.600012183189392e-06,12
4110,429611,2.500019036233425e-06,13
4111,87836,1.700012944638729e-06,12
4112,627463,3.500026650726795e-06,14
4113,51144,1.700012944638729e-06,12
4114,773560,4.999921657145023e-06,15
4115,120798,2.400018274784088e-06,13
4116,853863,1.600012183189392e-06,12
4117,673979,1.700012944638729e-06,12
4118,612065,1.4998950064182281e-06,12
4119,253304,3.700028173625469e-06,14
4120,880816,1.700012944638729e-06,12
4121,757190,3.5999109968543053e-06,14
4122,688343,1.600012183189392e-06,12
4123,689155,3.400025889277458e-06,14
4124,327241,2.400018274784088e-06,13
4125,809632,2.499902620911598e-06,13
4126,886351,1.700012944638729e-06,12
4127,250824,3.400025889277458e-06,14
4128,747536,1.600012183189392e-06,12
4129,859043,2.400018274784088e-06,13
4130,576479,3.500026650726795e-06,14
4131,209053,1.800013706088066e-06,12
4132,542556,1.600012183189392e-06,12
4133,886520,5.300040356814861e-06,16
4134,736369,1.700012944638729e-06,12
4135,993481,1.500011421740055e-06,12
4136,484097,1.700012944638729e-06,12
4137,929875,1.600012183189392e-06,12
4138,428134,1.600012183189392e-06,12
4139,453293,2.300017513334751e-06,13
4140,442622,1.6998965293169022e-06,12
4141,696382,1.700012944638729e-06,12
4142,979239,2.600019797682762e-06,13
4143,229145,3.300025127828121e-06,14
4144,720874,1.600012183189392e-06,12
4145,415651,2.400018274784088e-06,13
4146,774340,1.700012944638729e-06,12
4147,263358,2.400018274784088e-06,13
4148,690150,2.400018274784088e-06,13
4149,842574,1.800013706088066e-06,12
4150,721810,1.600012183189392e-06,12
4151,501252,3.7999125197529793e-06,14
4152,832814,2.400018274784088e-06,13
4153,408522,1.700012944638729e-06,12
4154,42306,2.500019036233425e-06,13
4155,552203,1.600012183189392e-06,12
4156,513257,1.700012944638729e-06,12
4157,194046,1.700012944638729e-06,12
4158,240052,3.500026650726795e-06,14
4159,674872,1.700012944638729e-06,12
4160,859862,1.600012183189392e-06,12
4161,553736,1.500011421740055e-06,12
4162,874312,7.3999399319291115e-06,17
4163,506082,1.800013706088066e-06,12
4164,335045,3.300025127828121e-06,14
4165,958926,1.800013706088066e-06,12
4166,676422,2.400018274784088e-06,13
4167,530232,2.300017513334751e-06,13
4168,814188,4.600035026669502e-06,15
4169,84656,1.700012944638729e-06,12
4170,560144,3.500026650726795e-06,14
4171,968723,6.4999330788850784e-06,17
4172,721401,1.700012944638729e-06,12
4173,175832,2.500019036233425e-06,13
4174,609812,2.400018274784088e-06,13
4175,654784,1.5998957678675652e-06,12
4176,754051,4.300032742321491e-06,14
4177,129783,1.800013706088066e-06,12
4178,355521,3.500026650726795e-06,14
4179,822010,2.500019036233425e-06,13
4180,951280,1.800013706088066e-06,12
4181,540053,1.600012183189392e-06,12
4182,110481,1.700012944638729e-06,12
4183,13898,1.700012944638729e-06,12
4184,505520,1.700012944638729e-06,12
4185,3880,2.300017513334751e-06,13
4186,395610,1.600012183189392e-06,12
4187,554203,2.599903382360935e-06,13
4188,45629,1.600012183189392e-06,12
4189,474910,1.700012944638729e-06,12
4190,198083,1.600012183189392e-06,12
4191,131226,1.6998965293169022e-06,12
4192,452278,2.600019797682762e-06,13
4193,511312,1.700012944638729e-06,12
4194,720705,2.400018274784088e-06,13
4195,111573,1.6998965293169022e-06,12
4196,944779,1.600012183189392e-06,12
4197,511310,3.500026650726795e-06,14
4198,384910,1.600012183189392e-06,12
4199,806709,1.6998965293169022e-06,12
4200,296862,1.600012183189392e-06,12
4201,372712,1.600012183189392e-06,12
4202,787527,1.800013706088066e-06,12
4203,590549,2.500019036233425e-06,13
4204,707399,1.700012944638729e-06,12
4205,477662,1.600012183189392e-06,12
4206,53294,2.400018274784088e-06,13
4207,657735,3.700028173625469e-06,14
4208,63933,1.600012183189392e-06,12
4209,116746,1.600012183189392e-06,12
4210,474636,2.400018274784088e-06,13
4211,353215,2.300017513334751e-06,13
4212,471103,1.700012944638729e-06,12
4213,395833,2.400018274784088e-06,13
4214,113166,1.600012183189392e-06,12
4215,406293,3.3999094739556313e-06,14
4216,10581,1.700012944638729e-06,12
4217,630698,2.400018274784088e-06,13
4218,450341,7.0999376475811005e-06,16
4219,718384,4.100031219422817e-06,12
4220,278326,5.399924702942371e-06,13
4221,462487,4.300032742321491e-06,12
4222,742262,4.00003045797348e-06,12
4223,746569,3.999914042651653e-06,12
4224,985952,8.199946023523808e-06,14
4225,162820,8.399947546422482e-06,13
4226,287175,5.700043402612209e-06,12
4227,252545,6.00004568696022e-06,13
4228,475150,4.00003045797348e-06,12
4229,157561,4.00003045797348e-06,12
4230,266955,3.900029696524143e-06,12
4231,365150,3.899913281202316e-06,12
4232,955636,4.100031219422817e-06,12
4233,329688,4.00003045797348e-06,12
4234,477053,5.799927748739719e-06,13
4235,518464,4.00003045797348e-06,12
4236,696804,1.3699987903237343e-05,16
4237,570192,4.100031219422817e-06,12
4238,262906,4.100031219422817e-06,12
4239,453748,4.00003045797348e-06,12
4240,311790,4.100031219422817e-06,12
4241,864409,5.199923180043697e-06,12
4242,365988,3.900029696524143e-06,12
4243,550916,8.300063200294971e-06,14
4244,323660,8.800067007541656e-06,14
4245,13582,1.0499963536858559e-05,15
4246,462484,8.70006624609232e-06,14
4247,857324,5.899928510189056e-06,13
4248,993350,6.4999330788850784e-06,13
4249,630127,5.200039595365524e-06,12
4250,604815,7.500057108700275e-06,13
4251,961908,5.800044164061546e-06,12
4252,277663,4.200031980872154e-06,12
4253,226631,4.100031219422817e-06,12
4254,613268,5.999929271638393e-06,13
4255,450793,3.900029696524143e-06,12
4256,988654,1.3800105080008507e-05,15
4257,370072,8.199946023523808e-06,13
4258,409506,4.100031219422817e-06,12
4259,832890,3.400025889277458e-06,12
4260,76716,3.200024366378784e-06,12
4261,867374,2.600019797682762e-06,12
4262,251053,2.800021320581436e-06,12
4263,734389,3.00002284348011e-06,12
4264,45061,3.0999071896076202e-06,12
4265,729935,2.700020559132099e-06,12
4266,874636,3.100023604929447e-06,12
4267,947691,4.200031980872154e-06,13
4268,209970,3.00002284348011e-06,12
4269,880778,3.899913281202316e-06,13
4270,160588,3.300025127828121e-06,12
4271,733462,9.299954399466515e-06,15
4272,416291,3.500026650726795e-06,12
4273,149417,6.7999353632330894e-06,14
4274,384400,3.7999125197529793e-06,12
4275,567308,4.100031219422817e-06,12
4276,124521,5.899928510189056e-06,13
4277,404923,3.900029696524143e-06,12
4278,145217,5.900044925510883e-06,13
4279,524845,3.7999125197529793e-06,12
4280,426316,3.700028173625469e-06,12
4281,271448,5.900044925510883e-06,13
4282,169703,5.899928510189056e-06,13
4283,407846,3.200024366378784e-06,12
4284,686942,4.100031219422817e-06,12
4285,797198,4.400033503770828e-06,13
4286,504543,8.70006624609232e-06,15
4287,659522,8.09994526207447e-06,16
4288,282293,2.700020559132099e-06,13
4289,270651,1.500011421740055e-06,12
4290,517858,1.600012183189392e-06,12
4291,397847,1.600012183189392e-06,12
4292,580637,3.700028173625469e-06,14
4293,341020,2.399901859462261e-06,13
4294,354386,1.600012183189392e-06,12
4295,733252,1.700012944638729e-06,12
4296,538156,1.800013706088066e-06,12
4297,392045,5.599926225841045e-06,14
4298,295135,5.00003807246685e-06,13
4299,740377,2.499902620911598e-06,12
4300,764496,3.400025889277458e-06,12
4301,430701,3.100023604929447e-06,12
4302,588105,5.300040356814861e-06,13
4303,665761,5.999929271638393e-06,13
4304,465730,3.900029696524143e-06,12
4305,592029,4.100031219422817e-06,12
4306,576512,4.00003045797348e-06,12
4307,133619,4.00003045797348e-06,12
4308,543426,5.799927748739719e-06,13
4309,289819,5.500041879713535e-06,13
4310,195896,1.3899989426136017e-05,16
4311,279635,3.700028173625469e-06,12
4312,759991,4.599918611347675e-06,13
4313,35815,4.800036549568176e-06,13
4314,898789,3.100023604929447e-06,12
4315,858575,3.100023604929447e-06,12
4316,169070,5.400041118264198e-06,14
4317,117499,2.300017513334751e-06,12
4318,322174,3.200024366378784e-06,13
4319,453767,4.100031219422817e-06,12
4320,862143,4.200031980872154e-06,12
4321,495346,3.5999109968543053e-06,13
4322,811469,4.900037311017513e-06,14
4323,547520,2.200016751885414e-06,12
4324,117123,1.600012183189392e-06,12
4325,913959,2.200016751885414e-06,12
4326,681326,1.600012183189392e-06,12
4327,338858,2.500019036233425e-06,13
4328,604823,1.5998957678675652e-06,12
4329,255977,1.600012183189392e-06,12
4330,152096,2.500019036233425e-06,13
4331,170309,3.200024366378784e-06,13
4332,392989,1.600012183189392e-06,12
4333,610065,1.600012183189392e-06,12
4334,249812,1.600012183189392e-06,12
4335,441158,1.600012183189392e-06,12
4336,762961,1.700012944638729e-06,12
4337,411648,1.600012183189392e-06,12
4338,906050,1.600012183189392e-06,12
4339,439066,1.500011421740055e-06,12
4340,959604,1.700012944638729e-06,12
4341,272231,1.5998957678675652e-06,12
4342,981383,1.800013706088066e-06,12
4343,295343,4.700035788118839e-06,15
4344,36386,1.700012944638729e-06,12
4345,533125,1.700012944638729e-06,12
4346,140565,3.500026650726795e-06,14
4347,542026,4.800036549568176e-06,15
4348,725894,1.600012183189392e-06,12
4349,190141,2.500019036233425e-06,13
4350,188078,2.500019036233425e-06,13
4351,530904,1.700012944638729e-06,12
4352,134030,1.700012944638729e-06,12
4353,968393,1.700012944638729e-06,12
4354,66698,3.500026650726795e-06,14
4355,768771,1.5998957678675652e-06,12
4356,484891,3.600027412176132e-06,14
4357,367831,2.400018274784088e-06,13
4358,850656,3.500026650726795e-06,14
4359,184618,1.600012183189392e-06,12
4360,312686,2.500019036233425e-06,13
4361,786988,1.800013706088066e-06,12
4362,30933,1.700012944638729e-06,12
4363,72283,2.00001522898674e-06,12
4364,468383,1.700012944638729e-06,12
4365,322241,1.600012183189392e-06,12
4366,937141,3.6999117583036423e-06,14
4367,441349,2.500019036233425e-06,13
4368,655637,1.700012944638729e-06,12
4369,405313,2.500019036233425e-06,13
4370,35346,1.600012183189392e-06,12
4371,89077,1.600012183189392e-06,12
4372,15539,1.800013706088066e-06,12
4373,209552,1.600012183189392e-06,12
4374,591315,2.399901859462261e-06,13
4375,699908,1.700012944638729e-06,12
4376,630996,1.700012944638729e-06,12
4377,586564,2.500019036233425e-06,13
4378,85286,1.6998965293169022e-06,12
4379,510914,1.700012944638729e-06,12
4380,462013,1.600012183189392e-06,12
4381,506750,2.400018274784088e-06,13
4382,721727,2.399901859462261e-06,13
4383,479044,2.500019036233425e-06,13
4384,103753,3.8000289350748062e-06,14
4385,372940,2.399901859462261e-06,13
4386,425689,4.700035788118839e-06,15
4387,194909,1.700012944638729e-06,12
4388,611887,5.499925464391708e-06,16
4389,496315,1.700012944638729e-06,12
4390,211518,2.400018274784088e-06,13
4391,573213,1.600012183189392e-06,12
4392,239903,1.7998972907662392e-06,12
4393,972868,1.800013706088066e-06,12
4394,164073,2.400018274784088e-06,13
4395,229595,2.500019036233425e-06,13
4396,915443,1.5998957678675652e-06,12
4397,463246,1.700012944638729e-06,12
4398,687892,2.500019036233425e-06,13
4399,297229,5.300040356814861e-06,14
4400,981277,3.500026650726795e-06,14
4401,764608,2.300017513334751e-06,13
4402,188678,1.600012183189392e-06,12
4403,28617,2.499902620911598e-06,13
4404,597368,2.500019036233425e-06,13
4405,342329,1.700012944638729e-06,12
4406,285334,3.8000289350748062e-06,14
4407,951724,1.700012944638729e-06,12
4408,404849,2.300017513334751e-06,13
4409,745046,1.700012944638729e-06,12
4410,178209,4.699919372797012e-06,15
4411,554164,1.700012944638729e-06,12
4412,748748,2.500019036233425e-06,13
4413,70603,2.600019797682762e-06,13
4414,373973,1.700012944638729e-06,12
4415,127576,4.500034265220165e-06,15
4416,853332,1.700012944638729e-06,12
4417,819051,1.700012944638729e-06,12
4418,260546,1.700012944638729e-06,12
4419,521949,2.600019797682762e-06,13
4420,745118,2.300017513334751e-06,13
4421,951013,3.2999087125062943e-06,14
4422,412332,4.600035026669502e-06,15
4423,866657,1.700012944638729e-06,12
4424,19208,1.800013706088066e-06,12
4425,787988,2.700020559132099e-06,13
4426,131338,2.500019036233425e-06,13
4427,991320,1.700012944638729e-06,12
4428,575525,1.700012944638729e-06,12
4429,621687,4.700035788118839e-06,14
4430,888745,1.9000144675374031e-06,12
4431,38367,1.700012944638729e-06,12
4432,527696,3.4999102354049683e-06,14
4433,946532,1.800013706088066e-06,12
4434,603647,1.700012944638729e-06,12
4435,677991,1.800013706088066e-06,12
4436,182007,1.6998965293169022e-06,12
4437,120982,1.800013706088066e-06,12
4438,754594,5.700043402612209e-06,16
4439,733401,1.6998965293169022e-06,12
4440,127765,1.700012944638729e-06,12
4441,732151,1.600012183189392e-06,12
4442,317091,1.700012944638729e-06,12
4443,860431,2.399901859462261e-06,13
4444,841089,1.700012944638729e-06,12
4445,94652,1.9000144675374031e-06,12
4446,291128,1.600012183189392e-06,12
4447,877759,3.6999117583036423e-06,14
4448,797752,1.800013706088066e-06,12
4449,355530,1.700012944638729e-06,12
4450,873405,1.700012944638729e-06,12
4451,407317,1.600012183189392e-06,12
4452,197371,4.600035026669502e-06,15
4453,579721,1.800013706088066e-06,12
4454,590804,1.700012944638729e-06,12
4455,750199,2.399901859462261e-06,13
4456,693870,1.700012944638729e-06,12
4457,361698,2.500019036233425e-06,13
4458,444156,1.9000144675374031e-06,12
4459,74279,1.6998965293169022e-06,12
4460,602118,1.800013706088066e-06,12
4461,437457,1.700012944638729e-06,12
4462,681062,1.700012944638729e-06,12
4463,373660,3.4999102354049683e-06,14
4464,276137,1.700012944638729e-06,12
4465,185633,3.700028173625469e-06,14
4466,717239,1.9000144675374031e-06,12
4467,970115,1.600012183189392e-06,12
4468,507921,1.700012944638729e-06,12
4469,810120,1.700012944638729e-06,12
4470,529091,1.700012944638729e-06,12
4471,777269,1.8998980522155762e-06,12
4472,614947,1.600012183189392e-06,12
4473,461991,2.400018274784088e-06,13
4474,435245,4.400033503770828e-06,14
4475,678392,2.500019036233425e-06,13
4476,843661,2.500019036233425e-06,13
4477,982697,1.700012944638729e-06,12
4478,732744,1.600012183189392e-06,12
4479,125664,1.700012944638729e-06,12
4480,483374,1.700012944638729e-06,12
4481,856678,1.600012183189392e-06,12
4482,451911,1.700012944638729e-06,12
4483,608428,1.6998965293169022e-06,12
4484,28594,1.700012944638729e-06,12
4485,394849,1.600012183189392e-06,12
4486,286195,1.700012944638729e-06,12
4487,561869,4.499917849898338e-06,15
4488,785676,2.400018274784088e-06,13
4489,916748,2.500019036233425e-06,13
4490,180820,1.700012944638729e-06,12
4491,738462,1.600012183189392e-06,12
4492,372180,2.500019036233425e-06,13
4493,520026,1.700012944638729e-06,12
4494,387315,1.600012183189392e-06,12
4495,624126,4.499917849898338e-06,15
4496,16852,3.400025889277458e-06,14
4497,865093,4.499917849898338e-06,15
4498,338279,2.600019797682762e-06,13
4499,843385,1.800013706088066e-06,12
4500,138381,1.700012944638729e-06,12
4501,295672,1.500011421740055e-06,12
4502,851858,2.500019036233425e-06,13
4503,59664,1.800013706088066e-06,12
4504,212781,1.700012944638729e-06,12
4505,377208,1.800013706088066e-06,12
4506,826580,1.9000144675374031e-06,12
4507,443995,1.600012183189392e-06,12
4508,121746,2.400018274784088e-06,13
4509,629189,1.600012183189392e-06,12
4510,185524,1.5998957678675652e-06,12
4511,48672,2.500019036233425e-06,13
4512,10577,5.400041118264198e-06,15
4513,40151,1.6998965293169022e-06,12
4514,617950,1.700012944638729e-06,12
4515,405854,1.600012183189392e-06,12
4516,544648,3.500026650726795e-06,14
4517,492243,2.400018274784088e-06,13
4518,12966,1.700012944638729e-06,12
4519,240989,2.500019036233425e-06,13
4520,442835,2.500019036233425e-06,13
4521,814936,1.9000144675374031e-06,12
4522,410350,2.500019036233425e-06,13
4523,794433,3.600027412176132e-06,14
4524,62534,4.499917849898338e-06,15
4525,369210,1.700012944638729e-06,12
4526,799663,1.700012944638729e-06,12
4527,563686,2.300017513334751e-06,13
4528,200769,2.500019036233425e-06,13
4529,519386,1.700012944638729e-06,12
4530,627337,1.600012183189392e-06,12
4531,590914,1.600012183189392e-06,12
4532,672319,1.6998965293169022e-06,12
4533,240838,1.700012944638729e-06,12
4534,328720,1.500011421740055e-06,12
4535,482556,2.400018274784088e-06,13
4536,302339,1.800013706088066e-06,12
4537,198610,1.600012183189392e-06,12
4538,578846,1.700012944638729e-06,12
4539,505223,2.500019036233425e-06,13
4540,732645,2.400018274784088e-06,13
4541,78034,1.700012944638729e-06,12
4542,266728,1.700012944638729e-06,12
4543,68889,1.700012944638729e-06,12
4544,560832,1.500011421740055e-06,12
4545,128591,1.4998950064182281e-06,12
4546,632694,1.500011421740055e-06,12
4547,963312,2.500019036233425e-06,13
4548,67088,1.700012944638729e-06,12
4549,455402,4.699919372797012e-06,15
4550,787348,1.700012944638729e-06,12
4551,366832,2.500019036233425e-06,13
4552,873997,2.600019797682762e-06,13
4553,660810,1.800013706088066e-06,12
4554,860357,1.600012183189392e-06,12
4555,636170,2.400018274784088e-06,13
4556,746426,2.499902620911598e-06,13
4557,714987,5.700043402612209e-06,15
4558,472006,1.700012944638729e-06,12
4559,124805,2.400018274784088e-06,13
4560,611961,1.700012944638729e-06,12
4561,7030,1.600012183189392e-06,12
4562,507018,1.600012183189392e-06,12
4563,606365,1.600012183189392e-06,12
4564,782674,1.1999974958598614e-05,21
4565,188563,4.699919372797012e-06,15
4566,113016,2.500019036233425e-06,13
4567,847234,1.600012183189392e-06,12
4568,16446,1.700012944638729e-06,12
4569,652624,2.700020559132099e-06,13
4570,155847,1.600012183189392e-06,12
4571,384674,1.700012944638729e-06,12
4572,715231,1.600012183189392e-06,12
4573,528973,4.700035788118839e-06,15
4574,17645,1.700012944638729e-06,12
4575,692924,3.700028173625469e-06,14
4576,536235,3.8000289350748062e-06,14
4577,714764,1.700012944638729e-06,12
4578,698560,1.500011421740055e-06,12
4579,731015,3.3999094739556313e-06,14
4580,969900,1.600012183189392e-06,12
4581,593288,2.700020559132099e-06,13
4582,28405,3.5999109968543053e-06,14
4583,130967,1.600012183189392e-06,12
4584,252492,1.700012944638729e-06,12
4585,681641,1.600012183189392e-06,12
4586,542797,1.700012944638729e-06,12
4587,469771,3.500026650726795e-06,14
4588,746390,1.700012944638729e-06,12
4589,153630,1.700012944638729e-06,12
4590,141800,2.499902620911598e-06,13
4591,563336,1.700012944638729e-06,12
4592,809751,1.600012183189392e-06,12
4593,849999,1.600012183189392e-06,12
4594,304434,1.700012944638729e-06,12
4595,102502,2.600019797682762e-06,13
4596,739547,1.600012183189392e-06,12
4597,45334,1.700012944638729e-06,12
4598,493627,5.199923180043697e-06,15
4599,907826,1.700012944638729e-06,12
4600,931965,1.700012944638729e-06,12
4601,971059,1.600012183189392e-06,12
4602,251542,1.600012183189392e-06,12
4603,701972,3.8000289350748062e-06,14
4604,109238,2.500019036233425e-06,13
4605,937268,1.600012183189392e-06,12
4606,412576,1.600012183189392e-06,12
4607,253727,1.700012944638729e-06,12
4608,453940,2.500019036233425e-06,13
4609,126913,1.800013706088066e-06,12
4610,200199,1.600012183189392e-06,12
4611,132236,3.400025889277458e-06,14
4612,599839,1.700012944638729e-06,12
4613,892455,2.500019036233425e-06,13
4614,899162,6.4999330788850784e-06,16
4615,61288,2.600019797682762e-06,13
4616,339022,1.700012944638729e-06,12
4617,574773,4.399917088449001e-06,15
4618,624967,1.700012944638729e-06,12
4619,867758,2.500019036233425e-06,13
4620,599656,2.499902620911598e-06,13
4621,407188,2.500019036233425e-06,13
4622,251063,2.300017513334751e-06,13
4623,579797,2.400018274784088e-06,13
4624,544754,1.6998965293169022e-06,12
4625,231359,6.500049494206905e-06,17
4626,931929,3.600027412176132e-06,14
4627,963565,1.700012944638729e-06,12
4628,533423,1.700012944638729e-06,12
4629,836101,1.600012183189392e-06,12
4630,720921,3.500026650726795e-06,14
4631,281296,1.700012944638729e-06,12
4632,789037,1.600012183189392e-06,12
4633,691784,4.700035788118839e-06,15
4634,786722,4.699919372797012e-06,15
4635,827746,3.400025889277458e-06,14
4636,288475,2.400018274784088e-06,13
4637,336840,2.6999041438102722e-06,12
4638,684540,1.700012944638729e-06,12
4639,483639,8.100061677396297e-06,18
4640,921133,2.00001522898674e-06,12
4641,295273,1.600012183189392e-06,12
4642,918685,1.600012183189392e-06,12
4643,585809,1.700012944638729e-06,12
4644,868929,1.600012183189392e-06,12
4645,660487,1.600012183189392e-06,12
4646,955059,1.600012183189392e-06,12
4647,875477,1.600012183189392e-06,12
4648,48168,1.600012183189392e-06,12
4649,613573,1.700012944638729e-06,12
4650,889448,1.600012183189392e-06,12
4651,51815,1.700012944638729e-06,12
4652,25469,1.600012183189392e-06,12
4653,863921,1.5998957678675652e-06,12
4654,381108,1.9000144675374031e-06,12
4655,407525,1.600012183189392e-06,12
4656,901330,1.700012944638729e-06,12
4657,638844,1.600012183189392e-06,12
4658,27677,1.700012944638729e-06,12
4659,504382,1.700012944638729e-06,12
4660,349352,2.400018274784088e-06,13
4661,28355,2.400018274784088e-06,13
4662,453445,3.400025889277458e-06,14
4663,221154,1.700012944638729e-06,12
4664,234932,3.500026650726795e-06,14
4665,357977,1.5998957678675652e-06,12
4666,921219,2.300017513334751e-06,13
4667,112122,1.700012944638729e-06,12
4668,299463,7.699942216277122e-06,18
4669,346641,1.800013706088066e-06,12
4670,986714,1.700012944638729e-06,12
4671,380945,1.500011421740055e-06,12
4672,797613,3.5999109968543053e-06,14
4673,89235,3.400025889277458e-06,14
4674,1094,2.600019797682762e-06,13
4675,238927,2.499902620911598e-06,13
4676,494041,1.700012944638729e-06,12
4677,310864,1.700012944638729e-06,12
4678,143762,1.700012944638729e-06,12
4679,130614,1.5998957678675652e-06,12
4680,404492,1.600012183189392e-06,12
4681,93372,1.600012183189392e-06,12
4682,591457,1.700012944638729e-06,12
4683,904536,1.6998965293169022e-06,12
4684,162447,1.600012183189392e-06,12
4685,636370,1.600012183189392e-06,12
4686,725109,2.400018274784088e-06,13
4687,659743,1.700012944638729e-06,12
4688,332760,2.500019036233425e-06,13
4689,965952,1.800013706088066e-06,12
4690,547603,2.600019797682762e-06,13
4691,42597,1.600012183189392e-06,12
4692,31465,3.100023604929447e-06,13
4693,832080,1.700012944638729e-06,12
4694,795796,2.300017513334751e-06,13
4695,736773,2.399901859462261e-06,13
4696,82643,1.700012944638729e-06,12
4697,50493,1.700012944638729e-06,12
4698,97065,2.500019036233425e-06,13
4699,998763,3.6999117583036423e-06,14
4700,480546,1.700012944638729e-06,12
4701,167024,3.600027412176132e-06,14
4702,864274,2.500019036233425e-06,13
4703,219132,3.600027412176132e-06,14
4704,91298,1.700012944638729e-06,12
4705,417085,1.700012944638729e-06,12
4706,333776,2.399901859462261e-06,13
4707,912537,3.500026650726795e-06,14
4708,608769,1.700012944638729e-06,12
4709,790044,1.600012183189392e-06,12
4710,94535,3.5999109968543053e-06,14
4711,429529,1.700012944638729e-06,12
4712,860243,3.400025889277458e-06,14
4713,940753,2.399901859462261e-06,13
4714,795439,1.600012183189392e-06,12
4715,947285,5.00003807246685e-06,15
4716,852747,1.700012944638729e-06,12
4717,443479,4.600035026669502e-06,15
4718,329504,2.400018274784088e-06,13
4719,31763,1.800013706088066e-06,12
4720,543994,1.5998957678675652e-06,12
4721,811102,1.9000144675374031e-06,12
4722,390611,1.700012944638729e-06,12
4723,119682,4.300032742321491e-06,14
4724,22824,1.800013706088066e-06,12
4725,780009,2.400018274784088e-06,13
4726,278729,1.700012944638729e-06,12
4727,472142,1.600012183189392e-06,12
4728,781490,1.5998957678675652e-06,12
4729,840618,2.400018274784088e-06,13
4730,839110,1.600012183189392e-06,12
4731,608034,1.700012944638729e-06,12
4732,975423,1.800013706088066e-06,12
4733,11129,1.700012944638729e-06,12
4734,637147,1.600012183189392e-06,12
4735,100804,1.600012183189392e-06,12
4736,31869,3.4999102354049683e-06,14
4737,229058,1.600012183189392e-06,12
4738,819505,5.700043402612209e-06,16
4739,863898,3.3999094739556313e-06,14
4740,9655,1.600012183189392e-06,12
4741,914850,3.700028173625469e-06,14
4742,152092,1.700012944638729e-06,12
4743,879890,2.500019036233425e-06,13
4744,233067,4.300032742321491e-06,15
4745,30348,9.699957445263863e-06,19
4746,835571,1.800013706088066e-06,12
4747,831276,1.700012944638729e-06,12
4748,486161,2.599903382360935e-06,13
4749,667421,1.700012944638729e-06,12
4750,47467,1.600012183189392e-06,12
4751,792585,2.300017513334751e-06,13
4752,218322,1.7998972907662392e-06,12
4753,444796,2.600019797682762e-06,13
4754,693940,1.600012183189392e-06,12
4755,962943,1.600012183189392e-06,12
4756,219199,2.399901859462261e-06,13
4757,75863,3.700028173625469e-06,14
4758,555191,1.700012944638729e-06,12
4759,801970,4.499917849898338e-06,15
4760,996723,1.600012183189392e-06,12
4761,515171,1.700012944638729e-06,12
4762,708266,1.700012944638729e-06,12
4763,221918,1.600012183189392e-06,12
4764,846261,1.600012183189392e-06,12
4765,473582,1.500011421740055e-06,12
4766,29949,1.500011421740055e-06,12
4767,697789,1.600012183189392e-06,12
4768,616505,2.6999041438102722e-06,13
4769,316830,3.400025889277458e-06,14
4770,889798,1.600012183189392e-06,12
4771,851708,1.500011421740055e-06,12
4772,13295,2.499902620911598e-06,13
4773,458233,2.500019036233425e-06,13
4774,58190,2.500019036233425e-06,13
4775,465859,3.500026650726795e-06,14
4776,598665,3.400025889277458e-06,14
4777,329635,1.700012944638729e-06,12
4778,128840,2.500019036233425e-06,13
4779,396948,1.5998957678675652e-06,12
4780,841253,1.700012944638729e-06,12
4781,543113,6.700051017105579e-06,17
4782,71393,1.6998965293169022e-06,12
4783,579744,1.600012183189392e-06,12
4784,47838,3.400025889277458e-06,14
4785,413016,2.400018274784088e-06,13
4786,834374,1.700012944638729e-06,12
4787,161082,1.600012183189392e-06,12
4788,250975,1.700012944638729e-06,12
4789,861631,2.500019036233425e-06,13
4790,117313,5.199923180043697e-06,14
4791,693861,2.500019036233425e-06,13
4792,601859,2.600019797682762e-06,13
4793,589725,1.5998957678675652e-06,12
4794,473312,2.400018274784088e-06,13
4795,264901,2.400018274784088e-06,13
4796,356630,4.199915565550327e-06,15
4797,274882,1.700012944638729e-06,12
4798,651169,2.500019036233425e-06,13
4799,815142,2.500019036233425e-06,13
4800,788801,3.400025889277458e-06,14
4801,231170,2.300017513334751e-06,13
4802,560765,2.500019036233425e-06,13
4803,642159,1.7998972907662392e-06,12
4804,183162,1.600012183189392e-06,12
4805,836649,1.600012183189392e-06,12
4806,457836,3.600027412176132e-06,14
4807,713853,1.6998965293169022e-06,12
4808,667771,1.600012183189392e-06,12
4809,577692,1.600012183189392e-06,12
4810,232680,2.400018274784088e-06,13
4811,241741,1.5998957678675652e-06,12
4812,12537,1.600012183189392e-06,12
4813,974498,1.500011421740055e-06,12
4814,971180,3.400025889277458e-06,14
4815,707361,4.399917088449001e-06,15
4816,247126,1.600012183189392e-06,12
4817,852717,3.400025889277458e-06,14
4818,841400,5.199923180043697e-06,15
4819,663772,1.800013706088066e-06,12
4820,934797,4.500034265220165e-06,15
4821,415521,1.6998965293169022e-06,12
4822,125688,3.700028173625469e-06,14
4823,857019,1.600012183189392e-06,12
4824,687410,8.199946023523808e-06,18
4825,258718,1.600012183189392e-06,12
4826,705609,1.700012944638729e-06,12
4827,530600,3.4999102354049683e-06,14
4828,472123,3.400025889277458e-06,14
4829,407021,1.700012944638729e-06,12
4830,426836,2.00001522898674e-06,12
4831,859301,1.600012183189392e-06,12
4832,651723,3.600027412176132e-06,14
4833,441861,1.700012944638729e-06,12
4834,603039,1.600012183189392e-06,12
4835,831743,1.500011421740055e-06,12
4836,372143,1.700012944638729e-06,12
4837,269819,4.300032742321491e-06,15
4838,491582,1.600012183189392e-06,12
4839,280784,3.500026650726795e-06,14
4840,66644,1.600012183189392e-06,12
4841,992628,1.800013706088066e-06,12
4842,780752,1.600012183189392e-06,12
4843,689513,1.600012183189392e-06,12
4844,414383,1.600012183189392e-06,12
4845,439577,1.500011421740055e-06,12
4846,460719,2.400018274784088e-06,13
4847,274190,1.5998957678675652e-06,12
4848,397697,4.500034265220165e-06,15
4849,652211,1.600012183189392e-06,12
4850,57972,1.700012944638729e-06,12
4851,434778,1.700012944638729e-06,12
4852,921163,1.600012183189392e-06,12
4853,799670,2.500019036233425e-06,13
4854,35100,3.5999109968543053e-06,14
4855,365469,1.600012183189392e-06,12
4856,329116,1.600012183189392e-06,12
4857,627754,1.700012944638729e-06,12
4858,578913,2.400018274784088e-06,13
4859,964504,1.600012183189392e-06,12
4860,322203,4.700035788118839e-06,15
4861,732605,1.700012944638729e-06,12
4862,243145,1.6998965293169022e-06,12
4863,396421,1.600012183189392e-06,12
4864,602854,2.300017513334751e-06,13
4865,421997,2.400018274784088e-06,13
4866,751837,1.600012183189392e-06,12
4867,459843,1.700012944638729e-06,12
4868,653833,2.400018274784088e-06,13
4869,91107,4.600035026669502e-06,15
4870,910927,3.600027412176132e-06,14
4871,86034,2.600019797682762e-06,13
4872,142898,1.800013706088066e-06,12
4873,452702,2.499902620911598e-06,13
4874,822920,1.800013706088066e-06,12
4875,202133,1.800013706088066e-06,12
4876,903723,1.500011421740055e-06,12
4877,409947,3.3999094739556313e-06,14
4878,158201,1.600012183189392e-06,12
4879,883171,1.600012183189392e-06,12
4880,44449,4.300032742321491e-06,14
4881,254116,1.700012944638729e-06,12
4882,880884,1.600012183189392e-06,12
4883,981412,1.700012944638729e-06,12
4884,397853,1.700012944638729e-06,12
4885,893148,1.6998965293169022e-06,12
4886,67226,2.500019036233425e-06,13
4887,649354,1.700012944638729e-06,12
4888,558653,2.500019036233425e-06,13
4889,50264,2.399901859462261e-06,13
4890,365189,2.400018274784088e-06,13
4891,489632,4.700035788118839e-06,15
4892,379313,2.499902620911598e-06,13
4893,447563,1.700012944638729e-06,12
4894,564734,1.600012183189392e-06,12
4895,347329,2.400018274784088e-06,13
4896,938059,1.600012183189392e-06,12
4897,929197,3.700028173625469e-06,14
4898,799435,5.300040356814861e-06,16
4899,581804,1.6998965293169022e-06,12
4900,505316,1.700012944638729e-06,12
4901,547545,1.600012183189392e-06,12
4902,277221,5.200039595365524e-06,16
4903,18411,1.9000144675374031e-06,12
4904,259536,1.800013706088066e-06,12
4905,698204,2.600019797682762e-06,13
4906,402933,2.499902620911598e-06,13
4907,597125,1.700012944638729e-06,12
4908,890533,2.400018274784088e-06,13
4909,716077,1.800013706088066e-06,12
4910,24594,1.700012944638729e-06,12
4911,296104,2.500019036233425e-06,13
4912,671964,2.400018274784088e-06,13
4913,743899,2.500019036233425e-06,13
4914,405079,1.6998965293169022e-06,12
4915,160162,1.700012944638729e-06,12
4916,718203,3.500026650726795e-06,14
4917,281670,2.400018274784088e-06,13
4918,470378,2.499902620911598e-06,13
4919,812529,2.400018274784088e-06,13
4920,950282,2.400018274784088e-06,13
4921,462436,1.600012183189392e-06,12
4922,513537,9.299954399466515e-06,19
4923,254982,3.500026650726795e-06,14
4924,766588,2.400018274784088e-06,13
4925,203943,2.500019036233425e-06,13
4926,618649,1.700012944638729e-06,12
4927,987981,1.700012944638729e-06,12
4928,441142,1.800013706088066e-06,12
4929,549184,1.600012183189392e-06,12
4930,122933,1.700012944638729e-06,12
4931,674418,2.400018274784088e-06,13
4932,325588,1.600012183189392e-06,12
4933,825401,2.500019036233425e-06,13
4934,980460,2.600019797682762e-06,13
4935,240057,1.600012183189392e-06,12
4936,835944,2.600019797682762e-06,13
4937,589064,7.500057108700275e-06,18
4938,58198,1.6998965293169022e-06,12
4939,722725,1.700012944638729e-06,12
4940,630233,3.400025889277458e-06,14
4941,260218,3.300025127828121e-06,14
4942,712218,1.800013706088066e-06,12
4943,134876,1.700012944638729e-06,12
4944,729681,2.500019036233425e-06,13
4945,298706,2.600019797682762e-06,13
4946,110583,2.00001522898674e-06,12
4947,707942,1.500011421740055e-06,12
4948,51066,3.700028173625469e-06,14
4949,558202,2.499902620911598e-06,13
4950,165376,2.500019036233425e-06,13
4951,70520,1.700012944638729e-06,12
4952,309134,1.600012183189392e-06,12
4953,520471,3.6999117583036423e-06,14
4954,166489,6.400048732757568e-06,15
4955,537299,1.800013706088066e-06,12
4956,942666,1.600012183189392e-06,12
4957,636111,3.600027412176132e-06,14
4958,350223,1.700012944638729e-06,12
4959,786594,3.5999109968543053e-06,14
4960,789600,1.600012183189392e-06,12
4961,788620,1.600012183189392e-06,12
4962,909019,1.600012183189392e-06,12
4963,456154,1.800013706088066e-06,12
4964,565797,2.300017513334751e-06,13
4965,609127,1.600012183189392e-06,12
4966,644364,1.700012944638729e-06,12
4967,894004,3.400025889277458e-06,13
4968,590116,2.500019036233425e-06,13
4969,218654,2.500019036233425e-06,13
4970,657775,1.600012183189392e-06,12
4971,142152,6.4999330788850784e-06,17
4972,89164,1.700012944638729e-06,12
4973,865578,2.00001522898674e-06,12
4974,202884,2.499902620911598e-06,13
4975,940420,3.500026650726795e-06,14
4976,240959,5.200039595365524e-06,15
4977,883107,2.500019036233425e-06,13
4978,471031,1.700012944638729e-06,12
4979,743542,1.600012183189392e-06,12
4980,8460,1.600012183189392e-06,12
4981,897190,1.6998965293169022e-06,12
4982,81511,2.400018274784088e-06,13
4983,339688,4.500034265220165e-06,15
4984,758438,2.399901859462261e-06,13
4985,701482,1.700012944638729e-06,12
4986,436618,2.500019036233425e-06,13
4987,719329,2.400018274784088e-06,13
4988,404774,1.600012183189392e-06,12
4989,628102,3.300025127828121e-06,13
4990,958907,2.500019036233425e-06,13
4991,579473,1.700012944638729e-06,12
4992,806434,2.399901859462261e-06,13
4993,815280,2.300017513334751e-06,13
4994,103797,1.800013706088066e-06,12
4995,979587,1.700012944638729e-06,12
4996,787389,2.499902620911598e-06,13
4997,811117,2.500019036233425e-06,13
4998,803891,1.600012183189392e-06,12
4999,342714,1.500011421740055e-06,12
5000,476595,2.599903382360935e-06,13
5001,35541,1.600012183189392e-06,12
5002,22055,1.700012944638729e-06,12
5003,117604,2.500019036233425e-06,13
5004,505255,3.5999109968543053e-06,14
5005,264365,1.700012944638729e-06,12
5006,932600,1.600012183189392e-06,12
5007,501898,1.700012944638729e-06,12
5008,61468,1.5998957678675652e-06,12
5009,56752,5.400041118264198e-06,15
5010,710352,1.800013706088066e-06,12
5011,250254,1.600012183189392e-06,12
5012,800984,2.400018274784088e-06,13
5013,274002,1.600012183189392e-06,12
5014,688268,2.400018274784088e-06,13
5015,715663,1.700012944638729e-06,12
5016,178838,1.700012944638729e-06,12
5017,347154,1.600012183189392e-06,12
5018,422862,2.500019036233425e-06,13
5019,249834,2.399901859462261e-06,13
5020,763297,1.600012183189392e-06,12
5021,969517,1.600012183189392e-06,12
5022,84241,3.200024366378784e-06,13
5023,747796,2.599903382360935e-06,13
5024,486209,1.600012183189392e-06,12
5025,459573,3.300025127828121e-06,14
5026,703139,1.800013706088066e-06,12
5027,122626,1.800013706088066e-06,12
5028,223530,3.500026650726795e-06,14
5029,776648,1.600012183189392e-06,12
5030,93660,1.600012183189392e-06,12
5031,525307,2.500019036233425e-06,13
5032,363882,1.700012944638729e-06,12
5033,838389,1.700012944638729e-06,12
5034,734637,1.700012944638729e-06,12
5035,439435,2.599903382360935e-06,13
5036,611938,2.500019036233425e-06,13
5037,672078,1.700012944638729e-06,12
5038,383949,1.700012944638729e-06,12
5039,687582,1.5998957678675652e-06,12
5040,964729,3.600027412176132e-06,14
5041,535425,1.700012944638729e-06,12
5042,383003,1.700012944638729e-06,12
5043,448519,2.399901859462261e-06,13
5044,58889,3.500026650726795e-06,14
5045,56120,3.600027412176132e-06,14
5046,174795,1.6998965293169022e-06,12
5047,163673,1.700012944638729e-06,12
5048,877193,1.700012944638729e-06,12
5049,813826,2.400018274784088e-06,13
5050,293407,1.700012944638729e-06,12
5051,909,1.500011421740055e-06,12
5052,163627,3.400025889277458e-06,14
5053,576375,1.700012944638729e-06,12
5054,669316,3.4999102354049683e-06,14
5055,920660,4.300032742321491e-06,14
5056,506028,2.500019036233425e-06,13
5057,127759,3.4999102354049683e-06,14
5058,636653,1.800013706088066e-06,12
5059,740654,1.600012183189392e-06,12
5060,376830,2.400018274784088e-06,13
5061,100339,1.6998965293169022e-06,12
5062,841278,1.500011421740055e-06,12
5063,30659,1.500011421740055e-06,12
5064,616542,1.700012944638729e-06,12
5065,41857,1.600012183189392e-06,12
5066,592382,1.600012183189392e-06,12
5067,277942,1.600012183189392e-06,12
5068,54464,6.300047971308231e-06,16
5069,929158,1.7998972907662392e-06,12
5070,396915,2.500019036233425e-06,13
5071,800847,1.600012183189392e-06,12
5072,646279,1.800013706088066e-06,12
5073,49979,2.399901859462261e-06,13
5074,486058,1.700012944638729e-06,12
5075,987445,2.600019797682762e-06,13
5076,533716,2.500019036233425e-06,13
5077,382226,2.399901859462261e-06,13
5078,587977,1.700012944638729e-06,12
5079,2269,1.500011421740055e-06,12
5080,919817,1.700012944638729e-06,12
5081,589559,1.5998957678675652e-06,12
5082,88987,2.400018274784088e-06,13
5083,180802,2.500019036233425e-06,13
5084,854671,1.700012944638729e-06,12
5085,982838,3.5999109968543053e-06,14
5086,284703,1.800013706088066e-06,12
5087,480719,2.400018274784088e-06,13
5088,955615,2.300017513334751e-06,13
5089,253800,1.7998972907662392e-06,12
5090,927374,1.600012183189392e-06,12
5091,18668,6.400048732757568e-06,16
5092,172988,2.6999041438102722e-06,13
5093,355838,1.700012944638729e-06,12
5094,16437,2.400018274784088e-06,13
5095,256536,2.500019036233425e-06,13
5096,199447,1.600012183189392e-06,12
5097,222428,2.500019036233425e-06,13
5098,945998,3.700028173625469e-06,14
5099,573454,2.299901098012924e-06,13
5100,757145,1.700012944638729e-06,12
5101,845287,1.700012944638729e-06,12
5102,351509,1.700012944638729e-06,12
5103,929581,2.499902620911598e-06,13
5104,435905,1.700012944638729e-06,12
5105,899235,1.600012183189392e-06,12
5106,277574,1.700012944638729e-06,12
5107,148732,1.700012944638729e-06,12
5108,533538,1.600012183189392e-06,12
5109,990015,1.600012183189392e-06,12
5110,789904,2.400018274784088e-06,13
5111,567512,3.500026650726795e-06,14
5112,59628,3.900029696524143e-06,14
5113,155789,3.600027412176132e-06,14
5114,620491,2.600019797682762e-06,13
5115,881619,9.200070053339005e-06,18
5116,893237,3.4999102354049683e-06,14
5117,297012,1.600012183189392e-06,12
5118,107540,1.700012944638729e-06,12
5119,508824,1.600012183189392e-06,12
5120,337446,1.600012183189392e-06,12
5121,477978,4.700035788118839e-06,14
5122,558217,1.700012944638729e-06,12
5123,333562,1.600012183189392e-06,12
5124,108433,1.6998965293169022e-06,12
5125,116928,1.600012183189392e-06,12
5126,731082,1.700012944638729e-06,12
5127,291608,1.700012944638729e-06,12
5128,691776,1.600012183189392e-06,12
5129,608095,3.500026650726795e-06,14
5130,970153,2.400018274784088e-06,13
5131,18643,1.500011421740055e-06,12
5132,19187,2.399901859462261e-06,13
5133,963709,2.400018274784088e-06,13
5134,196546,1.700012944638729e-06,12
5135,451031,2.500019036233425e-06,13
5136,573946,1.5998957678675652e-06,12
5137,219385,1.700012944638729e-06,12
5138,750730,1.500011421740055e-06,12
5139,166928,1.600012183189392e-06,12
5140,21990,2.500019036233425e-06,13
5141,800743,3.500026650726795e-06,14
5142,505302,1.600012183189392e-06,12
5143,468320,2.500019036233425e-06,13
5144,59615,1.600012183189392e-06,12
5145,763772,1.500011421740055e-06,12
5146,249468,3.400025889277458e-06,14
5147,835395,3.400025889277458e-06,14
5148,979959,1.6998965293169022e-06,12
5149,739324,2.500019036233425e-06,13
5150,855607,1.600012183189392e-06,12
5151,746918,1.600012183189392e-06,12
5152,647382,1.7998972907662392e-06,12
5153,753208,2.500019036233425e-06,13
5154,340598,1.600012183189392e-06,12
5155,855491,3.400025889277458e-06,14
5156,705199,2.499902620911598e-06,13
5157,79144,2.500019036233425e-06,13
5158,904742,3.200024366378784e-06,13
5159,190629,1.9000144675374031e-06,12
5160,710161,3.600027412176132e-06,14
5161,960901,1.600012183189392e-06,12
5162,59204,1.700012944638729e-06,12
5163,403920,4.299916326999664e-06,15
5164,452632,1.800013706088066e-06,12
5165,989232,2.600019797682762e-06,13
5166,443575,1.700012944638729e-06,12
5167,953089,2.400018274784088e-06,13
5168,619967,1.700012944638729e-06,12
5169,499628,2.500019036233425e-06,13
5170,421159,1.700012944638729e-06,12
5171,545277,1.600012183189392e-06,12
5172,342362,3.600027412176132e-06,14
5173,727568,2.400018274784088e-06,13
5174,577849,2.500019036233425e-06,13
5175,916909,1.600012183189392e-06,12
5176,295585,4.300032742321491e-06,14
5177,213206,3.400025889277458e-06,14
5178,710110,1.800013706088066e-06,12
5179,288918,1.600012183189392e-06,12
5180,364286,1.700012944638729e-06,12
5181,982082,1.600012183189392e-06,12
5182,842480,2.399901859462261e-06,13
5183,633077,4.400033503770828e-06,15
5184,535792,2.500019036233425e-06,13
5185,512687,1.600012183189392e-06,12
5186,623657,2.500019036233425e-06,13
5187,682820,1.600012183189392e-06,12
5188,575001,1.600012183189392e-06,12
5189,922491,1.600012183189392e-06,12
5190,722756,5.300040356814861e-06,15
5191,215687,1.800013706088066e-06,12
5192,519140,2.500019036233425e-06,13
5193,89219,1.700012944638729e-06,12
5194,47084,2.500019036233425e-06,13
5195,435269,1.800013706088066e-06,12
5196,191734,1.800013706088066e-06,12
5197,114990,7.4999406933784485e-06,18
5198,318440,1.700012944638729e-06,12
5199,582536,1.800013706088066e-06,12
5200,989655,1.700012944638729e-06,12
5201,548709,1.800013706088066e-06,12
5202,735861,1.600012183189392e-06,12
5203,10304,2.500019036233425e-06,13
5204,60132,1.6998965293169022e-06,12
5205,169087,1.700012944638729e-06,12
5206,421411,3.700028173625469e-06,14
5207,759896,1.600012183189392e-06,12
5208,403106,1.5998957678675652e-06,12
5209,145234,1.600012183189392e-06,12
5210,435887,6.800051778554916e-06,17
5211,244528,1.7998972907662392e-06,12
5212,196975,2.400018274784088e-06,13
5213,323515,1.600012183189392e-06,12
5214,290276,3.400025889277458e-06,14
5215,83125,2.500019036233425e-06,13
5216,123887,1.600012183189392e-06,12
5217,650255,2.600019797682762e-06,13
5218,575619,2.600019797682762e-06,13
5219,919279,4.300032742321491e-06,14
5220,326412,1.700012944638729e-06,12
5221,192281,1.600012183189392e-06,12
5222,364683,1.5998957678675652e-06,12
5223,898098,1.700012944638729e-06,12
5224,381579,1.600012183189392e-06,12
5225,722941,2.500019036233425e-06,13
5226,786724,1.700012944638729e-06,12
5227,514913,3.100023604929447e-06,13
5228,874537,2.500019036233425e-06,13
5229,16484,1.700012944638729e-06,12
5230,799668,1.600012183189392e-06,12
5231,710046,2.400018274784088e-06,13
5232,263592,1.700012944638729e-06,12
5233,992984,3.400025889277458e-06,14
5234,232708,1.700012944638729e-06,12
5235,296385,1.600012183189392e-06,12
5236,322085,1.600012183189392e-06,12
5237,402409,2.500019036233425e-06,13
5238,186939,2.400018274784088e-06,13
5239,228172,1.600012183189392e-06,12
5240,766045,4.600035026669502e-06,15
5241,360123,5.499925464391708e-06,16
5242,929560,1.700012944638729e-06,12
5243,995894,7.4999406933784485e-06,18
5244,438992,2.600019797682762e-06,13
5245,804063,1.700012944638729e-06,12
5246,773085,3.3999094739556313e-06,14
5247,458206,1.700012944638729e-06,12
5248,599543,1.700012944638729e-06,12
5249,413420,1.700012944638729e-06,12
5250,135321,2.500019036233425e-06,13
5251,763167,2.300017513334751e-06,13
5252,273990,2.400018274784088e-06,13
5253,206508,1.700012944638729e-06,12
5254,146790,1.600012183189392e-06,12
5255,494001,2.600019797682762e-06,13
5256,571306,2.400018274784088e-06,13
5257,745974,1.600012183189392e-06,12
5258,420201,1.700012944638729e-06,12
5259,868442,1.800013706088066e-06,12
5260,334485,1.600012183189392e-06,12
5261,526566,2.400018274784088e-06,13
5262,940484,1.600012183189392e-06,12
5263,555339,2.500019036233425e-06,13
5264,190850,3.700028173625469e-06,14
5265,276316,2.400018274784088e-06,13
5266,750053,1.5998957678675652e-06,12
5267,642435,9.400071576237679e-06,19
5268,157169,3.5999109968543053e-06,14
5269,525361,1.700012944638729e-06,12
5270,668753,1.800013706088066e-06,12
5271,626288,2.500019036233425e-06,13
5272,718897,1.6998965293169022e-06,12
5273,712150,3.700028173625469e-06,14
5274,757206,1.600012183189392e-06,12
5275,565471,1.700012944638729e-06,12
5276,408205,3.3999094739556313e-06,14
5277,780620,2.400018274784088e-06,13
5278,992472,1.600012183189392e-06,12
5279,102028,1.700012944638729e-06,12
5280,431309,4.400033503770828e-06,15
5281,781400,2.300017513334751e-06,13
5282,213135,1.700012944638729e-06,12
5283,371259,1.7998972907662392e-06,12
5284,231987,1.600012183189392e-06,12
5285,756335,2.400018274784088e-06,13
5286,907538,1.600012183189392e-06,12
5287,398056,1.600012183189392e-06,12
5288,182017,2.400018274784088e-06,13
5289,9354,2.500019036233425e-06,13
5290,211939,1.700012944638729e-06,12
5291,708489,2.400018274784088e-06,13
5292,91580,1.700012944638729e-06,12
5293,93942,2.600019797682762e-06,13
5294,223055,1.700012944638729e-06,12
5295,281735,1.700012944638729e-06,12
5296,175037,3.500026650726795e-06,14
5297,33676,1.600012183189392e-06,12
5298,956280,1.600012183189392e-06,12
5299,391308,2.399901859462261e-06,13
5300,955358,2.500019036233425e-06,13
5301,952185,2.500019036233425e-06,13
5302,317369,1.600012183189392e-06,12
5303,679933,2.299901098012924e-06,13
5304,249758,1.600012183189392e-06,12
5305,696405,1.800013706088066e-06,12
5306,333977,3.500026650726795e-06,14
5307,298121,3.3999094739556313e-06,14
5308,130222,2.500019036233425e-06,13
5309,878157,1.700012944638729e-06,12
5310,118153,1.600012183189392e-06,12
5311,647148,5.600042641162872e-06,15
5312,7246,2.500019036233425e-06,13
5313,31156,2.400018274784088e-06,13
5314,638596,1.600012183189392e-06,12
5315,452663,3.500026650726795e-06,14
5316,688608,1.700012944638729e-06,12
5317,708932,1.600012183189392e-06,12
5318,208830,2.400018274784088e-06,13
5319,692838,1.600012183189392e-06,12
5320,445254,1.600012183189392e-06,12
5321,389397,1.600012183189392e-06,12
5322,114691,1.5998957678675652e-06,12
5323,216211,1.700012944638729e-06,12
5324,762754,5.500041879713535e-06,16
5325,758097,1.6998965293169022e-06,12
5326,956814,4.500034265220165e-06,15
5327,486134,3.500026650726795e-06,14
5328,453288,1.7998972907662392e-06,12
5329,948125,1.600012183189392e-06,12
5330,652470,1.600012183189392e-06,12
5331,589742,3.4999102354049683e-06,14
5332,430162,1.700012944638729e-06,12
5333,799514,2.400018274784088e-06,13
5334,261310,2.400018274784088e-06,13
5335,155011,1.6998965293169022e-06,12
5336,312751,1.600012183189392e-06,12
5337,321880,2.500019036233425e-06,13
5338,510519,2.600019797682762e-06,13
5339,105775,1.7998972907662392e-06,12
5340,545401,2.500019036233425e-06,13
5341,209326,1.600012183189392e-06,12
5342,385654,1.500011421740055e-06,12
5343,283032,2.400018274784088e-06,13
5344,41256,3.400025889277458e-06,14
5345,827559,1.600012183189392e-06,12
5346,542528,2.400018274784088e-06,13
5347,233468,1.5998957678675652e-06,12
5348,245390,1.600012183189392e-06,12
5349,270182,1.600012183189392e-06,12
5350,518006,1.600012183189392e-06,12
5351,522028,1.700012944638729e-06,12
5352,555654,1.5998957678675652e-06,12
5353,850497,1.700012944638729e-06,12
5354,485894,1.500011421740055e-06,12
5355,979977,3.500026650726795e-06,14
5356,89364,1.6998965293169022e-06,12
5357,441753,3.600027412176132e-06,14
5358,562284,1.700012944638729e-06,12
5359,335699,2.500019036233425e-06,13
5360,938382,3.100023604929447e-06,13
5361,449980,1.700012944638729e-06,12
5362,272465,2.500019036233425e-06,13
5363,771047,2.399901859462261e-06,13
5364,220672,1.600012183189392e-06,12
5365,940101,2.500019036233425e-06,13
5366,771186,1.600012183189392e-06,12
5367,289360,1.700012944638729e-06,12
5368,626838,3.700028173625469e-06,14
5369,432105,1.700012944638729e-06,12
5370,293003,3.700028173625469e-06,14
5371,51137,1.800013706088066e-06,12
5372,825089,1.700012944638729e-06,12
5373,223443,1.600012183189392e-06,12
5374,151837,5.499925464391708e-06,16
5375,265433,3.300025127828121e-06,14
5376,612291,1.700012944638729e-06,12
5377,193890,3.5999109968543053e-06,14
5378,653360,1.700012944638729e-06,12
5379,346964,6.500049494206905e-06,17
5380,826621,2.399901859462261e-06,13
5381,956619,1.600012183189392e-06,12
5382,879978,1.700012944638729e-06,12
5383,86497,1.700012944638729e-06,12
5384,662747,1.700012944638729e-06,12
5385,753221,1.700012944638729e-06,12
5386,632630,2.500019036233425e-06,13
5387,619913,1.600012183189392e-06,12
5388,311597,2.600019797682762e-06,13
5389,282755,1.600012183189392e-06,12
5390,132546,2.500019036233425e-06,13
5391,335156,1.600012183189392e-06,12
5392,137693,1.600012183189392e-06,12
5393,602546,1.5998957678675652e-06,12
5394,23507,1.600012183189392e-06,12
5395,79186,1.700012944638729e-06,12
5396,633270,1.600012183189392e-06,12
5397,946869,1.600012183189392e-06,12
5398,29331,2.600019797682762e-06,13
5399,249215,1.700012944638729e-06,12
5400,234328,1.700012944638729e-06,12
5401,250333,1.700012944638729e-06,12
5402,34629,1.600012183189392e-06,12
5403,465431,1.600012183189392e-06,12
5404,360422,1.700012944638729e-06,12
5405,914440,2.500019036233425e-06,13
5406,818542,1.6998965293169022e-06,12
5407,949999,3.500026650726795e-06,14
5408,995012,2.400018274784088e-06,13
5409,229390,1.700012944638729e-06,12
5410,754558,1.600012183189392e-06,12
5411,883513,3.600027412176132e-06,14
5412,451604,1.600012183189392e-06,12
5413,702023,1.700012944638729e-06,12
5414,881315,1.500011421740055e-06,12
5415,139241,3.500026650726795e-06,14
5416,575765,1.700012944638729e-06,12
5417,259643,1.700012944638729e-06,12
5418,87810,3.500026650726795e-06,14
5419,70449,4.600035026669502e-06,15
5420,922454,2.400018274784088e-06,13
5421,648782,3.400025889277458e-06,14
5422,311250,1.700012944638729e-06,12
5423,651010,1.700012944638729e-06,12
5424,766107,1.700012944638729e-06,12
5425,476803,1.600012183189392e-06,12
5426,113744,1.600012183189392e-06,12
5427,349013,1.600012183189392e-06,12
5428,516219,1.600012183189392e-06,12
5429,972284,4.999921657145023e-06,15
5430,728931,1.600012183189392e-06,12
5431,384959,2.500019036233425e-06,13
5432,73286,1.6998965293169022e-06,12
5433,530249,1.700012944638729e-06,12
5434,803435,2.400018274784088e-06,13
5435,676687,1.700012944638729e-06,12
5436,845189,2.299901098012924e-06,13
5437,225655,1.700012944638729e-06,12
5438,46536,1.700012944638729e-06,12
5439,853747,4.600035026669502e-06,15
5440,776968,1.6998965293169022e-06,12
5441,109833,1.600012183189392e-06,12
5442,440927,1.600012183189392e-06,12
5443,823809,1.600012183189392e-06,12
5444,981719,1.600012183189392e-06,12
5445,938791,1.800013706088066e-06,12
5446,598329,1.600012183189392e-06,12
5447,180056,1.600012183189392e-06,12
5448,79212,5.599926225841045e-06,16
5449,11655,3.500026650726795e-06,14
5450,991736,1.700012944638729e-06,12
5451,580889,1.6998965293169022e-06,12
5452,718859,5.800044164061546e-06,16
5453,158567,1.700012944638729e-06,12
5454,431588,1.7998972907662392e-06,12
5455,817899,1.700012944638729e-06,12
5456,659910,2.500019036233425e-06,13
5457,110448,3.600027412176132e-06,14
5458,984241,2.500019036233425e-06,13
5459,666617,7.70005863159895e-06,17
5460,12345,1.6998965293169022e-06,12
5461,705243,1.700012944638729e-06,12
5462,660131,3.600027412176132e-06,14
5463,140595,1.700012944638729e-06,12
5464,407055,3.4999102354049683e-06,14
5465,97190,1.700012944638729e-06,12
5466,281317,1.700012944638729e-06,12
5467,577962,1.600012183189392e-06,12
5468,456105,6.6999346017837524e-06,17
5469,296710,2.800021320581436e-06,13
5470,108413,2.399901859462261e-06,13
5471,637909,2.400018274784088e-06,13
5472,669950,1.600012183189392e-06,12
5473,403053,5.600042641162872e-06,16
5474,699999,2.500019036233425e-06,13
5475,666708,1.600012183189392e-06,12
5476,918767,2.500019036233425e-06,13
5477,830414,3.899913281202316e-06,14
5478,519690,3.500026650726795e-06,14
5479,711027,2.400018274784088e-06,13
5480,670017,2.499902620911598e-06,13
5481,37438,1.500011421740055e-06,12
5482,851724,2.400018274784088e-06,13
5483,101413,1.600012183189392e-06,12
5484,74957,2.400018274784088e-06,13
5485,595299,2.500019036233425e-06,13
5486,109316,1.600012183189392e-06,12
5487,667902,4.600035026669502e-06,15
5488,592656,4.400033503770828e-06,15
5489,595723,1.700012944638729e-06,12
5490,29873,1.600012183189392e-06,12
5491,819591,1.700012944638729e-06,12
5492,450991,3.500026650726795e-06,14
5493,65820,1.800013706088066e-06,12
5494,119866,1.700012944638729e-06,12
5495,768756,3.4999102354049683e-06,14
5496,469619,1.700012944638729e-06,12
5497,704164,1.600012183189392e-06,12
5498,599837,2.500019036233425e-06,13
5499,982177,1.5998957678675652e-06,12
5500,542209,1.600012183189392e-06,12
5501,851158,2.700020559132099e-06,13
5502,896,3.600027412176132e-06,14
5503,262021,1.6998965293169022e-06,12
5504,33810,2.200016751885414e-06,13
5505,717203,1.600012183189392e-06,12
5506,954913,3.500026650726795e-06,14
5507,469477,2.500019036233425e-06,13
5508,792589,1.600012183189392e-06,12
5509,683911,2.500019036233425e-06,13
5510,677331,1.700012944638729e-06,12
5511,208370,2.600019797682762e-06,13
5512,481777,1.800013706088066e-06,12
5513,191076,1.700012944638729e-06,12
5514,541688,1.600012183189392e-06,12
5515,311930,3.4999102354049683e-06,14
5516,110785,1.500011421740055e-06,12
5517,500472,2.400018274784088e-06,13
5518,197772,1.700012944638729e-06,12
5519,850683,1.700012944638729e-06,12
5520,16871,1.700012944638729e-06,12
5521,623883,1.700012944638729e-06,12
5522,561450,1.800013706088066e-06,12
5523,588035,3.6999117583036423e-06,14
5524,730039,1.700012944638729e-06,12
5525,403520,1.700012944638729e-06,12
5526,264905,1.700012944638729e-06,12
5527,895402,1.5998957678675652e-06,12
5528,110938,2.500019036233425e-06,13
5529,645621,1.600012183189392e-06,12
5530,554521,1.600012183189392e-06,12
5531,644628,1.800013706088066e-06,12
5532,313875,1.700012944638729e-06,12
5533,456258,1.600012183189392e-06,12
5534,586191,1.600012183189392e-06,12
5535,597654,3.500026650726795e-06,14
5536,816106,3.500026650726795e-06,14
5537,962085,2.400018274784088e-06,13
5538,450527,2.600019797682762e-06,13
5539,937513,1.5998957678675652e-06,12
5540,537888,1.500011421740055e-06,12
5541,500002,1.600012183189392e-06,12
5542,306368,2.500019036233425e-06,13
5543,780886,1.600012183189392e-06,12
5544,367113,1.600012183189392e-06,12
5545,528834,1.600012183189392e-06,12
5546,315442,1.9000144675374031e-06,12
5547,570620,1.600012183189392e-06,12
5548,512324,2.499902620911598e-06,13
5549,829177,1.700012944638729e-06,12
5550,132092,1.700012944638729e-06,12
5551,628581,2.500019036233425e-06,13
5552,268716,2.399901859462261e-06,13
5553,932329,1.700012944638729e-06,12
5554,745602,1.700012944638729e-06,12
5555,712011,1.700012944638729e-06,12
5556,189350,1.5998957678675652e-06,12
5557,127060,1.700012944638729e-06,12
5558,207159,1.600012183189392e-06,12
5559,241647,2.500019036233425e-06,13
5560,151028,1.700012944638729e-06,12
5561,650555,5.600042641162872e-06,16
5562,928191,2.500019036233425e-06,13
5563,59192,2.599903382360935e-06,13
5564,586319,5.600042641162872e-06,16
5565,407779,2.500019036233425e-06,13
5566,675815,1.700012944638729e-06,12
5567,332451,1.700012944638729e-06,12
5568,293554,1.600012183189392e-06,12
5569,811199,1.700012944638729e-06,12
5570,559877,1.600012183189392e-06,12
5571,480771,1.6998965293169022e-06,12
5572,868863,2.800021320581436e-06,13
5573,85418,3.600027412176132e-06,14
5574,841924,1.600012183189392e-06,12
5575,207851,1.700012944638729e-06,12
5576,923333,2.400018274784088e-06,13
5577,647515,2.600019797682762e-06,13
5578,439848,1.600012183189392e-06,12
5579,302200,5.00003807246685e-06,14
5580,526681,1.700012944638729e-06,12
5581,932602,2.400018274784088e-06,13
5582,741571,3.500026650726795e-06,14
5583,466360,1.800013706088066e-06,12
5584,303901,2.600019797682762e-06,13
5585,22023,1.700012944638729e-06,12
5586,934571,1.700012944638729e-06,12
5587,541511,2.500019036233425e-06,13
5588,839627,1.600012183189392e-06,12
5589,977177,1.800013706088066e-06,12
5590,879254,1.6998965293169022e-06,12
5591,851731,1.600012183189392e-06,12
5592,656436,3.600027412176132e-06,14
5593,966115,3.5999109968543053e-06,14
5594,264072,4.400033503770828e-06,15
5595,521030,1.700012944638729e-06,12
5596,766999,1.700012944638729e-06,12
5597,470084,1.700012944638729e-06,12
5598,650406,1.600012183189392e-06,12
5599,459237,1.700012944638729e-06,12
5600,225783,2.400018274784088e-06,13
5601,732019,6.299931555986404e-06,17
5602,621777,1.700012944638729e-06,12
5603,944505,1.700012944638729e-06,12
5604,442055,1.6998965293169022e-06,12
5605,143708,3.600027412176132e-06,14
5606,480069,1.700012944638729e-06,12
5607,639168,2.500019036233425e-06,13
5608,905707,3.5999109968543053e-06,14
5609,289631,1.800013706088066e-06,12
5610,77347,1.700012944638729e-06,12
5611,272557,1.600012183189392e-06,12
5612,409078,1.5998957678675652e-06,12
5613,338498,2.600019797682762e-06,12
5614,601554,4.500034265220165e-06,15
5615,734323,2.499902620911598e-06,13
5616,237605,1.700012944638729e-06,12
5617,599919,1.600012183189392e-06,12
5618,349451,1.700012944638729e-06,12
5619,45016,1.600012183189392e-06,12
5620,893637,1.600012183189392e-06,12
5621,315830,2.500019036233425e-06,13
5622,512071,1.600012183189392e-06,12
5623,866202,2.400018274784088e-06,13
5624,719064,1.600012183189392e-06,12
5625,172169,1.600012183189392e-06,12
5626,160277,4.800036549568176e-06,15
5627,754999,1.5998957678675652e-06,12
5628,511381,1.600012183189392e-06,12
5629,309982,2.500019036233425e-06,13
5630,129144,1.700012944638729e-06,12
5631,310472,1.700012944638729e-06,12
5632,457443,1.600012183189392e-06,12
5633,695667,3.500026650726795e-06,14
5634,512355,1.600012183189392e-06,12
5635,934288,1.600012183189392e-06,12
5636,704814,1.600012183189392e-06,12
5637,257809,2.500019036233425e-06,13
5638,176703,3.400025889277458e-06,13
5639,639586,3.5999109968543053e-06,14
5640,329603,3.400025889277458e-06,14
5641,657660,1.600012183189392e-06,12
5642,996354,1.700012944638729e-06,12
5643,283245,1.700012944638729e-06,12
5644,429976,3.600027412176132e-06,14
5645,908067,4.600035026669502e-06,15
5646,678972,3.8000289350748062e-06,14
5647,773348,1.700012944638729e-06,12
5648,219525,5.500041879713535e-06,16
5649,350211,1.700012944638729e-06,12
5650,909773,1.600012183189392e-06,12
5651,978293,1.600012183189392e-06,12
5652,32175,1.600012183189392e-06,12
5653,757996,1.6998965293169022e-06,12
5654,51446,1.700012944638729e-06,12
5655,53831,1.800013706088066e-06,12
5656,696318,1.700012944638729e-06,12
5657,459735,1.700012944638729e-06,12
5658,864087,1.600012183189392e-06,12
5659,582805,2.500019036233425e-06,13
5660,779305,2.300017513334751e-06,13
5661,196039,1.700012944638729e-06,12
5662,307475,1.600012183189392e-06,12
5663,224411,1.600012183189392e-06,12
5664,628849,1.700012944638729e-06,12
5665,25812,1.5998957678675652e-06,12
5666,117441,1.600012183189392e-06,12
5667,564713,2.300017513334751e-06,13
5668,928265,1.600012183189392e-06,12
5669,711321,2.400018274784088e-06,13
5670,158475,2.400018274784088e-06,13
5671,591502,1.700012944638729e-06,12
5672,217498,1.700012944638729e-06,12
5673,528221,1.600012183189392e-06,12
5674,648845,1.700012944638729e-06,12
5675,488439,2.400018274784088e-06,13
5676,171458,1.700012944638729e-06,12
5677,913078,1.700012944638729e-06,12
5678,849862,1.6998965293169022e-06,12
5679,147811,1.700012944638729e-06,12
5680,533079,5.500041879713535e-06,16
5681,829421,5.799927748739719e-06,16
5682,732598,2.300017513334751e-06,13
5683,459254,2.500019036233425e-06,13
5684,274077,1.6998965293169022e-06,12
5685,910273,2.400018274784088e-06,13
5686,613976,1.700012944638729e-06,12
5687,951454,1.700012944638729e-06,12
5688,726384,1.700012944638729e-06,12
5689,880332,3.400025889277458e-06,14
5690,330543,1.600012183189392e-06,12
5691,861335,1.700012944638729e-06,12
5692,124789,1.600012183189392e-06,12
5693,638524,4.200031980872154e-06,14
5694,396128,1.700012944638729e-06,12
5695,393265,2.400018274784088e-06,13
5696,500342,1.5998957678675652e-06,12
5697,307448,2.500019036233425e-06,13
5698,45233,2.400018274784088e-06,13
5699,554767,3.400025889277458e-06,14
5700,425230,1.800013706088066e-06,12
5701,946407,2.400018274784088e-06,13
5702,210260,2.500019036233425e-06,13
5703,508308,1.700012944638729e-06,12
5704,859635,1.600012183189392e-06,12
5705,986825,1.700012944638729e-06,12
5706,769449,1.600012183189392e-06,12
5707,782925,1.600012183189392e-06,12
5708,788621,5.499925464391708e-06,16
5709,910492,1.800013706088066e-06,12
5710,983071,1.700012944638729e-06,12
5711,14397,2.400018274784088e-06,13
5712,177086,1.700012944638729e-06,12
5713,48757,1.700012944638729e-06,12
5714,295269,2.500019036233425e-06,13
5715,314778,1.600012183189392e-06,12
5716,567317,1.800013706088066e-06,12
5717,275944,1.700012944638729e-06,12
5718,522071,4.800036549568176e-06,15
5719,619075,1.700012944638729e-06,12
5720,295451,1.700012944638729e-06,12
5721,564431,1.600012183189392e-06,12
5722,659819,1.600012183189392e-06,12
5723,787853,1.700012944638729e-06,12
5724,218952,1.6998965293169022e-06,12
5725,750312,1.700012944638729e-06,12
5726,913279,2.300017513334751e-06,13
5727,489482,1.800013706088066e-06,12
5728,874352,1.7998972907662392e-06,12
5729,578337,3.500026650726795e-06,14
5730,359912,1.600012183189392e-06,12
5731,657755,2.400018274784088e-06,13
5732,490242,1.5998957678675652e-06,12
5733,366559,1.600012183189392e-06,12
5734,790837,4.400033503770828e-06,15
5735,38230,2.400018274784088e-06,13
5736,33306,2.400018274784088e-06,13
5737,683950,1.800013706088066e-06,12
5738,243739,3.900029696524143e-06,14
5739,205314,1.5998957678675652e-06,12
5740,172824,1.600012183189392e-06,12
5741,601746,1.600012183189392e-06,12
5742,615579,2.400018274784088e-06,13
5743,276439,1.5998957678675652e-06,12
5744,926299,1.700012944638729e-06,12
5745,832349,1.700012944638729e-06,12
5746,354720,1.600012183189392e-06,12
5747,752943,1.700012944638729e-06,12
5748,18070,2.400018274784088e-06,13
5749,400223,1.600012183189392e-06,12
5750,828469,1.600012183189392e-06,12
5751,318170,2.400018274784088e-06,13
5752,250508,2.499902620911598e-06,13
5753,566129,1.700012944638729e-06,12
5754,263545,2.500019036233425e-06,13
5755,690478,1.800013706088066e-06,12
5756,466288,2.499902620911598e-06,13
5757,533367,2.400018274784088e-06,13
5758,210400,1.700012944638729e-06,12
5759,425445,8.599949069321156e-06,18
5760,677901,3.600027412176132e-06,14
5761,688799,3.4999102354049683e-06,14
5762,6018,3.500026650726795e-06,14
5763,394637,1.700012944638729e-06,12
5764,732414,1.500011421740055e-06,12
5765,884683,2.500019036233425e-06,13
5766,466007,1.600012183189392e-06,12
5767,67172,1.700012944638729e-06,12
5768,570944,1.700012944638729e-06,12
5769,320811,2.599903382360935e-06,13
5770,190750,1.700012944638729e-06,12
5771,746040,6.700051017105579e-06,16
5772,970173,1.700012944638729e-06,12
5773,194522,2.100015990436077e-06,12
5774,734003,1.600012183189392e-06,12
5775,489597,2.700020559132099e-06,13
5776,80430,2.399901859462261e-06,13
5777,526500,1.700012944638729e-06,12
5778,870538,2.500019036233425e-06,13
5779,257321,1.600012183189392e-06,12
5780,669537,1.9000144675374031e-06,12
5781,523792,1.600012183189392e-06,12
5782,259485,1.800013706088066e-06,12
5783,58035,3.100023604929447e-06,13
5784,238322,1.800013706088066e-06,12
5785,777488,4.700035788118839e-06,13
5786,738249,1.1299969628453255e-05,14
5787,962632,1.0500079952180386e-05,15
5788,565328,2.900022082030773e-06,12
5789,763511,6.800051778554916e-06,14
5790,665313,7.200054824352264e-06,13
5791,486444,6.400048732757568e-06,13
5792,385375,4.09991480410099e-06,12
5793,814720,4.100031219422817e-06,12
5794,651791,5.400041118264198e-06,12
5795,766352,5.199923180043697e-06,12
5796,650757,5.399924702942371e-06,12
5797,228259,2.829998265951872e-05,15
5798,473657,7.300055585801601e-06,12
5799,173967,2.729997504502535e-05,16
5800,685865,5.600042641162872e-06,12
5801,862816,5.600042641162872e-06,12
5802,840789,8.300063200294971e-06,12
5803,437102,1.0800082236528397e-05,13
5804,447030,3.00002284348011e-06,12
5805,75714,5.400041118264198e-06,12
5806,345355,3.900029696524143e-06,13
5807,595660,6.200047209858894e-06,13
5808,998522,7.500057108700275e-06,12
5809,372958,7.6000578701496124e-06,12
5810,14530,7.999944500625134e-06,12
5811,376850,5.100038833916187e-06,12
5812,258613,5.00003807246685e-06,12
5813,335610,4.399917088449001e-06,12
5814,91335,9.600073099136353e-06,13
5815,445735,3.8000289350748062e-06,12
5816,978429,5.09992241859436e-06,13
5817,454233,3.500026650726795e-06,12
5818,889501,4.699919372797012e-06,13
5819,129736,8.70006624609232e-06,14
5820,311546,1.1599971912801266e-05,16
5821,307784,2.9999064281582832e-06,12
5822,174746,4.800036549568176e-06,13
5823,7653,6.3999323174357414e-06,14
5824,419230,3.400025889277458e-06,12
5825,308371,3.700028173625469e-06,12
5826,766515,5.900044925510883e-06,13
5827,585667,4.100031219422817e-06,12
5828,423922,8.79995059221983e-06,13
5829,453914,3.100023604929447e-06,12
5830,920969,3.200024366378784e-06,12
5831,713815,9.200070053339005e-06,15
5832,409556,3.1999079510569572e-06,12
5833,858079,3.600027412176132e-06,12
5834,63565,4.799920134246349e-06,13
5835,456831,3.00002284348011e-06,12
5836,728152,3.4999102354049683e-06,12
5837,652228,5.100038833916187e-06,13
5838,824954,7.999944500625134e-06,15
5839,799773,3.200024366378784e-06,12
5840,390855,4.699919372797012e-06,13
5841,166692,4.800036549568176e-06,13
5842,455805,3.00002284348011e-06,12
5843,151103,4.900037311017513e-06,13
5844,268676,2.9999064281582832e-06,12
5845,956963,3.500026650726795e-06,12
5846,479132,3.200024366378784e-06,12
5847,123590,3.200024366378784e-06,12
5848,118569,4.600035026669502e-06,13
5849,993390,5.400041118264198e-06,12
5850,921602,2.900022082030773e-06,12
5851,766404,2.700020559132099e-06,12
5852,238365,6.100046448409557e-06,14
5853,360838,3.00002284348011e-06,12
5854,473519,2.900022082030773e-06,12
5855,770632,4.199915565550327e-06,12
5856,880559,3.300025127828121e-06,12
5857,683230,3.1999079510569572e-06,12
5858,485662,3.400025889277458e-06,12
5859,719133,4.799920134246349e-06,13
5860,53420,4.800036549568176e-06,12
5861,530567,5.199923180043697e-06,13
5862,796398,4.300032742321491e-06,12
5863,978790,2.9999064281582832e-06,12
5864,65533,5.700043402612209e-06,13
5865,664113,9.899958968162537e-06,14
5866,108017,1.1399970389902592e-05,15
5867,844084,5.699926987290382e-06,12
5868,603248,5.09992241859436e-06,12
5869,741250,3.900029696524143e-06,12
5870,199886,5.899928510189056e-06,13
5871,658973,2.600019797682762e-06,12
5872,210787,2.100015990436077e-06,12
5873,13058,4.09991480410099e-06,13
5874,927053,7.6000578701496124e-06,15
5875,572590,6.100046448409557e-06,15
5876,287691,2.400018274784088e-06,12
5877,795232,3.700028173625469e-06,13
5878,53377,3.400025889277458e-06,13
5879,402983,2.300017513334751e-06,12
5880,485939,3.100023604929447e-06,13
5881,681138,3.500026650726795e-06,13
5882,111261,4.600035026669502e-06,14
5883,495786,2.100015990436077e-06,12
5884,835661,2.500019036233425e-06,12
5885,202338,2.100015990436077e-06,12
5886,902503,3.200024366378784e-06,13
5887,27696,2.100015990436077e-06,12
5888,942639,4.699919372797012e-06,14
5889,175374,2.00001522898674e-06,12
5890,704130,2.200016751885414e-06,12
5891,977344,7.5999414548277855e-06,16
5892,603228,4.200031980872154e-06,14
5893,124270,1.800013706088066e-06,12
5894,666463,4.400033503770828e-06,13
5895,986045,3.00002284348011e-06,12
5896,943326,3.1999079510569572e-06,12
5897,984434,1.800013706088066e-06,12
5898,30403,2.800021320581436e-06,13
5899,603268,1.6998965293169022e-06,12
5900,481999,2.600019797682762e-06,13
5901,922591,1.9000144675374031e-06,12
5902,72721,4.599918611347675e-06,14
5903,137181,3.00002284348011e-06,13
5904,569737,7.00005330145359e-06,16
5905,438933,1.9000144675374031e-06,12
5906,390165,2.600019797682762e-06,13
5907,852020,2.400018274784088e-06,12
5908,744347,2.199900336563587e-06,12
5909,623742,4.800036549568176e-06,14
5910,769229,2.600019797682762e-06,13
5911,675808,4.899920895695686e-06,14
5912,623341,1.800013706088066e-06,12
5913,191572,3.900029696524143e-06,13
5914,946636,5.200039595365524e-06,13
5915,83457,5.599926225841045e-06,14
5916,399761,3.900029696524143e-06,13
5917,172237,6.09993003308773e-06,14
5918,108517,3.300025127828121e-06,12
5919,348481,3.300025127828121e-06,12
5920,314528,4.500034265220165e-06,13
5921,672577,4.300032742321491e-06,12
5922,35029,3.400025889277458e-06,12
5923,116223,3.900029696524143e-06,13
5924,761387,4.200031980872154e-06,13
5925,619377,5.100038833916187e-06,13
5926,898157,7.300055585801601e-06,14
5927,271344,2.900022082030773e-06,12
5928,239656,4.400033503770828e-06,13
5929,982660,3.00002284348011e-06,12
5930,783054,3.0999071896076202e-06,12
5931,509637,1.0299962013959885e-05,15
5932,729456,3.300025127828121e-06,12
5933,985807,5.999929271638393e-06,13
5934,656983,4.100031219422817e-06,12
5935,46935,4.300032742321491e-06,12
5936,319032,9.899958968162537e-06,14
5937,498915,6.09993003308773e-06,12
5938,573798,4.600035026669502e-06,13
5939,664099,3.600027412176132e-06,12
5940,243047,5.700043402612209e-06,13
5941,974777,3.500026650726795e-06,12
5942,486917,3.500026650726795e-06,12
5943,439540,3.500026650726795e-06,12
5944,330272,3.500026650726795e-06,12
5945,570236,3.00002284348011e-06,12
5946,505635,3.100023604929447e-06,12
5947,449099,3.5999109968543053e-06,12
5948,937460,4.500034265220165e-06,13
5949,837931,3.0999071896076202e-06,12
5950,72288,2.500019036233425e-06,12
5951,642868,2.800021320581436e-06,12
5952,157551,2.7999049052596092e-06,12
5953,755039,4.400033503770828e-06,13
5954,717301,4.899920895695686e-06,13
5955,672850,4.200031980872154e-06,12
5956,147130,4.599918611347675e-06,13
5957,841881,4.700035788118839e-06,14
5958,858676,6.199930794537067e-06,14
5959,942895,2.00001522898674e-06,12
5960,699372,2.100015990436077e-06,12
5961,169324,4.400033503770828e-06,13
5962,175431,3.400025889277458e-06,13
5963,120992,5.199923180043697e-06,13
5964,638789,2.500019036233425e-06,12
5965,820113,3.500026650726795e-06,13
5966,22049,6.400048732757568e-06,15
5967,400322,4.800036549568176e-06,14
5968,70175,2.300017513334751e-06,12
5969,413109,2.300017513334751e-06,12
5970,754449,4.399917088449001e-06,14
5971,537203,3.700028173625469e-06,13
5972,269463,2.300017513334751e-06,12
5973,264801,2.9999064281582832e-06,13
5974,246877,2.800021320581436e-06,13
5975,163879,3.500026650726795e-06,12
5976,184339,3.3999094739556313e-06,13
5977,784104,4.400033503770828e-06,14
5978,98422,2.100015990436077e-06,12
5979,523836,2.299901098012924e-06,12
5980,82851,1.800013706088066e-06,12
5981,621309,3.400025889277458e-06,13
5982,889145,2.09989957511425e-06,12
5983,938639,5.100038833916187e-06,15
5984,131781,2.100015990436077e-06,12
5985,495476,5.299923941493034e-06,14
5986,210913,6.200047209858894e-06,14
5987,249310,6.500049494206905e-06,16
5988,766740,5.599926225841045e-06,15
5989,437248,2.00001522898674e-06,12
5990,582441,7.100054062902927e-06,15
5991,232465,6.299931555986404e-06,14
5992,526442,5.899928510189056e-06,14
5993,65430,4.300032742321491e-06,14
5994,574621,3.600027412176132e-06,12
5995,598886,2.400018274784088e-06,12
5996,415304,4.200031980872154e-06,14
5997,466351,2.00001522898674e-06,12
5998,901655,5.799927748739719e-06,15
5999,456473,3.200024366378784e-06,13
6000,803868,2.00001522898674e-06,12
6001,738685,1.9000144675374031e-06,12
6002,44228,3.200024366378784e-06,13
6003,632329,2.100015990436077e-06,12
6004,75718,3.0999071896076202e-06,13
6005,789872,2.100015990436077e-06,12
6006,688314,2.600019797682762e-06,12
6007,958196,2.199900336563587e-06,12
6008,638245,2.00001522898674e-06,12
6009,24859,4.900037311017513e-06,14
6010,989665,6.6999346017837524e-06,15
6011,709432,9.499955922365189e-06,16
6012,141921,2.700020559132099e-06,12
6013,295163,2.400018274784088e-06,12
6014,391610,2.200016751885414e-06,12
6015,886067,2.400018274784088e-06,12
6016,913859,2.200016751885414e-06,12
6017,875845,3.5999109968543053e-06,13
6018,657145,4.100031219422817e-06,13
6019,575253,3.899913281202316e-06,13
6020,290828,3.8000289350748062e-06,13
6021,229518,4.800036549568176e-06,14
6022,647725,3.00002284348011e-06,12
6023,685878,3.00002284348011e-06,13
6024,675450,2.400018274784088e-06,12
6025,99812,3.900029696524143e-06,13
6026,604909,7.4999406933784485e-06,15
6027,35129,6.800051778554916e-06,15
6028,963873,2.100015990436077e-06,12
6029,228293,2.100015990436077e-06,12
6030,706003,3.100023604929447e-06,13
6031,559232,2.09989957511425e-06,12
6032,13479,1.800013706088066e-06,12
6033,559840,2.700020559132099e-06,13
6034,442421,2.900022082030773e-06,13
6035,763938,3.900029696524143e-06,14
6036,783626,2.700020559132099e-06,13
6037,287767,2.800021320581436e-06,13
6038,23660,2.6999041438102722e-06,13
6039,898217,1.9000144675374031e-06,12
6040,478972,2.300017513334751e-06,12
6041,495447,1.700012944638729e-06,12
6042,476503,1.9000144675374031e-06,12
6043,518710,3.300025127828121e-06,13
6044,323143,2.600019797682762e-06,13
6045,123660,3.7999125197529793e-06,14
6046,336066,1.9000144675374031e-06,12
6047,665490,1.800013706088066e-06,12
6048,420256,2.600019797682762e-06,13
6049,279939,5.00003807246685e-06,13
6050,606792,2.700020559132099e-06,12
6051,410120,1.8998980522155762e-06,12
6052,179869,4.700035788118839e-06,14
6053,224254,3.200024366378784e-06,12
6054,623861,1.800013706088066e-06,12
6055,510710,1.800013706088066e-06,12
6056,401746,1.800013706088066e-06,12
6057,572514,1.9000144675374031e-06,12
6058,29214,1.5998957678675652e-06,12
6059,488965,1.800013706088066e-06,12
6060,472930,1.9000144675374031e-06,12
6061,303573,3.200024366378784e-06,13
6062,218765,5.300040356814861e-06,15
6063,21197,2.100015990436077e-06,12
6064,422639,2.100015990436077e-06,12
6065,78737,1.9000144675374031e-06,12
6066,375040,3.200024366378784e-06,13
6067,583051,1.800013706088066e-06,12
6068,813416,1.9000144675374031e-06,12
6069,121277,1.800013706088066e-06,12
6070,633463,2.700020559132099e-06,13
6071,936776,2.100015990436077e-06,12
6072,990587,2.599903382360935e-06,13
6073,763346,1.9000144675374031e-06,12
6074,746146,5.400041118264198e-06,15
6075,764259,1.700012944638729e-06,12
6076,69072,6.600050255656242e-06,16
6077,125736,2.00001522898674e-06,12
6078,155487,1.999898813664913e-06,12
6079,751197,2.700020559132099e-06,13
6080,129816,1.800013706088066e-06,12
6081,965049,2.00001522898674e-06,12
6082,826545,2.00001522898674e-06,12
6083,739044,1.700012944638729e-06,12
6084,88844,1.800013706088066e-06,12
6085,523550,2.400018274784088e-06,13
6086,175828,1.700012944638729e-06,12
6087,595770,2.900022082030773e-06,13
6088,879157,2.800021320581436e-06,13
6089,920363,2.6999041438102722e-06,13
6090,62280,1.800013706088066e-06,12
6091,424099,1.700012944638729e-06,12
6092,700957,3.200024366378784e-06,13
6093,432984,3.700028173625469e-06,13
6094,544553,4.200031980872154e-06,14
6095,937882,1.9000144675374031e-06,12
6096,348982,3.700028173625469e-06,14
6097,615380,1.9000144675374031e-06,12
6098,156664,1.8998980522155762e-06,12
6099,402028,1.800013706088066e-06,12
6100,394222,1.800013706088066e-06,12
6101,862639,6.299931555986404e-06,16
6102,402718,1.9000144675374031e-06,12
6103,188164,1.9000144675374031e-06,12
6104,572367,3.600027412176132e-06,14
6105,355495,2.6999041438102722e-06,13
6106,998362,4.500034265220165e-06,13
6107,65589,1.800013706088066e-06,12
6108,699668,3.899913281202316e-06,14
6109,857738,6.900052540004253e-06,17
6110,144673,2.6999041438102722e-06,13
6111,245002,2.800021320581436e-06,13
6112,913952,9.899958968162537e-06,17
6113,879920,1.9000144675374031e-06,12
6114,199392,4.00003045797348e-06,14
6115,583633,1.6998965293169022e-06,12
6116,149021,2.600019797682762e-06,13
6117,779595,1.9000144675374031e-06,12
6118,901088,2.700020559132099e-06,13
6119,953159,1.800013706088066e-06,12
6120,631815,6.900052540004253e-06,16
6121,893867,2.00001522898674e-06,12
6122,145636,3.100023604929447e-06,13
6123,23837,2.500019036233425e-06,12
6124,743788,4.09991480410099e-06,14
6125,467628,3.00002284348011e-06,13
6126,869861,1.800013706088066e-06,12
6127,683551,1.9000144675374031e-06,12
6128,181262,1.6998965293169022e-06,12
6129,265254,1.800013706088066e-06,12
6130,42633,2.800021320581436e-06,13
6131,8760,1.800013706088066e-06,12
6132,119588,1.7998972907662392e-06,12
6133,790248,4.00003045797348e-06,14
6134,15310,3.900029696524143e-06,14
6135,674805,1.999898813664913e-06,12
6136,234562,2.00001522898674e-06,12
6137,171740,1.800013706088066e-06,12
6138,240009,5.899928510189056e-06,16
6139,28100,3.8000289350748062e-06,14
6140,681817,2.700020559132099e-06,13
6141,574199,1.8998980522155762e-06,12
6142,235696,1.800013706088066e-06,12
6143,786672,2.600019797682762e-06,13
6144,649149,2.900022082030773e-06,13
6145,423697,3.6999117583036423e-06,14
6146,262301,3.900029696524143e-06,14
6147,663346,1.9000144675374031e-06,12
6148,155583,2.599903382360935e-06,13
6149,292542,2.00001522898674e-06,12
6150,86508,8.299946784973145e-06,17
6151,433970,2.00001522898674e-06,12
6152,113585,3.600027412176132e-06,13
6153,916479,4.199915565550327e-06,14
6154,687295,2.900022082030773e-06,12
6155,781961,2.100015990436077e-06,12
6156,964582,1.8998980522155762e-06,12
6157,304681,8.800067007541656e-06,17
6158,515715,1.999898813664913e-06,12
6159,447462,6.500049494206905e-06,15
6160,613601,4.00003045797348e-06,14
6161,613706,1.700012944638729e-06,12
6162,740889,2.600019797682762e-06,13
6163,927524,1.9000144675374031e-06,12
6164,990762,1.9000144675374031e-06,12
6165,123289,4.700035788118839e-06,15
6166,700628,1.800013706088066e-06,12
6167,754973,1.9000144675374031e-06,12
6168,855213,2.600019797682762e-06,13
6169,596009,1.800013706088066e-06,12
6170,2396,2.800021320581436e-06,13
6171,504691,1.800013706088066e-06,12
6172,992996,1.700012944638729e-06,12
6173,701317,2.900022082030773e-06,13
6174,936710,2.600019797682762e-06,13
6175,390953,1.6998965293169022e-06,12
6176,469265,1.9000144675374031e-06,12
6177,651108,2.800021320581436e-06,13
6178,248855,2.600019797682762e-06,13
6179,445899,2.600019797682762e-06,13
6180,204169,1.9000144675374031e-06,12
6181,653776,1.9000144675374031e-06,12
6182,595139,2.200016751885414e-06,12
6183,89784,2.200016751885414e-06,12
6184,855424,1.9000144675374031e-06,12
6185,146089,1.800013706088066e-06,12
6186,241279,1.9000144675374031e-06,12
6187,403475,2.600019797682762e-06,13
6188,453187,3.700028173625469e-06,13
6189,398492,2.800021320581436e-06,13
6190,120949,1.9000144675374031e-06,12
6191,136019,1.800013706088066e-06,12
6192,412182,1.800013706088066e-06,12
6193,829915,1.800013706088066e-06,12
6194,946253,1.700012944638729e-06,12
6195,416195,2.00001522898674e-06,12
6196,26906,1.800013706088066e-06,12
6197,264549,1.800013706088066e-06,12
6198,100651,1.800013706088066e-06,12
6199,827283,2.900022082030773e-06,13
6200,928239,2.800021320581436e-06,13
6201,865760,2.599903382360935e-06,13
6202,532058,2.100015990436077e-06,12
6203,615204,5.100038833916187e-06,15
6204,79311,1.7998972907662392e-06,12
6205,200875,1.9000144675374031e-06,12
6206,142016,2.700020559132099e-06,13
6207,76178,2.800021320581436e-06,13
6208,144154,1.6998965293169022e-06,12
6209,818548,2.700020559132099e-06,13
6210,823351,2.600019797682762e-06,13
6211,700220,1.700012944638729e-06,12
6212,535284,1.9000144675374031e-06,12
6213,415587,1.700012944638729e-06,12
6214,236514,2.700020559132099e-06,13
6215,966069,1.700012944638729e-06,12
6216,917212,1.9000144675374031e-06,12
6217,733622,2.700020559132099e-06,13
6218,352962,1.700012944638729e-06,12
6219,353191,6.09993003308773e-06,15
6220,64516,2.100015990436077e-06,12
6221,826162,1.800013706088066e-06,12
6222,361944,1.800013706088066e-06,12
6223,473781,3.8000289350748062e-06,14
6224,86079,1.700012944638729e-06,12
6225,665567,2.900022082030773e-06,13
6226,329052,3.5999109968543053e-06,13
6227,937353,3.8000289350748062e-06,14
6228,828395,2.700020559132099e-06,13
6229,141543,1.800013706088066e-06,12
6230,817689,4.900037311017513e-06,15
6231,108787,2.600019797682762e-06,13
6232,108131,1.800013706088066e-06,12
6233,673856,1.800013706088066e-06,12
6234,996863,2.800021320581436e-06,13
6235,84801,3.4999102354049683e-06,13
6236,194603,2.900022082030773e-06,13
6237,142875,1.700012944638729e-06,12
6238,243512,1.700012944638729e-06,12
6239,68142,1.700012944638729e-06,12
6240,621597,1.800013706088066e-06,12
6241,737122,1.800013706088066e-06,12
6242,746198,1.700012944638729e-06,12
6243,417002,2.599903382360935e-06,13
6244,883283,2.100015990436077e-06,12
6245,680380,1.9000144675374031e-06,12
6246,244100,3.7999125197529793e-06,14
6247,445402,3.900029696524143e-06,14
6248,696036,2.900022082030773e-06,13
6249,438272,1.800013706088066e-06,12
6250,106347,2.700020559132099e-06,13
6251,458633,2.600019797682762e-06,12
6252,302897,6.299931555986404e-06,15
6253,861511,1.700012944638729e-06,12
6254,359915,3.100023604929447e-06,13
6255,819065,2.09989957511425e-06,12
6256,194489,2.300017513334751e-06,12
6257,127918,1.9000144675374031e-06,12
6258,192678,2.8999056667089462e-06,13
6259,843403,7.6000578701496124e-06,15
6260,403329,3.899913281202316e-06,12
6261,615913,2.800021320581436e-06,12
6262,740110,4.599918611347675e-06,13
6263,104581,1.4099990949034691e-05,16
6264,754010,4.699919372797012e-06,12
6265,694766,3.300025127828121e-06,12
6266,756829,3.6999117583036423e-06,13
6267,427859,9.600073099136353e-06,16
6268,687961,3.00002284348011e-06,12
6269,660213,2.900022082030773e-06,12
6270,661147,5.999929271638393e-06,13
6271,495353,4.500034265220165e-06,13
6272,909525,5.00003807246685e-06,13
6273,193246,5.499925464391708e-06,12
6274,103665,6.900052540004253e-06,13
6275,288864,1.2399978004395962e-05,15
6276,295718,3.600027412176132e-06,12
6277,583417,3.6999117583036423e-06,13
6278,539719,3.00002284348011e-06,12
6279,579381,3.8000289350748062e-06,13
6280,293745,5.300040356814861e-06,13
6281,588785,4.599918611347675e-06,12
6282,916428,5.300040356814861e-06,12
6283,941641,6.300047971308231e-06,13
6284,684027,1.1200085282325745e-05,15
6285,506526,2.599903382360935e-06,12
6286,156702,3.100023604929447e-06,13
6287,193522,2.800021320581436e-06,13
6288,142267,2.9999064281582832e-06,13
6289,56367,1.9000144675374031e-06,12
6290,704946,6.500049494206905e-06,15
6291,711793,2.100015990436077e-06,12
6292,425717,2.800021320581436e-06,12
6293,931542,1.9000144675374031e-06,12
6294,704792,2.00001522898674e-06,12
6295,295596,3.200024366378784e-06,13
6296,859324,4.09991480410099e-06,13
6297,290388,2.100015990436077e-06,12
6298,685795,2.800021320581436e-06,12
6299,705062,1.800013706088066e-06,12
6300,452574,2.00001522898674e-06,12
6301,553595,5.600042641162872e-06,15
6302,782844,4.899920895695686e-06,13
6303,515478,5.800044164061546e-06,14
6304,566710,2.199900336563587e-06,12
6305,792191,2.00001522898674e-06,12
6306,182674,2.00001522898674e-06,12
6307,701579,1.800013706088066e-06,12
6308,975416,2.8999056667089462e-06,13
6309,858237,2.00001522898674e-06,12
6310,769725,1.9000144675374031e-06,12
6311,184052,3.600027412176132e-06,13
6312,241994,3.500026650726795e-06,13
6313,43142,1.700012944638729e-06,12
6314,312182,2.200016751885414e-06,12
6315,533687,2.100015990436077e-06,12
6316,655844,1.9000144675374031e-06,12
6317,308691,1.800013706088066e-06,12
6318,757160,1.9000144675374031e-06,12
6319,948744,2.00001522898674e-06,12
6320,239787,1.700012944638729e-06,12
6321,287334,1.9000144675374031e-06,12
6322,208588,1.9000144675374031e-06,12
6323,739660,6.100046448409557e-06,15
6324,238179,2.00001522898674e-06,12
6325,844218,2.800021320581436e-06,13
6326,118190,5.700043402612209e-06,15
6327,577451,2.00001522898674e-06,12
6328,338401,4.200031980872154e-06,14
6329,523613,1.9000144675374031e-06,12
6330,166673,1.9000144675374031e-06,12
6331,109380,2.6999041438102722e-06,13
6332,600170,1.800013706088066e-06,12
6333,443392,1.9000144675374031e-06,12
6334,763599,1.700012944638729e-06,12
6335,554033,2.9999064281582832e-06,13
6336,929127,1.9000144675374031e-06,12
6337,797133,1.800013706088066e-06,12
6338,13230,1.700012944638729e-06,12
6339,859746,1.600012183189392e-06,12
6340,316793,1.800013706088066e-06,12
6341,504186,2.700020559132099e-06,13
6342,996696,2.600019797682762e-06,13
6343,110057,3.8000289350748062e-06,14
6344,843866,1.700012944638729e-06,12
6345,902020,1.800013706088066e-06,12
6346,355869,3.7999125197529793e-06,14
6347,354334,2.500019036233425e-06,13
6348,291888,7.2999391704797745e-06,17
6349,591003,5.200039595365524e-06,14
6350,65739,2.800021320581436e-06,13
6351,182780,2.800021320581436e-06,13
6352,815162,2.00001522898674e-06,12
6353,434963,2.800021320581436e-06,13
6354,685936,1.8998980522155762e-06,12
6355,203768,1.9000144675374031e-06,12
6356,631955,1.9000144675374031e-06,12
6357,751843,3.00002284348011e-06,13
6358,805290,2.8999056667089462e-06,13
6359,336037,2.700020559132099e-06,13
6360,392286,2.00001522898674e-06,12
6361,413792,2.8999056667089462e-06,13
6362,75160,1.9000144675374031e-06,12
6363,827564,1.800013706088066e-06,12
6364,578340,1.800013706088066e-06,12
6365,594356,1.800013706088066e-06,12
6366,994127,1.9000144675374031e-06,12
6367,690854,1.700012944638729e-06,12
6368,995146,1.700012944638729e-06,12
6369,79367,2.8999056667089462e-06,13
6370,517771,5.100038833916187e-06,15
6371,631500,2.800021320581436e-06,13
6372,951260,1.7998972907662392e-06,12
6373,416668,7.400056347250938e-06,16
6374,347885,2.800021320581436e-06,13
6375,182984,1.800013706088066e-06,12
6376,598677,2.900022082030773e-06,13
6377,545502,1.800013706088066e-06,12
6378,830826,2.6999041438102722e-06,13
6379,902714,1.9000144675374031e-06,12
6380,724058,5.800044164061546e-06,14
6381,756682,2.7999049052596092e-06,12
6382,381450,8.900067768990993e-06,18
6383,667749,1.9000144675374031e-06,12
6384,967819,5.00003807246685e-06,15
6385,194689,2.800021320581436e-06,13
6386,336954,1.800013706088066e-06,12
6387,976592,1.700012944638729e-06,12
6388,452351,4.300032742321491e-06,13
6389,169590,1.800013706088066e-06,12
6390,35263,1.700012944638729e-06,12
6391,335673,1.700012944638729e-06,12
6392,787082,1.600012183189392e-06,12
6393,375368,1.700012944638729e-06,12
6394,55386,1.9000144675374031e-06,12
6395,485550,1.800013706088066e-06,12
6396,762029,1.9000144675374031e-06,12
6397,18076,1.800013706088066e-06,12
6398,576424,4.100031219422817e-06,14
6399,396024,4.00003045797348e-06,14
6400,645772,3.900029696524143e-06,14
6401,779980,1.9000144675374031e-06,12
6402,536692,1.9000144675374031e-06,12
6403,198762,3.0999071896076202e-06,13
6404,297991,1.9000144675374031e-06,12
6405,42462,1.800013706088066e-06,12
6406,308550,2.500019036233425e-06,13
6407,938879,1.800013706088066e-06,12
6408,879030,2.500019036233425e-06,13
6409,260579,3.400025889277458e-06,13
6410,42607,1.700012944638729e-06,12
6411,647883,6.300047971308231e-06,15
6412,707797,4.199915565550327e-06,14
6413,560612,2.200016751885414e-06,12
6414,98784,5.100038833916187e-06,14
6415,112791,1.9000144675374031e-06,12
6416,652863,4.00003045797348e-06,14
6417,196498,1.9000144675374031e-06,12
6418,225364,2.599903382360935e-06,13
6419,731965,1.800013706088066e-06,12
6420,672634,9.999959729611874e-06,14
6421,135649,1.9000144675374031e-06,12
6422,703300,4.400033503770828e-06,14
6423,287814,2.299901098012924e-06,12
6424,413487,5.800044164061546e-06,14
6425,22516,2.00001522898674e-06,12
6426,255991,1.9000144675374031e-06,12
6427,370545,4.100031219422817e-06,14
6428,950663,1.9000144675374031e-06,12
6429,24139,1.7998972907662392e-06,12
6430,864828,1.800013706088066e-06,12
6431,17019,1.9000144675374031e-06,12
6432,225212,1.700012944638729e-06,12
6433,397825,3.999914042651653e-06,14
6434,80090,2.200016751885414e-06,12
6435,6904,2.00001522898674e-06,12
6436,643029,2.500019036233425e-06,13
6437,569082,1.7998972907662392e-06,12
6438,122198,2.700020559132099e-06,13
6439,265305,2.700020559132099e-06,13
6440,139587,1.800013706088066e-06,12
6441,471091,8.500064723193645e-06,16
6442,600890,1.9000144675374031e-06,12
6443,900486,3.200024366378784e-06,13
6444,959889,1.9000144675374031e-06,12
6445,373353,2.00001522898674e-06,12
6446,245010,1.700012944638729e-06,12
6447,459610,2.900022082030773e-06,13
6448,378538,1.800013706088066e-06,12
6449,759252,2.00001522898674e-06,12
6450,929267,3.6999117583036423e-06,14
6451,732098,2.700020559132099e-06,13
6452,649254,1.800013706088066e-06,12
6453,678547,1.700012944638729e-06,12
6454,58420,1.7998972907662392e-06,12
6455,994455,1.700012944638729e-06,12
6456,359459,1.800013706088066e-06,12
6457,272154,1.9000144675374031e-06,12
6458,193109,1.6998965293169022e-06,12
6459,989043,1.9000144675374031e-06,12
6460,105643,2.800021320581436e-06,13
6461,646557,2.700020559132099e-06,13
6462,46213,1.700012944638729e-06,12
6463,444706,1.9000144675374031e-06,12
6464,690297,6.100046448409557e-06,15
6465,944410,2.700020559132099e-06,13
6466,959106,2.600019797682762e-06,13
6467,537841,4.00003045797348e-06,14
6468,860536,1.700012944638729e-06,12
6469,161059,2.700020559132099e-06,13
6470,157248,1.9000144675374031e-06,12
6471,68154,2.600019797682762e-06,13
6472,824842,1.800013706088066e-06,12
6473,902159,2.600019797682762e-06,13
6474,946624,1.700012944638729e-06,12
6475,199287,1.700012944638729e-06,12
6476,170501,1.800013706088066e-06,12
6477,931769,1.800013706088066e-06,12
6478,516600,2.900022082030773e-06,13
6479,287530,3.5999109968543053e-06,14
6480,341343,1.800013706088066e-06,12
6481,165734,2.800021320581436e-06,12
6482,612868,1.8998980522155762e-06,12
6483,237678,1.800013706088066e-06,12
6484,129615,1.700012944638729e-06,12
6485,358522,2.00001522898674e-06,12
6486,46768,7.999944500625134e-06,17
6487,44274,1.700012944638729e-06,12
6488,164356,2.00001522898674e-06,12
6489,232964,1.7998972907662392e-06,12
6490,514229,1.800013706088066e-06,12
6491,745505,3.00002284348011e-06,13
6492,733846,1.800013706088066e-06,12
6493,163206,1.7998972907662392e-06,12
6494,540768,2.700020559132099e-06,13
6495,284562,6.400048732757568e-06,15
6496,365155,2.00001522898674e-06,12
6497,736016,1.800013706088066e-06,12
6498,96845,1.800013706088066e-06,12
6499,598547,5.999929271638393e-06,16
6500,714315,1.9000144675374031e-06,12
6501,254299,5.100038833916187e-06,15
6502,425389,1.7998972907662392e-06,12
6503,80842,4.200031980872154e-06,14
6504,847939,2.700020559132099e-06,13
6505,548092,1.7998972907662392e-06,12
6506,961033,1.700012944638729e-06,12
6507,986509,1.800013706088066e-06,12
6508,443011,2.600019797682762e-06,13
6509,776582,3.3999094739556313e-06,13
6510,902267,2.700020559132099e-06,13
6511,165856,3.700028173625469e-06,13
6512,761034,7.300055585801601e-06,14
6513,949059,4.899920895695686e-06,13
6514,863322,3.00002284348011e-06,12
6515,941287,2.9999064281582832e-06,12
6516,671433,2.900022082030773e-06,12
6517,526473,3.300025127828121e-06,12
6518,544783,2.500019036233425e-06,12
6519,210333,1.2199976481497288e-05,16
6520,963590,4.400033503770828e-06,12
6521,920938,7.999944500625134e-06,15
6522,811567,3.400025889277458e-06,12
6523,279253,8.600065484642982e-06,14
6524,172382,3.899913281202316e-06,12
6525,729648,8.999952115118504e-06,14
6526,565273,7.4999406933784485e-06,14
6527,259609,5.100038833916187e-06,13
6528,776668,3.00002284348011e-06,12
6529,254061,4.600035026669502e-06,12
6530,241761,3.300025127828121e-06,12
6531,501669,6.400048732757568e-06,13
6532,647438,3.500026650726795e-06,12
6533,900470,3.500026650726795e-06,12
6534,160993,3.500026650726795e-06,12
6535,2487,3.400025889277458e-06,12
6536,662655,8.70006624609232e-06,14
6537,638787,5.699926987290382e-06,13
6538,121944,2.700020559132099e-06,12
6539,980772,2.399901859462261e-06,12
6540,70034,3.00002284348011e-06,12
6541,260263,2.800021320581436e-06,12
6542,267463,6.00004568696022e-06,13
6543,656760,3.200024366378784e-06,12
6544,248443,3.200024366378784e-06,12
6545,84981,2.900022082030773e-06,12
6546,87509,4.299916326999664e-06,13
6547,885951,4.800036549568176e-06,13
6548,963558,7.2999391704797745e-06,14
6549,69842,4.500034265220165e-06,13
6550,14983,2.400018274784088e-06,12
6551,64689,2.0400038920342922e-05,20
6552,244441,3.200024366378784e-06,12
6553,704612,3.600027412176132e-06,12
6554,312463,4.799920134246349e-06,13
6555,587663,3.500026650726795e-06,12
6556,427348,3.3999094739556313e-06,12
6557,824347,4.400033503770828e-06,13
6558,810943,3.0999071896076202e-06,12
6559,523296,3.300025127828121e-06,12
6560,988317,4.400033503770828e-06,13
6561,412781,8.400063961744308e-06,15
6562,305379,2.8999056667089462e-06,12
6563,771701,6.900052540004253e-06,14
6564,757374,9.00006853044033e-06,15
6565,423984,2.7999049052596092e-06,12
6566,422404,2.500019036233425e-06,12
6567,39921,4.600035026669502e-06,13
6568,82885,4.900037311017513e-06,13
6569,477677,3.00002284348011e-06,12
6570,340289,3.100023604929447e-06,12
6571,350439,9.999959729611874e-06,16
6572,332817,2.800021320581436e-06,12
6573,973971,4.500034265220165e-06,13
6574,660217,4.900037311017513e-06,13
6575,100085,3.300025127828121e-06,12
6576,548198,4.500034265220165e-06,13
6577,264111,6.400048732757568e-06,14
6578,361274,2.900022082030773e-06,12
6579,513314,4.00003045797348e-06,13
6580,134735,2.800021320581436e-06,12
6581,379317,2.900022082030773e-06,12
6582,66348,6.8999361246824265e-06,14
6583,869880,6.700051017105579e-06,14
6584,93523,4.100031219422817e-06,13
6585,792719,6.00004568696022e-06,13
6586,112928,4.600035026669502e-06,13
6587,926432,3.00002284348011e-06,12
6588,16143,2.500019036233425e-06,12
6589,346342,3.8000289350748062e-06,13
6590,840639,3.899913281202316e-06,13
6591,749635,3.00002284348011e-06,12
6592,566789,2.700020559132099e-06,12
6593,57844,3.00002284348011e-06,12
6594,121913,6.6999346017837524e-06,14
6595,892810,3.300025127828121e-06,12
6596,704904,5.199923180043697e-06,13
6597,971409,3.100023604929447e-06,12
6598,530686,3.500026650726795e-06,12
6599,42237,4.800036549568176e-06,13
6600,160408,2.800021320581436e-06,12
6601,913231,3.100023604929447e-06,12
6602,248752,3.400025889277458e-06,12
6603,762636,2.6999041438102722e-06,12
6604,739153,1.5199999324977398e-05,18
6605,142177,3.300025127828121e-06,12
6606,938616,2.399901859462261e-06,12
6607,770208,4.100031219422817e-06,13
6608,41216,2.900022082030773e-06,12
6609,94324,3.200024366378784e-06,12
6610,804259,4.900037311017513e-06,13
6611,302051,3.400025889277458e-06,12
6612,490579,5.00003807246685e-06,13
6613,965282,5.100038833916187e-06,13
6614,389872,3.700028173625469e-06,12
6615,231583,4.800036549568176e-06,13
6616,858526,2.700020559132099e-06,12
6617,702883,3.00002284348011e-06,12
6618,856943,8.599949069321156e-06,15
6619,490586,2.600019797682762e-06,12
6620,956796,3.200024366378784e-06,12
6621,153731,7.1999384090304375e-06,14
6622,477925,3.200024366378784e-06,12
6623,725997,6.500049494206905e-06,14
6624,941119,4.09991480410099e-06,13
6625,861172,3.900029696524143e-06,13
6626,776488,3.00002284348011e-06,12
6627,760776,3.500026650726795e-06,12
6628,978068,3.00002284348011e-06,12
6629,183773,3.100023604929447e-06,12
6630,200516,2.900022082030773e-06,12
6631,958237,4.399917088449001e-06,13
6632,212670,8.300063200294971e-06,15
6633,913682,1.800013706088066e-06,12
6634,716071,2.700020559132099e-06,13
6635,678260,1.800013706088066e-06,12
6636,808839,1.800013706088066e-06,12
6637,672573,2.500019036233425e-06,13
6638,93862,1.9000144675374031e-06,12
6639,16859,4.100031219422817e-06,14
6640,288274,1.6998965293169022e-06,12
6641,759021,2.500019036233425e-06,13
6642,967720,1.700012944638729e-06,12
6643,271115,2.600019797682762e-06,13
6644,723368,1.7998972907662392e-06,12
6645,582933,4.00003045797348e-06,14
6646,487293,1.800013706088066e-06,12
6647,297503,1.700012944638729e-06,12
6648,573702,1.9000144675374031e-06,12
6649,528782,2.600019797682762e-06,13
6650,633763,1.700012944638729e-06,12
6651,498717,2.600019797682762e-06,13
6652,537836,1.700012944638729e-06,12
6653,584697,2.700020559132099e-06,13
6654,734320,3.8000289350748062e-06,14
6655,623524,2.6999041438102722e-06,13
6656,237081,5.900044925510883e-06,16
6657,717814,1.9000144675374031e-06,12
6658,665795,1.800013706088066e-06,12
6659,420952,2.00001522898674e-06,12
6660,607142,1.9000144675374031e-06,12
6661,624388,5.299923941493034e-06,15
6662,113774,1.700012944638729e-06,12
6663,430967,1.800013706088066e-06,12
6664,830301,1.800013706088066e-06,12
6665,93404,1.6998965293169022e-06,12
6666,112677,1.700012944638729e-06,12
6667,329165,1.800013706088066e-06,12
6668,693698,4.00003045797348e-06,14
6669,190812,3.300025127828121e-06,13
6670,471683,2.300017513334751e-06,12
6671,458632,2.700020559132099e-06,13
6672,129001,2.6999041438102722e-06,13
6673,937490,1.800013706088066e-06,12
6674,518500,5.900044925510883e-06,16
6675,22603,2.600019797682762e-06,13
6676,799231,1.800013706088066e-06,12
6677,323272,1.800013706088066e-06,12
6678,970825,2.6999041438102722e-06,13
6679,370185,1.9000144675374031e-06,12
6680,211505,1.800013706088066e-06,12
6681,278149,2.600019797682762e-06,13
6682,44787,1.6998965293169022e-06,12
6683,106818,1.700012944638729e-06,12
6684,482104,1.800013706088066e-06,12
6685,401996,4.900037311017513e-06,15
6686,629708,7.100054062902927e-06,17
6687,367888,5.00003807246685e-06,15
6688,38989,1.700012944638729e-06,12
6689,195754,1.700012944638729e-06,12
6690,969914,2.700020559132099e-06,13
6691,673984,6.6999346017837524e-06,16
6692,294017,2.800021320581436e-06,13
6693,469003,3.900029696524143e-06,14
6694,250239,2.600019797682762e-06,13
6695,722520,1.800013706088066e-06,12
6696,580189,1.700012944638729e-06,12
6697,876698,1.9000144675374031e-06,12
6698,843495,2.00001522898674e-06,12
6699,975649,1.700012944638729e-06,12
6700,775997,1.800013706088066e-06,12
6701,365751,1.9000144675374031e-06,12
6702,467772,1.800013706088066e-06,12
6703,778989,1.9000144675374031e-06,12
6704,958473,1.700012944638729e-06,12
6705,712441,1.800013706088066e-06,12
6706,704753,1.800013706088066e-06,12
6707,816615,2.800021320581436e-06,13
6708,160644,2.100015990436077e-06,12
6709,947178,1.800013706088066e-06,12
6710,331557,5.900044925510883e-06,16
6711,893229,1.500011421740055e-06,12
6712,611567,1.700012944638729e-06,12
6713,134409,6.800051778554916e-06,16
6714,204430,6.9999368861317635e-06,17
6715,629572,1.800013706088066e-06,12
6716,216347,4.00003045797348e-06,14
6717,233034,1.800013706088066e-06,12
6718,376817,1.800013706088066e-06,12
6719,199707,3.00002284348011e-06,12
6720,701404,1.800013706088066e-06,12
6721,192193,1.800013706088066e-06,12
6722,127272,6.100046448409557e-06,16
6723,752420,1.800013706088066e-06,12
6724,813084,1.9000144675374031e-06,12
6725,680264,1.800013706088066e-06,12
6726,894184,1.700012944638729e-06,12
6727,254722,1.700012944638729e-06,12
6728,177342,2.00001522898674e-06,12
6729,672906,1.700012944638729e-06,12
6730,858721,1.600012183189392e-06,12
6731,588591,2.700020559132099e-06,13
6732,834788,1.9000144675374031e-06,12
6733,218925,1.700012944638729e-06,12
6734,570130,1.700012944638729e-06,12
6735,916050,1.700012944638729e-06,12
6736,557474,1.9000144675374031e-06,12
6737,266315,2.6999041438102722e-06,13
6738,515226,1.700012944638729e-06,12
6739,737771,1.800013706088066e-06,12
6740,450202,1.800013706088066e-06,12
6741,398383,2.800021320581436e-06,12
6742,780191,4.800036549568176e-06,14
6743,286915,3.100023604929447e-06,13
6744,38363,2.100015990436077e-06,12
6745,876679,6.300047971308231e-06,15
6746,534283,2.900022082030773e-06,13
6747,628454,1.999898813664913e-06,12
6748,688487,3.00002284348011e-06,13
6749,828030,2.00001522898674e-06,12
6750,391912,5.09992241859436e-06,15
6751,523474,4.400033503770828e-06,14
6752,36116,3.900029696524143e-06,14
6753,783244,1.9000144675374031e-06,12
6754,484221,1.9000144675374031e-06,12
6755,336049,2.200016751885414e-06,12
6756,766058,3.6999117583036423e-06,13
6757,933126,4.100031219422817e-06,14
6758,114785,2.200016751885414e-06,12
6759,567285,2.900022082030773e-06,13
6760,905901,2.800021320581436e-06,12
6761,714648,2.800021320581436e-06,13
6762,542691,1.800013706088066e-06,12
6763,115828,1.7998972907662392e-06,12
6764,932647,1.600012183189392e-06,12
6765,925263,1.9000144675374031e-06,12
6766,854659,1.9000144675374031e-06,12
6767,493557,1.8998980522155762e-06,12
6768,95410,9.300070814788342e-06,18
6769,650476,1.999898813664913e-06,12
6770,496066,2.800021320581436e-06,13
6771,157513,2.900022082030773e-06,13
6772,611879,2.700020559132099e-06,13
6773,161576,1.800013706088066e-06,12
6774,653660,5.400041118264198e-06,15
6775,538543,2.700020559132099e-06,13
6776,930775,2.700020559132099e-06,13
6777,869606,1.9000144675374031e-06,12
6778,783283,3.700028173625469e-06,14
6779,982083,5.299923941493034e-06,15
6780,542208,3.700028173625469e-06,14
6781,616789,3.7999125197529793e-06,14
6782,110569,4.700035788118839e-06,15
6783,865129,1.9000144675374031e-06,12
6784,64668,2.299901098012924e-06,12
6785,627185,1.800013706088066e-06,12
6786,985138,7.00005330145359e-06,17
6787,311224,2.7999049052596092e-06,13
6788,772529,2.800021320581436e-06,13
6789,638664,1.9000144675374031e-06,12
6790,536891,2.800021320581436e-06,13
6791,983474,1.800013706088066e-06,12
6792,295685,4.900037311017513e-06,15
6793,45897,2.900022082030773e-06,13
6794,417690,1.9000144675374031e-06,12
6795,187722,1.9000144675374031e-06,12
6796,330588,1.9000144675374031e-06,12
6797,451729,1.800013706088066e-06,12
6798,84414,1.9000144675374031e-06,12
6799,543926,2.500019036233425e-06,13
6800,848647,1.9000144675374031e-06,12
6801,946471,1.700012944638729e-06,12
6802,384717,5.00003807246685e-06,15
6803,827679,7.699942216277122e-06,17
6804,440556,2.00001522898674e-06,12
6805,491884,1.9000144675374031e-06,12
6806,118314,1.700012944638729e-06,12
6807,233473,2.599903382360935e-06,13
6808,224179,2.900022082030773e-06,13
6809,122006,1.800013706088066e-06,12
6810,220344,1.800013706088066e-06,12
6811,506995,3.999914042651653e-06,14
6812,173295,1.700012944638729e-06,12
6813,639340,1.9000144675374031e-06,12
6814,705752,2.00001522898674e-06,12
6815,311374,1.700012944638729e-06,12
6816,862125,1.9000144675374031e-06,12
6817,277674,2.00001522898674e-06,12
6818,653224,1.700012944638729e-06,12
6819,940482,1.800013706088066e-06,12
6820,354328,2.00001522898674e-06,12
6821,257519,1.800013706088066e-06,12
6822,459413,1.9000144675374031e-06,12
6823,146405,5.799927748739719e-06,15
6824,954117,5.900044925510883e-06,16
6825,659133,2.700020559132099e-06,13
6826,902765,1.9000144675374031e-06,12
6827,851962,3.900029696524143e-06,14
6828,29077,1.7998972907662392e-06,12
6829,500007,5.00003807246685e-06,15
6830,734299,2.200016751885414e-06,12
6831,23994,3.899913281202316e-06,14
6832,489564,1.800013706088066e-06,12
6833,363384,6.200047209858894e-06,16
6834,757273,3.8000289350748062e-06,14
6835,230925,1.700012944638729e-06,12
6836,465987,5.00003807246685e-06,15
6837,199400,2.800021320581436e-06,13
6838,707008,1.800013706088066e-06,12
6839,703240,1.800013706088066e-06,12
6840,604184,1.7998972907662392e-06,12
6841,611014,1.600012183189392e-06,12
6842,511425,2.600019797682762e-06,13
6843,521286,2.800021320581436e-06,13
6844,462361,3.500026650726795e-06,13
6845,730935,1.9000144675374031e-06,12
6846,759085,1.9000144675374031e-06,12
6847,399667,1.800013706088066e-06,12
6848,22063,1.700012944638729e-06,12
6849,447114,2.600019797682762e-06,13
6850,178435,1.800013706088066e-06,12
6851,904359,3.7999125197529793e-06,14
6852,82323,1.700012944638729e-06,12
6853,265511,1.800013706088066e-06,12
6854,649843,2.800021320581436e-06,13
6855,135699,4.699919372797012e-06,15
6856,773769,1.800013706088066e-06,12
6857,332374,2.600019797682762e-06,13
6858,767347,1.7998972907662392e-06,12
6859,999591,1.700012944638729e-06,12
6860,951966,1.700012944638729e-06,12
6861,116132,6.6999346017837524e-06,17
6862,329159,5.300040356814861e-06,15
6863,22619,8.699949830770493e-06,17
6864,707649,2.100015990436077e-06,12
6865,750318,4.200031980872154e-06,14
6866,965043,3.900029696524143e-06,14
6867,512990,3.700028173625469e-06,14
6868,241275,3.7999125197529793e-06,14
6869,39904,1.700012944638729e-06,12
6870,587311,1.800013706088066e-06,12
6871,791836,3.700028173625469e-06,14
6872,291732,1.800013706088066e-06,12
6873,171440,2.700020559132099e-06,13
6874,98163,1.9000144675374031e-06,12
6875,510943,1.800013706088066e-06,12
6876,62049,2.600019797682762e-06,13
6877,221327,3.400025889277458e-06,13
6878,149040,1.800013706088066e-06,12
6879,268659,4.599918611347675e-06,14
6880,673072,3.00002284348011e-06,13
6881,407113,1.800013706088066e-06,12
6882,502868,1.6998965293169022e-06,12
6883,841007,1.800013706088066e-06,12
6884,42411,1.800013706088066e-06,12
6885,433282,1.9000144675374031e-06,12
6886,128547,1.800013706088066e-06,12
6887,120455,1.700012944638729e-06,12
6888,14400,2.700020559132099e-06,13
6889,279907,1.800013706088066e-06,12
6890,143447,1.800013706088066e-06,12
6891,914712,1.800013706088066e-06,12
6892,589878,1.9000144675374031e-06,12
6893,637626,1.700012944638729e-06,12
6894,356719,1.700012944638729e-06,12
6895,1625,1.700012944638729e-06,12
6896,972240,2.800021320581436e-06,13
6897,732007,1.700012944638729e-06,12
6898,71753,1.700012944638729e-06,12
6899,389939,3.900029696524143e-06,14
6900,359806,1.800013706088066e-06,12
6901,148257,4.800036549568176e-06,15
6902,106290,1.800013706088066e-06,12
6903,355119,4.700035788118839e-06,15
6904,226304,3.999914042651653e-06,14
6905,212346,2.700020559132099e-06,13
6906,865477,3.700028173625469e-06,14
6907,488605,1.700012944638729e-06,12
6908,107263,2.600019797682762e-06,13
6909,903120,1.800013706088066e-06,12
6910,987996,1.800013706088066e-06,12
6911,956939,4.499917849898338e-06,14
6912,986637,3.600027412176132e-06,14
6913,431837,2.700020559132099e-06,13
6914,354502,1.7998972907662392e-06,12
6915,407477,1.800013706088066e-06,12
6916,81120,1.800013706088066e-06,12
6917,2788,1.700012944638729e-06,12
6918,983317,2.600019797682762e-06,13
6919,863540,1.800013706088066e-06,12
6920,124841,1.600012183189392e-06,12
6921,338532,1.800013706088066e-06,12
6922,814510,1.9000144675374031e-06,12
6923,49136,4.700035788118839e-06,15
6924,156283,1.9000144675374031e-06,12
6925,775253,2.600019797682762e-06,13
6926,352544,1.9000144675374031e-06,12
6927,585609,2.600019797682762e-06,13
6928,848892,9.499955922365189e-06,18
6929,180530,1.9000144675374031e-06,12
6930,201585,3.900029696524143e-06,14
6931,200644,4.699919372797012e-06,15
6932,582558,1.700012944638729e-06,12
6933,406211,1.800013706088066e-06,12
6934,26443,4.999921657145023e-06,15
6935,630841,4.00003045797348e-06,14
6936,620342,4.500034265220165e-06,15
6937,327991,3.8000289350748062e-06,14
6938,877132,2.600019797682762e-06,13
6939,10159,1.9000144675374031e-06,12
6940,255762,5.699926987290382e-06,15
6941,556258,2.800021320581436e-06,13
6942,41791,1.800013706088066e-06,12
6943,276945,1.8998980522155762e-06,12
6944,369508,1.9000144675374031e-06,12
6945,877947,3.700028173625469e-06,14
6946,283869,1.8998980522155762e-06,12
6947,723376,2.600019797682762e-06,13
6948,318692,1.700012944638729e-06,12
6949,327203,2.500019036233425e-06,13
6950,704438,2.8999056667089462e-06,13
6951,639512,2.500019036233425e-06,13
6952,441833,1.9000144675374031e-06,12
6953,149177,3.6999117583036423e-06,14
6954,371975,4.200031980872154e-06,14
6955,861907,2.600019797682762e-06,13
6956,950742,1.700012944638729e-06,12
6957,428925,1.800013706088066e-06,12
6958,189842,1.9000144675374031e-06,12
6959,812162,1.800013706088066e-06,12
6960,652277,1.9000144675374031e-06,12
6961,866012,1.800013706088066e-06,12
6962,147293,1.800013706088066e-06,12
6963,456143,1.800013706088066e-06,12
6964,289247,2.599903382360935e-06,13
6965,284805,2.700020559132099e-06,13
6966,511738,1.9000144675374031e-06,12
6967,957958,1.800013706088066e-06,12
6968,214767,1.800013706088066e-06,12
6969,32611,1.800013706088066e-06,12
6970,271252,1.800013706088066e-06,12
6971,630378,1.800013706088066e-06,12
6972,150853,2.800021320581436e-06,12
6973,146120,4.00003045797348e-06,12
6974,767213,6.300047971308231e-06,13
6975,438848,8.79995059221983e-06,14
6976,929429,5.799927748739719e-06,12
6977,255861,4.300032742321491e-06,12
6978,365940,1.3400102034211159e-05,14
6979,758481,4.400033503770828e-06,12
6980,447570,4.200031980872154e-06,12
6981,253360,6.199930794537067e-06,13
6982,859843,5.100038833916187e-06,12
6983,775650,1.1399970389902592e-05,15
6984,341614,4.600035026669502e-06,12
6985,995980,4.300032742321491e-06,12
6986,347139,4.299916326999664e-06,12
6987,354925,4.200031980872154e-06,12
6988,358739,4.200031980872154e-06,12
6989,703887,6.3999323174357414e-06,13
6990,450602,4.100031219422817e-06,12
6991,795214,4.400033503770828e-06,12
6992,988229,8.399947546422482e-06,14
6993,160312,6.199930794537067e-06,13
6994,551505,4.200031980872154e-06,12
6995,742339,6.400048732757568e-06,13
6996,736275,6.299931555986404e-06,13
6997,444122,1.4199991710484028e-05,16
6998,281768,1.850002445280552e-05,16
6999,974281,4.299916326999664e-06,12
7000,608220,4.400033503770828e-06,12
7001,509096,6.400048732757568e-06,13
7002,548771,9.09995287656784e-06,14
7003,587632,6.199930794537067e-06,13
7004,121397,1.1699972674250603e-05,14
7005,966358,4.299916326999664e-06,12
7006,941038,4.200031980872154e-06,12
7007,487287,6.300047971308231e-06,13
7008,234397,6.199930794537067e-06,13
7009,664163,6.3999323174357414e-06,13
7010,584461,4.300032742321491e-06,12
7011,740639,4.100031219422817e-06,12
7012,522392,4.299916326999664e-06,12
7013,396870,4.300032742321491e-06,12
7014,805096,4.300032742321491e-06,12
7015,614254,4.299916326999664e-06,12
7016,250386,4.300032742321491e-06,12
7017,759412,9.400071576237679e-06,14
7018,61868,4.300032742321491e-06,12
7019,237796,4.09991480410099e-06,12
7020,399813,4.300032742321491e-06,12
7021,270695,6.300047971308231e-06,13
7022,739552,4.300032742321491e-06,12
7023,63003,4.200031980872154e-06,12
7024,250659,4.300032742321491e-06,12
7025,170549,1.1399970389902592e-05,15
7026,380762,6.200047209858894e-06,13
7027,258757,2.2799940779805183e-05,19
7028,329998,5.799927748739719e-06,13
7029,832525,3.700028173625469e-06,12
7030,35903,3.100023604929447e-06,12
7031,850921,3.600027412176132e-06,12
7032,411167,3.700028173625469e-06,12
7033,817315,4.00003045797348e-06,12
7034,207038,1.1299969628453255e-05,15
7035,711859,5.699926987290382e-06,13
7036,242998,4.00003045797348e-06,12
7037,500638,4.00003045797348e-06,12
7038,936509,3.600027412176132e-06,12
7039,33179,2.400018274784088e-06,12
7040,341951,2.600019797682762e-06,12
7041,896272,3.999914042651653e-06,13
7042,477899,5.200039595365524e-06,13
7043,778543,2.09989957511425e-06,12
7044,349262,2.500019036233425e-06,12
7045,697735,2.700020559132099e-06,13
7046,293641,3.1999079510569572e-06,12
7047,54727,3.900029696524143e-06,13
7048,115381,1.800013706088066e-06,12
7049,601069,4.299916326999664e-06,14
7050,639354,1.9000144675374031e-06,12
7051,821599,1.9000144675374031e-06,12
7052,590228,1.9000144675374031e-06,12
7053,452833,1.9000144675374031e-06,12
7054,919780,2.700020559132099e-06,13
7055,624941,2.100015990436077e-06,12
7056,804403,1.999898813664913e-06,12
7057,668977,2.200016751885414e-06,12
7058,343710,1.700012944638729e-06,12
7059,223580,1.0499963536858559e-05,19
7060,820599,2.100015990436077e-06,12
7061,310549,4.199915565550327e-06,14
7062,657516,1.800013706088066e-06,12
7063,626597,1.800013706088066e-06,12
7064,144788,1.9000144675374031e-06,12
7065,550383,1.9000144675374031e-06,12
7066,729121,1.800013706088066e-06,12
7067,811868,1.800013706088066e-06,12
7068,505727,5.899928510189056e-06,16
7069,195023,2.100015990436077e-06,12
7070,256409,1.800013706088066e-06,12
7071,898597,2.800021320581436e-06,13
7072,92887,2.00001522898674e-06,12
7073,308029,5.100038833916187e-06,15
7074,243698,2.500019036233425e-06,13
7075,279573,1.800013706088066e-06,12
7076,712860,1.800013706088066e-06,12
7077,422420,4.800036549568176e-06,14
7078,944961,1.8998980522155762e-06,12
7079,468287,1.9000144675374031e-06,12
7080,244003,1.800013706088066e-06,12
7081,274790,6.09993003308773e-06,16
7082,290216,1.9000144675374031e-06,12
7083,162172,7.70005863159895e-06,16
7084,968052,3.700028173625469e-06,13
7085,36800,2.900022082030773e-06,13
7086,773388,4.199915565550327e-06,13
7087,492706,3.500026650726795e-06,12
7088,616592,3.1999079510569572e-06,12
7089,538642,4.100031219422817e-06,12
7090,88702,6.199930794537067e-06,13
7091,583333,4.300032742321491e-06,12
7092,249127,5.700043402612209e-06,12
7093,836309,4.300032742321491e-06,12
7094,492900,4.299916326999664e-06,12
7095,21924,4.200031980872154e-06,12
7096,873391,3.500026650726795e-06,12
7097,842984,2.500019036233425e-06,12
7098,39568,6.3999323174357414e-06,13
7099,90931,3.200024366378784e-06,12
7100,583841,2.100015990436077e-06,12
7101,790386,3.500026650726795e-06,12
7102,280553,4.200031980872154e-06,12
7103,178429,3.700028173625469e-06,13
7104,38139,2.399901859462261e-06,12
7105,239170,1.800013706088066e-06,12
7106,264193,2.100015990436077e-06,12
7107,592403,2.100015990436077e-06,12
7108,554038,1.9000144675374031e-06,12
7109,943827,2.100015990436077e-06,12
7110,989376,2.400018274784088e-06,12
7111,776872,4.499917849898338e-06,14
7112,714508,2.500019036233425e-06,12
7113,657719,8.499948307871819e-06,14
7114,533226,4.00003045797348e-06,12
7115,533924,1.700012944638729e-06,12
7116,713119,1.800013706088066e-06,12
7117,836941,2.700020559132099e-06,13
7118,637900,6.5999338403344154e-06,16
7119,693464,2.800021320581436e-06,12
7120,223393,2.8999056667089462e-06,13
7121,112564,6.00004568696022e-06,14
7122,33296,8.70006624609232e-06,14
7123,775955,6.3999323174357414e-06,13
7124,207640,5.400041118264198e-06,14
7125,590388,4.399917088449001e-06,13
7126,487806,2.600019797682762e-06,12
7127,469840,3.400025889277458e-06,12
7128,977877,8.200062438845634e-06,13
7129,600023,1.070008147507906e-05,14
7130,109285,3.100023604929447e-06,12
7131,205527,3.400025889277458e-06,12
7132,192453,3.400025889277458e-06,12
7133,924345,4.400033503770828e-06,12
7134,920470,4.200031980872154e-06,12
7135,227110,5.899928510189056e-06,12
7136,299176,2.800021320581436e-06,12
7137,794412,2.500019036233425e-06,12
7138,253542,3.400025889277458e-06,12
7139,225152,9.599956683814526e-06,15
7140,74479,8.999952115118504e-06,15
7141,893878,5.300040356814861e-06,15
7142,403251,1.999898813664913e-06,12
7143,767036,2.00001522898674e-06,12
7144,198590,5.00003807246685e-06,15
7145,738177,2.7999049052596092e-06,13
7146,172879,2.900022082030773e-06,13
7147,178817,3.600027412176132e-06,14
7148,963411,2.100015990436077e-06,12
7149,259853,4.00003045797348e-06,14
7150,15711,1.9000144675374031e-06,12
7151,793012,1.9000144675374031e-06,12
7152,961463,2.7999049052596092e-06,13
7153,933240,1.9000144675374031e-06,12
7154,501600,2.100015990436077e-06,12
7155,972090,1.9000144675374031e-06,12
7156,193093,4.899920895695686e-06,15
7157,970161,3.8000289350748062e-06,14
7158,932392,2.8999056667089462e-06,13
7159,323719,2.100015990436077e-06,12
7160,374144,1.800013706088066e-06,12
7161,724674,1.800013706088066e-06,12
7162,903339,1.999898813664913e-06,12
7163,669663,3.500026650726795e-06,13
7164,85991,3.00002284348011e-06,13
7165,358282,2.6999041438102722e-06,13
7166,941008,4.300032742321491e-06,14
7167,34864,2.700020559132099e-06,12
7168,327244,1.8998980522155762e-06,12
7169,920291,2.500019036233425e-06,13
7170,762664,3.300025127828121e-06,13
7171,164869,1.9000144675374031e-06,12
7172,263034,1.800013706088066e-06,12
7173,742876,2.00001522898674e-06,12
7174,337991,1.700012944638729e-06,12
7175,589403,1.800013706088066e-06,12
7176,185814,3.00002284348011e-06,13
7177,725437,1.9000144675374031e-06,12
7178,960709,3.999914042651653e-06,14
7179,668828,2.600019797682762e-06,13
7180,71116,3.600027412176132e-06,13
7181,272738,3.999914042651653e-06,14
7182,808397,1.9000144675374031e-06,12
7183,255419,1.800013706088066e-06,12
7184,208242,1.800013706088066e-06,12
7185,690743,2.8999056667089462e-06,13
7186,35828,2.600019797682762e-06,13
7187,270814,2.00001522898674e-06,12
7188,640344,1.9000144675374031e-06,12
7189,772690,1.800013706088066e-06,12
7190,509836,1.800013706088066e-06,12
7191,962715,2.00001522898674e-06,12
7192,616231,2.700020559132099e-06,13
7193,314283,2.00001522898674e-06,12
7194,455076,3.00002284348011e-06,13
7195,507975,2.900022082030773e-06,13
7196,532056,2.6999041438102722e-06,13
7197,760478,1.800013706088066e-06,12
7198,853247,2.900022082030773e-06,13
7199,478174,1.700012944638729e-06,12
7200,349725,4.00003045797348e-06,14
7201,679758,1.9000144675374031e-06,12
7202,480696,2.00001522898674e-06,12
7203,186237,1.800013706088066e-06,12
7204,103278,2.400018274784088e-06,12
7205,476882,2.700020559132099e-06,13
7206,890371,1.9000144675374031e-06,12
7207,201614,1.7998972907662392e-06,12
7208,874142,2.00001522898674e-06,12
7209,644318,3.8000289350748062e-06,14
7210,49796,2.400018274784088e-06,12
7211,204838,4.400033503770828e-06,13
7212,117116,2.600019797682762e-06,13
7213,774901,1.8998980522155762e-06,12
7214,763200,2.200016751885414e-06,12
7215,637370,2.800021320581436e-06,13
7216,513464,1.800013706088066e-06,12
7217,832669,4.899920895695686e-06,15
7218,893872,2.600019797682762e-06,12
7219,280371,1.9000144675374031e-06,12
7220,898045,1.800013706088066e-06,12
7221,193413,1.800013706088066e-06,12
7222,286361,3.900029696524143e-06,14
7223,983000,1.800013706088066e-06,12
7224,449644,2.800021320581436e-06,13
7225,590586,1.800013706088066e-06,12
7226,752024,4.100031219422817e-06,14
7227,577304,7.00005330145359e-06,17
7228,259291,1.700012944638729e-06,12
7229,590157,2.6999041438102722e-06,13
7230,906202,2.800021320581436e-06,13
7231,930412,2.300017513334751e-06,12
7232,359491,4.00003045797348e-06,14
7233,821052,4.600035026669502e-06,14
7234,987472,2.100015990436077e-06,12
7235,415278,1.9000144675374031e-06,12
7236,118331,2.700020559132099e-06,13
7237,416563,1.700012944638729e-06,12
7238,439409,6.8999361246824265e-06,17
7239,461718,2.00001522898674e-06,12
7240,733240,4.900037311017513e-06,15
7241,809776,4.899920895695686e-06,15
7242,795895,1.800013706088066e-06,12
7243,523715,2.600019797682762e-06,13
7244,343852,1.700012944638729e-06,12
7245,664381,2.700020559132099e-06,13
7246,902919,1.0199961252510548e-05,19
7247,65001,1.9000144675374031e-06,12
7248,14073,1.800013706088066e-06,12
7249,265712,1.800013706088066e-06,12
7250,92847,3.7999125197529793e-06,14
7251,14203,4.500034265220165e-06,15
7252,847799,2.00001522898674e-06,12
7253,295104,2.199900336563587e-06,12
7254,974216,3.8000289350748062e-06,14
7255,805278,1.800013706088066e-06,12
7256,492407,5.799927748739719e-06,16
7257,840199,1.9000144675374031e-06,12
7258,316581,2.700020559132099e-06,13
7259,459193,1.9000144675374031e-06,12
7260,540641,1.800013706088066e-06,12
7261,439360,1.700012944638729e-06,12
7262,676473,2.400018274784088e-06,12
7263,70223,3.899913281202316e-06,14
7264,24957,1.9000144675374031e-06,12
7265,384377,5.700043402612209e-06,14
7266,834142,3.0999071896076202e-06,13
7267,171054,1.700012944638729e-06,12
7268,454060,1.700012944638729e-06,12
7269,578402,1.800013706088066e-06,12
7270,906906,2.599903382360935e-06,13
7271,602095,1.700012944638729e-06,12
7272,659935,2.900022082030773e-06,13
7273,103975,1.9000144675374031e-06,12
7274,381546,1.9000144675374031e-06,12
7275,14314,1.800013706088066e-06,12
7276,126605,2.800021320581436e-06,13
7277,264756,1.800013706088066e-06,12
7278,896291,1.700012944638729e-06,12
7279,182237,5.00003807246685e-06,15
7280,407169,2.700020559132099e-06,13
7281,830689,1.9000144675374031e-06,12
7282,727952,2.700020559132099e-06,13
7283,249779,2.900022082030773e-06,13
7284,747245,1.8998980522155762e-06,12
7285,243510,1.700012944638729e-06,12
7286,715293,3.700028173625469e-06,14
7287,651273,1.800013706088066e-06,12
7288,973033,1.6998965293169022e-06,12
7289,72986,2.700020559132099e-06,13
7290,622365,1.9000144675374031e-06,12
7291,131190,4.899920895695686e-06,15
7292,963584,2.00001522898674e-06,12
7293,815689,1.9000144675374031e-06,12
7294,996634,3.8000289350748062e-06,14
7295,3303,5.500041879713535e-06,15
7296,362052,3.700028173625469e-06,14
7297,474272,1.999898813664913e-06,12
7298,85587,1.800013706088066e-06,12
7299,534673,1.9000144675374031e-06,12
7300,226975,2.500019036233425e-06,13
7301,885231,1.6998965293169022e-06,12
7302,951053,2.700020559132099e-06,13
7303,402366,1.9000144675374031e-06,12
7304,457028,2.600019797682762e-06,13
7305,584688,3.8000289350748062e-06,14
7306,748617,1.800013706088066e-06,12
7307,804940,3.700028173625469e-06,14
7308,537400,1.8998980522155762e-06,12
7309,618216,3.00002284348011e-06,13
7310,443223,1.800013706088066e-06,12
7311,329013,1.800013706088066e-06,12
7312,121557,1.7998972907662392e-06,12
7313,659130,1.700012944638729e-06,12
7314,93655,1.800013706088066e-06,12
7315,277202,2.800021320581436e-06,13
7316,571039,2.700020559132099e-06,13
7317,162874,2.600019797682762e-06,13
7318,950987,4.500034265220165e-06,14
7319,742881,2.600019797682762e-06,13
7320,65480,1.700012944638729e-06,12
7321,828547,1.800013706088066e-06,12
7322,494633,2.700020559132099e-06,13
7323,113271,2.700020559132099e-06,13
7324,480094,2.700020559132099e-06,13
7325,409930,2.700020559132099e-06,13
7326,311264,1.8998980522155762e-06,12
7327,269655,5.900044925510883e-06,15
7328,54615,1.800013706088066e-06,12
7329,983194,1.7998972907662392e-06,12
7330,413032,1.800013706088066e-06,12
7331,724446,5.100038833916187e-06,15
7332,20922,3.6999117583036423e-06,14
7333,701414,5.00003807246685e-06,15
7334,386908,1.9000144675374031e-06,12
7335,338394,1.8998980522155762e-06,12
7336,37313,3.700028173625469e-06,14
7337,869368,2.700020559132099e-06,13
7338,816356,1.9000144675374031e-06,12
7339,772041,1.800013706088066e-06,12
7340,550856,1.9000144675374031e-06,12
7341,18447,2.00001522898674e-06,12
7342,523170,2.599903382360935e-06,13
7343,713273,2.900022082030773e-06,13
7344,315290,2.00001522898674e-06,12
7345,211312,2.900022082030773e-06,13
7346,123327,2.100015990436077e-06,12
7347,770287,1.800013706088066e-06,12
7348,839768,2.600019797682762e-06,13
7349,578589,3.7999125197529793e-06,14
7350,115916,2.00001522898674e-06,12
7351,26312,1.700012944638729e-06,12
7352,533594,4.100031219422817e-06,14
7353,457642,2.800021320581436e-06,13
7354,695480,1.9000144675374031e-06,12
7355,53065,2.00001522898674e-06,12
7356,758620,2.6999041438102722e-06,13
7357,475989,2.00001522898674e-06,12
7358,621647,3.900029696524143e-06,14
7359,661435,1.800013706088066e-06,12
7360,641288,1.800013706088066e-06,12
7361,609625,1.9000144675374031e-06,12
7362,695809,1.800013706088066e-06,12
7363,461166,1.800013706088066e-06,12
7364,95886,1.7998972907662392e-06,12
7365,988977,6.00004568696022e-06,15
7366,910241,1.9000144675374031e-06,12
7367,678768,2.800021320581436e-06,13
7368,116405,1.800013706088066e-06,12
7369,907570,1.700012944638729e-06,12
7370,299406,1.800013706088066e-06,12
7371,691286,1.6998965293169022e-06,12
7372,318564,1.800013706088066e-06,12
7373,291494,1.800013706088066e-06,12
7374,801599,1.800013706088066e-06,12
7375,288256,2.6999041438102722e-06,13
7376,715100,1.700012944638729e-06,12
7377,122614,1.700012944638729e-06,12
7378,857597,2.00001522898674e-06,12
7379,329291,1.6998965293169022e-06,12
7380,762152,1.700012944638729e-06,12
7381,39090,1.700012944638729e-06,12
7382,323047,1.800013706088066e-06,12
7383,453346,1.8998980522155762e-06,12
7384,266052,8.00006091594696e-06,18
7385,103878,1.800013706088066e-06,12
7386,798567,1.700012944638729e-06,12
7387,778117,5.800044164061546e-06,16
7388,353965,4.399917088449001e-06,14
7389,497947,2.800021320581436e-06,13
7390,216316,1.9000144675374031e-06,12
7391,20252,1.6998965293169022e-06,12
7392,92470,2.600019797682762e-06,13
7393,207174,1.700012944638729e-06,12
7394,769637,4.00003045797348e-06,14
7395,396083,1.9000144675374031e-06,12
7396,854390,1.700012944638729e-06,12
7397,534465,3.600027412176132e-06,14
7398,155434,1.800013706088066e-06,12
7399,196479,3.8000289350748062e-06,14
7400,982207,2.800021320581436e-06,13
7401,163857,2.800021320581436e-06,13
7402,300930,1.9000144675374031e-06,12
7403,238812,1.600012183189392e-06,12
7404,257433,4.00003045797348e-06,14
7405,484456,1.8998980522155762e-06,12
7406,564410,2.900022082030773e-06,13
7407,532482,1.9000144675374031e-06,12
7408,835396,1.9000144675374031e-06,12
7409,133981,1.9000144675374031e-06,12
7410,474479,5.00003807246685e-06,15
7411,296949,2.00001522898674e-06,12
7412,29621,4.299916326999664e-06,14
7413,985414,1.9000144675374031e-06,12
7414,956898,1.9000144675374031e-06,12
7415,228658,2.6999041438102722e-06,13
7416,365160,5.800044164061546e-06,15
7417,90963,3.600027412176132e-06,14
7418,382468,1.700012944638729e-06,12
7419,515809,1.800013706088066e-06,12
7420,247799,3.900029696524143e-06,14
7421,985743,1.9000144675374031e-06,12
7422,418987,2.00001522898674e-06,12
7423,431627,2.700020559132099e-06,13
7424,918451,1.800013706088066e-06,12
7425,363345,1.800013706088066e-06,12
7426,548547,1.800013706088066e-06,12
7427,845489,1.800013706088066e-06,12
7428,355811,1.700012944638729e-06,12
7429,694100,1.7998972907662392e-06,12
7430,799093,2.700020559132099e-06,13
7431,890962,1.800013706088066e-06,12
7432,842699,1.800013706088066e-06,12
7433,699495,1.8998980522155762e-06,12
7434,200446,1.800013706088066e-06,12
7435,750770,8.00006091594696e-06,17
7436,613327,1.9000144675374031e-06,12
7437,478085,6.00004568696022e-06,16
7438,210939,1.800013706088066e-06,12
7439,903417,2.600019797682762e-06,13
7440,867923,1.800013706088066e-06,12
7441,598152,1.800013706088066e-06,12
7442,120491,2.599903382360935e-06,13
7443,33150,1.700012944638729e-06,12
7444,265918,1.700012944638729e-06,12
7445,634169,4.00003045797348e-06,14
7446,37744,2.599903382360935e-06,13
7447,572597,1.800013706088066e-06,12
7448,89571,3.900029696524143e-06,14
7449,308384,3.899913281202316e-06,14
7450,543525,1.9000144675374031e-06,12
7451,190781,1.800013706088066e-06,12
7452,263536,1.700012944638729e-06,12
7453,65910,1.6998965293169022e-06,12
7454,692466,2.700020559132099e-06,13
7455,468423,1.9000144675374031e-06,12
7456,656029,2.800021320581436e-06,13
7457,458170,3.8000289350748062e-06,14
7458,145728,2.800021320581436e-06,13
7459,495204,1.800013706088066e-06,12
7460,984229,1.6998965293169022e-06,12
7461,522965,1.800013706088066e-06,12
7462,627820,2.600019797682762e-06,13
7463,408602,1.800013706088066e-06,12
7464,317255,4.899920895695686e-06,15
7465,315939,1.9000144675374031e-06,12
7466,344571,4.00003045797348e-06,14
7467,500749,3.8000289350748062e-06,14
7468,393642,4.700035788118839e-06,14
7469,288549,1.9000144675374031e-06,12
7470,471673,2.800021320581436e-06,13
7471,225280,1.800013706088066e-06,12
7472,289856,3.900029696524143e-06,14
7473,846276,3.700028173625469e-06,14
7474,223912,1.700012944638729e-06,12
7475,455690,3.700028173625469e-06,14
7476,377172,2.7999049052596092e-06,13
7477,354419,2.700020559132099e-06,13
7478,54552,2.600019797682762e-06,13
7479,643840,1.700012944638729e-06,12
7480,285703,1.800013706088066e-06,12
7481,531906,1.800013706088066e-06,12
7482,529426,1.800013706088066e-06,12
7483,605878,2.800021320581436e-06,13
7484,525709,2.800021320581436e-06,13
7485,364689,4.200031980872154e-06,14
7486,7997,1.9000144675374031e-06,12
7487,597937,2.500019036233425e-06,13
7488,353077,1.700012944638729e-06,12
7489,122179,2.700020559132099e-06,13
7490,609303,2.7999049052596092e-06,13
7491,298271,1.9000144675374031e-06,12
7492,844394,1.800013706088066e-06,12
7493,16771,1.9000144675374031e-06,12
7494,519532,1.7998972907662392e-06,12
7495,740296,1.700012944638729e-06,12
7496,82753,2.00001522898674e-06,12
7497,816902,1.9000144675374031e-06,12
7498,650829,2.7999049052596092e-06,13
7499,40681,4.700035788118839e-06,15
7500,140176,2.100015990436077e-06,12
7501,243021,1.7998972907662392e-06,12
7502,850429,2.600019797682762e-06,13
7503,448665,4.100031219422817e-06,14
7504,262312,1.800013706088066e-06,12
7505,386375,5.800044164061546e-06,16
7506,519991,1.9000144675374031e-06,12
7507,208147,2.600019797682762e-06,13
7508,790669,1.800013706088066e-06,12
7509,796052,1.700012944638729e-06,12
7510,660479,1.9000144675374031e-06,12
7511,385508,2.500019036233425e-06,13
7512,925699,2.700020559132099e-06,13
7513,700927,1.800013706088066e-06,12
7514,399818,2.900022082030773e-06,13
7515,992711,2.7999049052596092e-06,13
7516,861314,1.700012944638729e-06,12
7517,154238,1.9000144675374031e-06,12
7518,123465,2.600019797682762e-06,13
7519,927146,4.499917849898338e-06,14
7520,54544,1.800013706088066e-06,12
7521,41102,1.600012183189392e-06,12
7522,773715,2.599903382360935e-06,13
7523,307826,1.800013706088066e-06,12
7524,833811,1.800013706088066e-06,12
7525,95542,2.500019036233425e-06,13
7526,177034,3.7999125197529793e-06,14
7527,180659,2.600019797682762e-06,13
7528,65668,1.700012944638729e-06,12
7529,385233,1.700012944638729e-06,12
7530,31681,1.700012944638729e-06,12
7531,757110,2.700020559132099e-06,13
7532,380191,1.800013706088066e-06,12
7533,181867,1.800013706088066e-06,12
7534,571727,1.6998965293169022e-06,12
7535,524681,3.600027412176132e-06,14
7536,956894,2.700020559132099e-06,13
7537,184481,1.9000144675374031e-06,12
7538,274368,3.900029696524143e-06,14
7539,308959,2.700020559132099e-06,13
7540,800714,1.9000144675374031e-06,12
7541,460670,1.800013706088066e-06,12
7542,904825,1.700012944638729e-06,12
7543,623036,1.700012944638729e-06,12
7544,720879,2.00001522898674e-06,12
7545,370383,1.9000144675374031e-06,12
7546,62578,4.200031980872154e-06,14
7547,661492,4.800036549568176e-06,15
7548,439365,2.600019797682762e-06,13
7549,689811,2.600019797682762e-06,13
7550,937192,1.700012944638729e-06,12
7551,915033,2.6999041438102722e-06,13
7552,992409,1.800013706088066e-06,12
7553,164573,2.700020559132099e-06,13
7554,829441,2.700020559132099e-06,13
7555,979135,5.900044925510883e-06,16
7556,354129,1.800013706088066e-06,12
7557,925335,3.899913281202316e-06,14
7558,876184,1.9000144675374031e-06,12
7559,901254,1.800013706088066e-06,12
7560,338800,1.9000144675374031e-06,12
7561,50463,1.700012944638729e-06,12
7562,591169,1.700012944638729e-06,12
7563,414851,2.700020559132099e-06,13
7564,964895,1.800013706088066e-06,12
7565,963820,2.6999041438102722e-06,13
7566,622940,3.600027412176132e-06,14
7567,551882,1.800013706088066e-06,12
7568,6992,7.2999391704797745e-06,16
7569,18140,4.00003045797348e-06,14
7570,675947,2.00001522898674e-06,12
7571,521714,1.9000144675374031e-06,12
7572,383081,1.9000144675374031e-06,12
7573,310313,1.800013706088066e-06,12
7574,271391,1.800013706088066e-06,12
7575,474278,1.8998980522155762e-06,12
7576,839755,1.9000144675374031e-06,12
7577,933754,1.800013706088066e-06,12
7578,400269,1.800013706088066e-06,12
7579,442143,1.8998980522155762e-06,12
7580,61199,1.800013706088066e-06,12
7581,24511,2.700020559132099e-06,13
7582,914775,2.700020559132099e-06,13
7583,540770,3.7999125197529793e-06,14
7584,227962,1.800013706088066e-06,12
7585,108986,2.800021320581436e-06,13
7586,704436,1.999898813664913e-06,12
7587,846975,5.900044925510883e-06,16
7588,418762,5.200039595365524e-06,15
7589,336167,5.400041118264198e-06,15
7590,849911,2.800021320581436e-06,13
7591,622990,2.599903382360935e-06,13
7592,501691,1.9000144675374031e-06,12
7593,447886,1.700012944638729e-06,12
7594,736165,1.700012944638729e-06,12
7595,994179,2.599903382360935e-06,13
7596,512806,1.9000144675374031e-06,12
7597,295482,1.9000144675374031e-06,12
7598,584597,1.800013706088066e-06,12
7599,732393,3.7999125197529793e-06,14
7600,200957,2.800021320581436e-06,13
7601,363378,1.800013706088066e-06,12
7602,944079,1.700012944638729e-06,12
7603,283319,3.100023604929447e-06,13
7604,109133,1.800013706088066e-06,12
7605,503453,1.800013706088066e-06,12
7606,168976,1.800013706088066e-06,12
7607,333379,1.800013706088066e-06,12
7608,33919,1.700012944638729e-06,12
7609,904881,2.600019797682762e-06,13
7610,53139,1.700012944638729e-06,12
7611,598997,1.700012944638729e-06,12
7612,706103,1.9000144675374031e-06,12
7613,249097,1.700012944638729e-06,12
7614,528399,2.6999041438102722e-06,13
7615,241217,1.800013706088066e-06,12
7616,301261,1.800013706088066e-06,12
7617,563533,4.799920134246349e-06,15
7618,775439,1.800013706088066e-06,12
7619,911545,1.700012944638729e-06,12
7620,979678,1.700012944638729e-06,12
7621,105513,1.9000144675374031e-06,12
7622,370849,1.800013706088066e-06,12
7623,382078,3.600027412176132e-06,14
7624,785733,1.9000144675374031e-06,12
7625,98558,2.599903382360935e-06,13
7626,926774,6.600050255656242e-06,16
7627,614591,2.900022082030773e-06,13
7628,756655,5.800044164061546e-06,16
7629,792609,1.9000144675374031e-06,12
7630,366156,1.700012944638729e-06,12
7631,979873,2.700020559132099e-06,13
7632,230950,1.9000144675374031e-06,12
7633,676123,1.800013706088066e-06,12
7634,485264,2.599903382360935e-06,13
7635,810334,1.9000144675374031e-06,12
7636,872582,2.700020559132099e-06,13
7637,881256,2.600019797682762e-06,13
7638,982738,2.599903382360935e-06,13
7639,50831,2.600019797682762e-06,13
7640,299151,2.600019797682762e-06,13
7641,916447,2.500019036233425e-06,13
7642,122096,1.800013706088066e-06,12
7643,922932,6.900052540004253e-06,17
7644,998323,1.6998965293169022e-06,12
7645,743522,1.800013706088066e-06,12
7646,589016,2.00001522898674e-06,12
7647,283494,1.800013706088066e-06,12
7648,201538,1.700012944638729e-06,12
7649,61980,1.800013706088066e-06,12
7650,928350,1.600012183189392e-06,12
7651,814624,4.00003045797348e-06,14
7652,825114,1.6998965293169022e-06,12
7653,650780,1.700012944638729e-06,12
7654,441896,1.700012944638729e-06,12
7655,847668,1.700012944638729e-06,12
7656,515573,2.599903382360935e-06,13
7657,956568,2.600019797682762e-06,13
7658,48410,3.700028173625469e-06,14
7659,2212,1.9000144675374031e-06,12
7660,647408,2.700020559132099e-06,13
7661,420722,2.800021320581436e-06,13
7662,288952,1.800013706088066e-06,12
7663,537145,1.800013706088066e-06,12
7664,875111,1.9000144675374031e-06,12
7665,218869,2.700020559132099e-06,13
7666,149934,2.100015990436077e-06,12
7667,534231,1.800013706088066e-06,12
7668,735866,2.700020559132099e-06,13
7669,781692,3.900029696524143e-06,14
7670,837695,2.700020559132099e-06,13
7671,505626,1.600012183189392e-06,12
7672,968801,1.800013706088066e-06,12
7673,198516,1.700012944638729e-06,12
7674,502222,8.79995059221983e-06,17
7675,456808,4.900037311017513e-06,15
7676,110968,1.7998972907662392e-06,12
7677,368506,5.100038833916187e-06,15
7678,769105,1.800013706088066e-06,12
7679,555198,1.9000144675374031e-06,12
7680,339900,1.700012944638729e-06,12
7681,542342,1.9000144675374031e-06,12
7682,460323,2.700020559132099e-06,13
7683,247244,1.800013706088066e-06,12
7684,913556,1.700012944638729e-06,12
7685,271671,1.800013706088066e-06,12
7686,793947,1.800013706088066e-06,12
7687,855434,3.8000289350748062e-06,14
7688,649133,3.8000289350748062e-06,14
7689,858359,2.600019797682762e-06,13
7690,129982,2.00001522898674e-06,12
7691,624337,1.600012183189392e-06,12
7692,296689,1.9000144675374031e-06,12
7693,171705,2.600019797682762e-06,13
7694,551384,2.600019797682762e-06,13
7695,2236,7.800059393048286e-06,18
7696,732160,1.800013706088066e-06,12
7697,153801,1.7998972907662392e-06,12
7698,874334,3.900029696524143e-06,14
7699,438025,2.600019797682762e-06,13
7700,786265,1.9000144675374031e-06,12
7701,845870,3.900029696524143e-06,14
7702,781342,1.700012944638729e-06,12
7703,913153,1.9000144675374031e-06,12
7704,739186,1.6998965293169022e-06,12
7705,34144,2.500019036233425e-06,13
7706,1531,2.700020559132099e-06,13
7707,986759,2.700020559132099e-06,13
7708,574887,3.900029696524143e-06,14
7709,36004,2.700020559132099e-06,13
7710,942840,3.5999109968543053e-06,13
7711,170032,1.9000144675374031e-06,12
7712,889079,3.600027412176132e-06,14
7713,781252,2.600019797682762e-06,13
7714,468752,2.00001522898674e-06,12
7715,547888,1.800013706088066e-06,12
7716,967897,1.9000144675374031e-06,12
7717,4414,2.600019797682762e-06,13
7718,232337,1.9000144675374031e-06,12
7719,274051,3.8000289350748062e-06,13
7720,963878,1.800013706088066e-06,12
7721,725650,2.6999041438102722e-06,13
7722,957322,2.900022082030773e-06,13
7723,995094,4.800036549568176e-06,15
7724,870354,1.8998980522155762e-06,12
7725,509500,1.700012944638729e-06,12
7726,934861,2.500019036233425e-06,13
7727,26781,2.700020559132099e-06,13
7728,561267,2.00001522898674e-06,12
7729,114477,3.8000289350748062e-06,14
7730,958774,5.799927748739719e-06,16
7731,736921,3.700028173625469e-06,14
7732,401767,2.700020559132099e-06,13
7733,650900,3.999914042651653e-06,14
7734,521813,2.700020559132099e-06,13
7735,662996,2.800021320581436e-06,13
7736,111585,1.800013706088066e-06,12
7737,275341,1.800013706088066e-06,12
7738,681347,1.700012944638729e-06,12
7739,518118,3.600027412176132e-06,13
7740,443188,3.899913281202316e-06,14
7741,486164,2.00001522898674e-06,12
7742,100291,4.700035788118839e-06,15
7743,23826,1.8998980522155762e-06,12
7744,841974,1.700012944638729e-06,12
7745,743093,1.800013706088066e-06,12
7746,155947,5.200039595365524e-06,15
7747,611687,1.9000144675374031e-06,12
7748,179412,1.9000144675374031e-06,12
7749,28705,2.00001522898674e-06,12
7750,54575,1.9000144675374031e-06,12
7751,839239,3.8000289350748062e-06,14
7752,122280,2.600019797682762e-06,13
7753,817028,3.600027412176132e-06,14
7754,704056,2.100015990436077e-06,12
7755,929136,2.800021320581436e-06,13
7756,187313,1.9000144675374031e-06,12
7757,220025,1.7998972907662392e-06,12
7758,504399,2.200016751885414e-06,12
7759,883783,1.800013706088066e-06,12
7760,619425,1.800013706088066e-06,12
7761,144793,4.599918611347675e-06,14
7762,473603,1.800013706088066e-06,12
7763,171906,1.700012944638729e-06,12
7764,658970,1.800013706088066e-06,12
7765,223360,1.700012944638729e-06,12
7766,540964,1.700012944638729e-06,12
7767,554336,1.800013706088066e-06,12
7768,7794,2.600019797682762e-06,13
7769,724528,1.700012944638729e-06,12
7770,334787,2.700020559132099e-06,13
7771,505233,2.600019797682762e-06,13
7772,837007,1.800013706088066e-06,12
7773,931097,1.800013706088066e-06,12
7774,373311,7.900060154497623e-06,17
7775,861108,4.999921657145023e-06,15
7776,607757,2.00001522898674e-06,12
7777,200375,1.800013706088066e-06,12
7778,136814,2.09989957511425e-06,12
7779,456722,1.800013706088066e-06,12
7780,587091,2.900022082030773e-06,13
7781,163485,3.900029696524143e-06,14
7782,562252,3.900029696524143e-06,14
7783,645655,1.800013706088066e-06,12
7784,995964,1.800013706088066e-06,12
7785,451272,2.7999049052596092e-06,13
7786,336142,1.800013706088066e-06,12
7787,514093,2.700020559132099e-06,13
7788,614367,1.800013706088066e-06,12
7789,611886,1.800013706088066e-06,12
7790,880859,2.600019797682762e-06,13
7791,526237,1.9000144675374031e-06,12
7792,223115,3.6999117583036423e-06,14
7793,19626,1.9000144675374031e-06,12
7794,495279,5.100038833916187e-06,15
7795,469180,2.6999041438102722e-06,13
7796,771627,1.9000144675374031e-06,12
7797,660515,6.400048732757568e-06,16
7798,515953,1.8998980522155762e-06,12
7799,226146,2.00001522898674e-06,12
7800,85644,3.700028173625469e-06,14
7801,944311,5.499925464391708e-06,15
7802,271808,2.600019797682762e-06,13
7803,480874,3.900029696524143e-06,14
7804,451070,1.7998972907662392e-06,12
7805,399131,1.800013706088066e-06,12
7806,438289,1.800013706088066e-06,12
7807,645496,2.600019797682762e-06,13
7808,190441,1.800013706088066e-06,12
7809,495855,1.800013706088066e-06,12
7810,969485,3.300025127828121e-06,13
7811,366135,2.6999041438102722e-06,13
7812,334260,1.800013706088066e-06,12
7813,567599,5.100038833916187e-06,12
7814,34355,1.700012944638729e-06,12
7815,275343,2.600019797682762e-06,13
7816,821177,2.600019797682762e-06,13
7817,825098,2.600019797682762e-06,13
7818,686919,1.7998972907662392e-06,12
7819,538472,4.700035788118839e-06,15
7820,988541,1.800013706088066e-06,12
7821,297265,2.600019797682762e-06,13
7822,785436,1.800013706088066e-06,12
7823,14132,2.700020559132099e-06,13
7824,883152,2.599903382360935e-06,13
7825,848071,1.700012944638729e-06,12
7826,910318,3.700028173625469e-06,14
7827,741656,1.800013706088066e-06,12
7828,546148,1.800013706088066e-06,12
7829,900394,4.00003045797348e-06,14
7830,598591,1.800013706088066e-06,12
7831,410264,2.00001522898674e-06,12
7832,351530,2.700020559132099e-06,13
7833,111215,1.9000144675374031e-06,12
7834,657129,3.600027412176132e-06,14
7835,785453,2.500019036233425e-06,13
7836,516083,3.8000289350748062e-06,14
7837,39406,1.9000144675374031e-06,12
7838,352651,2.599903382360935e-06,13
7839,889258,1.800013706088066e-06,12
7840,112890,1.700012944638729e-06,12
7841,724151,1.800013706088066e-06,12
7842,184735,4.499917849898338e-06,14
7843,242027,1.9000144675374031e-06,12
7844,732628,1.800013706088066e-06,12
7845,967501,2.600019797682762e-06,13
7846,629684,2.500019036233425e-06,13
7847,727053,1.800013706088066e-06,12
7848,901574,1.800013706088066e-06,12
7849,131125,1.800013706088066e-06,12
7850,203036,1.700012944638729e-06,12
7851,24933,3.8000289350748062e-06,14
7852,506733,1.800013706088066e-06,12
7853,277999,1.8998980522155762e-06,12
7854,487787,3.8000289350748062e-06,14
7855,567959,2.500019036233425e-06,13
7856,222910,1.700012944638729e-06,12
7857,175838,1.9000144675374031e-06,12
7858,258199,2.700020559132099e-06,13
7859,582798,1.700012944638729e-06,12
7860,893659,2.700020559132099e-06,13
7861,335435,1.9000144675374031e-06,12
7862,647113,2.00001522898674e-06,12
7863,78283,3.600027412176132e-06,13
7864,838543,6.8999361246824265e-06,17
7865,144699,1.9000144675374031e-06,12
7866,188497,2.600019797682762e-06,13
7867,962088,1.9000144675374031e-06,12
7868,216743,1.800013706088066e-06,12
7869,303998,1.800013706088066e-06,12
7870,266642,1.700012944638729e-06,12
7871,702683,2.599903382360935e-06,13
7872,431124,2.700020559132099e-06,13
7873,762973,1.9000144675374031e-06,12
7874,571567,2.600019797682762e-06,13
7875,930956,2.700020559132099e-06,13
7876,62974,1.700012944638729e-06,12
7877,943618,2.600019797682762e-06,13
7878,226755,1.6998965293169022e-06,12
7879,161888,1.800013706088066e-06,12
7880,270720,2.700020559132099e-06,13
7881,46095,1.700012944638729e-06,12
7882,771309,1.6998965293169022e-06,12
7883,936331,1.800013706088066e-06,12
7884,566023,6.800051778554916e-06,17
7885,510545,3.899913281202316e-06,14
7886,808000,2.600019797682762e-06,13
7887,339625,2.700020559132099e-06,13
7888,833871,1.7998972907662392e-06,12
7889,257476,1.9000144675374031e-06,12
7890,843632,1.800013706088066e-06,12
7891,136284,2.900022082030773e-06,13
7892,96865,2.599903382360935e-06,13
7893,745691,1.800013706088066e-06,12
7894,890893,4.00003045797348e-06,14
7895,781447,1.700012944638729e-06,12
7896,358592,1.800013706088066e-06,12
7897,275225,1.700012944638729e-06,12
7898,742484,1.800013706088066e-06,12
7899,408169,1.800013706088066e-06,12
7900,11196,1.700012944638729e-06,12
7901,567296,1.800013706088066e-06,12
7902,2723,1.700012944638729e-06,12
7903,771057,1.800013706088066e-06,12
7904,894922,2.6999041438102722e-06,13
7905,651225,5.100038833916187e-06,15
7906,421403,1.9000144675374031e-06,12
7907,147712,1.7998972907662392e-06,12
7908,489427,1.700012944638729e-06,12
7909,321161,1.800013706088066e-06,12
7910,965368,1.700012944638729e-06,12
7911,528823,1.7998972907662392e-06,12
7912,773027,1.700012944638729e-06,12
7913,339433,1.700012944638729e-06,12
7914,850350,1.800013706088066e-06,12
7915,558696,1.800013706088066e-06,12
7916,293693,7.00005330145359e-06,16
7917,941510,1.800013706088066e-06,12
7918,462328,1.8998980522155762e-06,12
7919,45435,1.700012944638729e-06,12
7920,195419,1.800013706088066e-06,12
7921,5180,1.800013706088066e-06,12
7922,827242,1.700012944638729e-06,12
7923,592838,1.800013706088066e-06,12
7924,782911,1.800013706088066e-06,12
7925,675425,2.700020559132099e-06,13
7926,475074,1.7998972907662392e-06,12
7927,725124,1.700012944638729e-06,12
7928,187811,2.600019797682762e-06,13
7929,243793,1.700012944638729e-06,12
7930,354072,2.599903382360935e-06,13
7931,655581,1.800013706088066e-06,12
7932,703133,6.500049494206905e-06,17
7933,694903,2.6999041438102722e-06,13
7934,569293,2.700020559132099e-06,13
7935,931781,2.700020559132099e-06,13
7936,59050,1.700012944638729e-06,12
7937,696926,3.600027412176132e-06,14
7938,631517,1.9000144675374031e-06,12
7939,430980,1.700012944638729e-06,12
7940,973806,1.6998965293169022e-06,12
7941,594864,1.800013706088066e-06,12
7942,987541,5.800044164061546e-06,16
7943,631469,1.700012944638729e-06,12
7944,396179,2.600019797682762e-06,13
7945,760624,5.00003807246685e-06,15
7946,11486,1.800013706088066e-06,12
7947,890566,1.800013706088066e-06,12
7948,913271,5.00003807246685e-06,15
7949,308766,1.800013706088066e-06,12
7950,29001,2.599903382360935e-06,13
7951,270521,1.700012944638729e-06,12
7952,357536,1.700012944638729e-06,12
7953,412361,2.600019797682762e-06,13
7954,257674,1.700012944638729e-06,12
7955,390875,1.800013706088066e-06,12
7956,651002,1.700012944638729e-06,12
7957,862769,1.800013706088066e-06,12
7958,622144,1.6998965293169022e-06,12
7959,763327,2.600019797682762e-06,13
7960,848966,2.00001522898674e-06,12
7961,398535,2.700020559132099e-06,13
7962,607239,2.7999049052596092e-06,13
7963,740,2.600019797682762e-06,13
7964,884381,1.800013706088066e-06,12
7965,139032,1.800013706088066e-06,12
7966,377984,2.600019797682762e-06,13
7967,299038,1.800013706088066e-06,12
7968,267208,3.700028173625469e-06,14
7969,562640,1.6998965293169022e-06,12
7970,125369,1.800013706088066e-06,12
7971,878220,1.700012944638729e-06,12
7972,413625,1.800013706088066e-06,12
7973,390351,1.7998972907662392e-06,12
7974,157197,1.700012944638729e-06,12
7975,776831,2.800021320581436e-06,13
7976,829426,1.800013706088066e-06,12
7977,95263,1.5998957678675652e-06,12
7978,290963,1.800013706088066e-06,12
7979,533143,2.600019797682762e-06,13
7980,844045,5.599926225841045e-06,15
7981,29960,5.300040356814861e-06,15
7982,728196,1.700012944638729e-06,12
7983,229850,2.599903382360935e-06,13
7984,326990,1.800013706088066e-06,12
7985,644043,2.500019036233425e-06,13
7986,457484,2.00001522898674e-06,12
7987,716929,1.7998972907662392e-06,12
7988,818405,1.800013706088066e-06,12
7989,346793,1.800013706088066e-06,12
7990,528614,4.900037311017513e-06,14
7991,205056,1.9000144675374031e-06,12
7992,262884,3.00002284348011e-06,13
7993,47388,1.800013706088066e-06,12
7994,608507,2.599903382360935e-06,13
7995,251016,6.200047209858894e-06,16
7996,413954,1.9000144675374031e-06,12
7997,625988,1.6998965293169022e-06,12
7998,597762,1.9000144675374031e-06,12
7999,158198,2.700020559132099e-06,13
8000,239833,2.700020559132099e-06,13
8001,165836,1.8998980522155762e-06,12
8002,662854,1.9000144675374031e-06,12
8003,301643,2.800021320581436e-06,13
8004,137292,1.800013706088066e-06,12
8005,71118,1.8998980522155762e-06,12
8006,103313,2.600019797682762e-06,13
8007,262036,5.00003807246685e-06,15
8008,150181,2.6999041438102722e-06,13
8009,963859,1.9000144675374031e-06,12
8010,150857,7.899943739175797e-06,18
8011,225116,1.9000144675374031e-06,12
8012,272381,6.00004568696022e-06,16
8013,770362,1.4299992471933365e-05,17
8014,144990,1.999898813664913e-06,12
8015,977158,2.00001522898674e-06,12
8016,72677,3.8000289350748062e-06,14
8017,830708,3.899913281202316e-06,14
8018,740841,3.8000289350748062e-06,14
8019,817371,2.700020559132099e-06,13
8020,749761,3.0999071896076202e-06,13
8021,751782,1.9000144675374031e-06,12
8022,292674,4.00003045797348e-06,14
8023,800002,4.799920134246349e-06,14
8024,894610,2.500019036233425e-06,13
8025,537794,2.700020559132099e-06,13
8026,488602,6.3999323174357414e-06,16
8027,212452,1.800013706088066e-06,12
8028,746904,2.500019036233425e-06,13
8029,412013,1.800013706088066e-06,12
8030,717626,4.100031219422817e-06,14
8031,686285,2.600019797682762e-06,13
8032,53283,3.5999109968543053e-06,14
8033,812812,4.00003045797348e-06,14
8034,325764,1.700012944638729e-06,12
8035,469842,2.6999041438102722e-06,13
8036,934010,2.600019797682762e-06,13
8037,770008,1.800013706088066e-06,12
8038,505709,2.6999041438102722e-06,13
8039,978534,4.100031219422817e-06,14
8040,141038,2.800021320581436e-06,13
8041,636916,2.7999049052596092e-06,13
8042,683043,2.700020559132099e-06,13
8043,756756,2.100015990436077e-06,12
8044,597314,1.700012944638729e-06,12
8045,151193,1.700012944638729e-06,12
8046,422811,6.600050255656242e-06,15
8047,703436,1.800013706088066e-06,12
8048,494785,1.800013706088066e-06,12
8049,835648,2.600019797682762e-06,13
8050,506717,2.500019036233425e-06,13
8051,405045,6.7999353632330894e-06,17
8052,484498,2.800021320581436e-06,13
8053,467853,3.8000289350748062e-06,14
8054,830269,2.500019036233425e-06,13
8055,994985,1.9000144675374031e-06,12
8056,605046,1.800013706088066e-06,12
8057,256239,2.6999041438102722e-06,13
8058,613108,2.700020559132099e-06,13
8059,868771,1.800013706088066e-06,12
8060,136918,4.400033503770828e-06,14
8061,355285,1.9000144675374031e-06,12
8062,570742,1.9000144675374031e-06,12
8063,524241,1.800013706088066e-06,12
8064,923927,1.800013706088066e-06,12
8065,390912,1.0600080713629723e-05,20
8066,477457,2.09989957511425e-06,12
8067,168598,3.700028173625469e-06,14
8068,172026,6.800051778554916e-06,17
8069,118535,1.800013706088066e-06,12
8070,244501,2.600019797682762e-06,13
8071,198327,1.800013706088066e-06,12
8072,676231,1.800013706088066e-06,12
8073,444390,2.700020559132099e-06,13
8074,512229,7.400056347250938e-06,17
8075,74489,1.6998965293169022e-06,12
8076,982567,1.800013706088066e-06,12
8077,630195,1.800013706088066e-06,12
8078,878310,2.600019797682762e-06,13
8079,105396,3.6999117583036423e-06,14
8080,892511,1.9000144675374031e-06,12
8081,83540,1.9000144675374031e-06,12
8082,430602,1.700012944638729e-06,12
8083,616087,1.9000144675374031e-06,12
8084,344863,3.8000289350748062e-06,14
8085,950414,2.700020559132099e-06,13
8086,315098,3.6999117583036423e-06,14
8087,216659,2.700020559132099e-06,13
8088,668728,1.800013706088066e-06,12
8089,909772,1.800013706088066e-06,12
8090,183891,1.2300093658268452e-05,22
8091,903452,2.09989957511425e-06,13
8092,120515,2.100015990436077e-06,13
8093,663859,2.00001522898674e-06,13
8094,56032,1.800013706088066e-06,13
8095,593977,2.7999049052596092e-06,14
8096,1173,1.800013706088066e-06,13
8097,19508,5.00003807246685e-06,16
8098,738920,2.6999041438102722e-06,14
8099,701068,1.9000144675374031e-06,13
8100,77561,4.00003045797348e-06,15
8101,961775,1.8998980522155762e-06,13
8102,282782,4.00003045797348e-06,15
8103,326315,8.09994526207447e-06,18
8104,651226,1.9000144675374031e-06,13
8105,702611,1.800013706088066e-06,13
8106,79817,4.900037311017513e-06,16
8107,56695,1.800013706088066e-06,13
8108,302745,1.800013706088066e-06,13
8109,411191,2.600019797682762e-06,14
8110,690652,1.999898813664913e-06,13
8111,310389,2.00001522898674e-06,13
8112,311198,1.9000144675374031e-06,13
8113,153824,2.900022082030773e-06,14
8114,926666,1.8998980522155762e-06,13
8115,565095,1.9000144675374031e-06,13
8116,180496,1.800013706088066e-06,13
8117,587681,2.00001522898674e-06,13
8118,657342,1.999898813664913e-06,13
8119,125089,2.800021320581436e-06,14
8120,982349,3.900029696524143e-06,15
8121,575086,2.00001522898674e-06,13
8122,883301,1.9000144675374031e-06,13
8123,998184,3.900029696524143e-06,15
8124,339198,2.900022082030773e-06,14
8125,711951,2.00001522898674e-06,13
8126,203307,1.800013706088066e-06,13
8127,776824,2.00001522898674e-06,13
8128,135176,2.800021320581436e-06,14
8129,230851,1.9000144675374031e-06,13
8130,86086,2.00001522898674e-06,13
8131,804118,1.800013706088066e-06,13
8132,728730,2.700020559132099e-06,14
8133,797396,1.800013706088066e-06,13
8134,974653,4.600035026669502e-06,15
8135,255550,2.600019797682762e-06,14
8136,549395,2.800021320581436e-06,14
8137,210549,1.700012944638729e-06,13
8138,904854,1.800013706088066e-06,13
8139,640978,2.8999056667089462e-06,14
8140,855663,1.9000144675374031e-06,13
8141,961600,2.00001522898674e-06,13
8142,286431,2.00001522898674e-06,13
8143,640706,1.8998980522155762e-06,13
8144,583167,1.800013706088066e-06,13
8145,117851,1.9000144675374031e-06,13
8146,121862,5.799927748739719e-06,16
8147,727380,2.900022082030773e-06,14
8148,898501,2.00001522898674e-06,13
8149,840006,2.800021320581436e-06,14
8150,277947,5.00003807246685e-06,16
8151,204266,1.9000144675374031e-06,13
8152,474771,2.800021320581436e-06,14
8153,318509,2.600019797682762e-06,14
8154,910242,2.00001522898674e-06,13
8155,944621,2.800021320581436e-06,14
8156,494802,2.7999049052596092e-06,14
8157,824147,2.00001522898674e-06,13
8158,390839,1.800013706088066e-06,13
8159,288009,2.00001522898674e-06,13
8160,904100,1.8998980522155762e-06,13
8161,266548,2.800021320581436e-06,14
8162,420021,2.800021320581436e-06,14
8163,317668,1.9000144675374031e-06,13
8164,695770,5.09992241859436e-06,16
8165,579896,3.900029696524143e-06,15
8166,180326,3.6999117583036423e-06,15
8167,743941,2.800021320581436e-06,14
8168,268474,2.00001522898674e-06,13
8169,913294,1.9000144675374031e-06,13
8170,318680,4.999921657145023e-06,16
8171,997863,6.00004568696022e-06,17
8172,184612,1.999898813664913e-06,13
8173,297717,2.00001522898674e-06,13
8174,119200,1.9000144675374031e-06,13
8175,137325,2.700020559132099e-06,14
8176,263886,1.999898813664913e-06,13
8177,438814,4.00003045797348e-06,15
8178,30808,2.00001522898674e-06,13
8179,675375,1.999898813664913e-06,13
8180,849232,4.600035026669502e-06,15
8181,818604,2.00001522898674e-06,13
8182,362005,2.00001522898674e-06,13
8183,525258,1.9000144675374031e-06,13
8184,202618,2.600019797682762e-06,14
8185,8846,1.9000144675374031e-06,13
8186,873149,2.00001522898674e-06,13
8187,417034,1.9000144675374031e-06,13
8188,494763,1.9000144675374031e-06,13
8189,829863,1.800013706088066e-06,13
8190,814705,1.800013706088066e-06,13
8191,491952,1.9000144675374031e-06,13
8192,371632,2.00001522898674e-06,13
8193,22050,2.600019797682762e-06,14
8194,701229,1.999898813664913e-06,13
8195,306999,4.100031219422817e-06,15
8196,425515,1.9000144675374031e-06,13
8197,561866,2.800021320581436e-06,14
8198,414647,1.9000144675374031e-06,13
8199,139599,3.700028173625469e-06,15
8200,392118,2.600019797682762e-06,14
8201,339092,1.7998972907662392e-06,13
8202,517463,1.800013706088066e-06,13
8203,159324,3.700028173625469e-06,15
8204,976989,2.600019797682762e-06,14
8205,580210,1.9000144675374031e-06,13
8206,311285,3.8000289350748062e-06,15
8207,249121,3.900029696524143e-06,15
8208,857409,2.00001522898674e-06,13
8209,218881,2.00001522898674e-06,13
8210,785921,5.00003807246685e-06,16
8211,71639,2.900022082030773e-06,14
8212,351880,2.00001522898674e-06,13
8213,619162,3.900029696524143e-06,15
8214,76427,1.9000144675374031e-06,13
8215,751729,2.600019797682762e-06,14
8216,14952,4.200031980872154e-06,14
8217,702277,1.8998980522155762e-06,13
8218,906293,2.00001522898674e-06,13
8219,794837,3.900029696524143e-06,15
8220,986770,1.9000144675374031e-06,13
8221,521426,2.100015990436077e-06,13
8222,842351,2.700020559132099e-06,14
8223,393785,1.9000144675374031e-06,13
8224,72315,1.700012944638729e-06,13
8225,743910,1.800013706088066e-06,13
8226,153468,1.9000144675374031e-06,13
8227,171425,1.9000144675374031e-06,13
8228,870168,2.700020559132099e-06,14
8229,312523,2.00001522898674e-06,13
8230,260089,1.800013706088066e-06,13
8231,350107,1.9000144675374031e-06,13
8232,749981,3.899913281202316e-06,15
8233,698816,2.00001522898674e-06,13
8234,977161,2.700020559132099e-06,14
8235,952437,1.9000144675374031e-06,13
8236,5593,2.6999041438102722e-06,14
8237,296955,3.900029696524143e-06,15
8238,276181,3.8000289350748062e-06,15
8239,453145,2.00001522898674e-06,13
8240,578411,2.400018274784088e-06,13
8241,919498,1.9000144675374031e-06,13
8242,645007,1.9000144675374031e-06,13
8243,302757,2.800021320581436e-06,14
8244,602485,2.700020559132099e-06,14
8245,720646,2.00001522898674e-06,13
8246,34252,3.7999125197529793e-06,15
8247,110461,1.9000144675374031e-06,13
8248,634157,1.9000144675374031e-06,13
8249,31735,2.600019797682762e-06,14
8250,883751,2.800021320581436e-06,14
8251,466251,2.00001522898674e-06,13
8252,601968,1.9000144675374031e-06,13
8253,477739,5.00003807246685e-06,15
8254,550273,4.00003045797348e-06,15
8255,563446,1.999898813664913e-06,13
8256,639438,4.800036549568176e-06,16
8257,701990,2.600019797682762e-06,14
8258,752430,1.7998972907662392e-06,13
8259,680619,2.800021320581436e-06,14
8260,658755,2.00001522898674e-06,13
8261,892583,6.299931555986404e-06,17
8262,175048,2.100015990436077e-06,13
8263,657978,2.800021320581436e-06,14
8264,650690,1.9000144675374031e-06,13
8265,306761,1.800013706088066e-06,13
8266,139579,1.9000144675374031e-06,13
8267,614999,2.00001522898674e-06,13
8268,210757,1.9000144675374031e-06,13
8269,630495,3.00002284348011e-06,14
8270,542795,2.800021320581436e-06,14
8271,499175,1.9000144675374031e-06,13
8272,389173,1.700012944638729e-06,13
8273,662621,1.9000144675374031e-06,13
8274,518192,1.9000144675374031e-06,13
8275,495032,1.9000144675374031e-06,13
8276,371270,2.8999056667089462e-06,14
8277,100613,1.800013706088066e-06,13
8278,402875,1.9000144675374031e-06,13
8279,293233,1.9000144675374031e-06,13
8280,349330,2.7999049052596092e-06,14
8281,166320,1.800013706088066e-06,13
8282,133257,1.800013706088066e-06,13
8283,655547,1.2899981811642647e-05,22
8284,381580,1.9000144675374031e-06,13
8285,845815,1.999898813664913e-06,13
8286,512634,2.600019797682762e-06,14
8287,26487,1.9000144675374031e-06,13
8288,766112,2.100015990436077e-06,13
8289,751489,1.8998980522155762e-06,13
8290,670356,1.9000144675374031e-06,13
8291,633862,2.700020559132099e-06,14
8292,978321,1.800013706088066e-06,13
8293,391153,2.6999041438102722e-06,14
8294,785428,2.00001522898674e-06,13
8295,755472,1.9000144675374031e-06,13
8296,350258,1.9000144675374031e-06,13
8297,974858,1.7998972907662392e-06,13
8298,863796,2.700020559132099e-06,14
8299,171916,1.800013706088066e-06,13
8300,284923,2.00001522898674e-06,13
8301,48528,2.7999049052596092e-06,14
8302,583269,2.700020559132099e-06,14
8303,605984,1.9000144675374031e-06,13
8304,399313,3.6999117583036423e-06,15
8305,407549,1.800013706088066e-06,13
8306,66822,1.9000144675374031e-06,13
8307,724070,1.9000144675374031e-06,13
8308,423352,1.7998972907662392e-06,13
8309,944117,1.800013706088066e-06,13
8310,942686,2.00001522898674e-06,13
8311,519781,2.700020559132099e-06,14
8312,255470,1.8998980522155762e-06,13
8313,45802,1.9000144675374031e-06,13
8314,356483,1.9000144675374031e-06,13
8315,684061,2.00001522898674e-06,13
8316,382942,2.6999041438102722e-06,14
8317,447736,2.800021320581436e-06,14
8318,684474,2.900022082030773e-06,14
8319,907311,1.9000144675374031e-06,13
8320,904960,3.900029696524143e-06,15
8321,997217,2.00001522898674e-06,13
8322,700865,3.900029696524143e-06,15
8323,939239,1.9000144675374031e-06,13
8324,578596,1.800013706088066e-06,13
8325,783050,2.600019797682762e-06,14
8326,392525,1.800013706088066e-06,13
8327,895184,1.800013706088066e-06,13
8328,198300,3.500026650726795e-06,14
8329,687094,3.8000289350748062e-06,15
8330,424821,1.9000144675374031e-06,13
8331,65027,2.700020559132099e-06,14
8332,678185,1.9000144675374031e-06,13
8333,137968,1.800013706088066e-06,13
8334,592407,2.700020559132099e-06,14
8335,950509,2.00001522898674e-06,13
8336,452853,2.600019797682762e-06,14
8337,523191,5.09992241859436e-06,16
8338,858132,2.00001522898674e-06,13
8339,243797,5.300040356814861e-06,16
8340,551562,2.00001522898674e-06,13
8341,500180,1.9000144675374031e-06,13
8342,44313,1.9000144675374031e-06,13
8343,515071,2.900022082030773e-06,14
8344,698970,5.800044164061546e-06,17
8345,432603,1.9000144675374031e-06,13
8346,162436,1.9000144675374031e-06,13
8347,870874,2.00001522898674e-06,13
8348,126642,2.00001522898674e-06,13
8349,808940,2.800021320581436e-06,14
8350,194880,3.899913281202316e-06,15
8351,641443,2.600019797682762e-06,14
8352,229744,1.9000144675374031e-06,13
8353,996600,2.00001522898674e-06,13
8354,796969,2.600019797682762e-06,14
8355,121111,1.9000144675374031e-06,13
8356,766988,1.800013706088066e-06,13
8357,127561,1.999898813664913e-06,13
8358,179936,2.700020559132099e-06,14
8359,636538,2.00001522898674e-06,13
8360,882920,1.800013706088066e-06,13
8361,396365,5.799927748739719e-06,16
8362,584003,9.199953638017178e-06,17
8363,784409,4.600035026669502e-06,13
8364,956453,4.600035026669502e-06,13
8365,556337,4.699919372797012e-06,13
8366,438524,4.600035026669502e-06,13
8367,820533,4.500034265220165e-06,13
8368,217493,5.200039595365524e-06,14
8369,29638,2.500019036233425e-06,13
8370,895135,8.199946023523808e-06,15
8371,659863,4.600035026669502e-06,13
8372,543746,1.0900082997977734e-05,16
8373,740073,3.700028173625469e-06,14
8374,506697,2.800021320581436e-06,13
8375,790373,3.6999117583036423e-06,14
8376,549688,2.900022082030773e-06,13
8377,576513,3.200024366378784e-06,14
8378,534494,2.7999049052596092e-06,13
8379,808714,4.700035788118839e-06,14
8380,933865,2.800021320581436e-06,13
8381,295560,6.100046448409557e-06,14
8382,569865,4.199915565550327e-06,14
8383,995290,2.700020559132099e-06,13
8384,448194,3.700028173625469e-06,14
8385,818417,6.3999323174357414e-06,15
8386,106840,5.100038833916187e-06,15
8387,220951,3.200024366378784e-06,14
8388,502472,2.900022082030773e-06,13
8389,495587,7.5999414548277855e-06,15
8390,200096,4.600035026669502e-06,13
8391,107217,4.600035026669502e-06,13
8392,611018,5.299923941493034e-06,14
8393,942089,3.400025889277458e-06,13
8394,175729,6.6999346017837524e-06,15
8395,291155,4.600035026669502e-06,13
8396,183971,3.100023604929447e-06,13
8397,809722,1.800013706088066e-06,13
8398,559644,1.8998980522155762e-06,13
8399,539353,5.00003807246685e-06,14
8400,809067,2.00001522898674e-06,13
8401,675867,2.7999049052596092e-06,14
8402,89958,2.100015990436077e-06,13
8403,806817,2.800021320581436e-06,13
8404,942954,8.499948307871819e-06,18
8405,65675,4.200031980872154e-06,15
8406,704652,2.100015990436077e-06,13
8407,128451,3.500026650726795e-06,14
8408,488685,3.100023604929447e-06,14
8409,551144,4.200031980872154e-06,15
8410,720807,3.100023604929447e-06,14
8411,76,2.200016751885414e-06,13
8412,188995,3.00002284348011e-06,14
8413,836130,4.00003045797348e-06,15
8414,499010,2.9999064281582832e-06,14
8415,237335,2.200016751885414e-06,13
8416,544138,2.200016751885414e-06,13
8417,456678,2.700020559132099e-06,14
8418,508022,1.800013706088066e-06,13
8419,17682,2.100015990436077e-06,13
8420,457631,4.900037311017513e-06,16
8421,568494,1.8998980522155762e-06,13
8422,208266,2.00001522898674e-06,13
8423,835247,7.300055585801601e-06,17
8424,62463,2.00001522898674e-06,13
8425,376275,5.900044925510883e-06,16
8426,971820,6.09993003308773e-06,17
8427,627953,1.9000144675374031e-06,13
8428,553169,1.9000144675374031e-06,13
8429,303137,2.09989957511425e-06,13
8430,628307,1.9000144675374031e-06,13
8431,715329,1.9000144675374031e-06,13
8432,451235,5.200039595365524e-06,16
8433,85260,2.00001522898674e-06,13
8434,210463,2.700020559132099e-06,14
8435,685341,2.700020559132099e-06,14
8436,862226,1.999898813664913e-06,13
8437,150713,1.700012944638729e-06,13
8438,867640,2.00001522898674e-06,13
8439,372900,2.900022082030773e-06,14
8440,254760,2.6999041438102722e-06,14
8441,961769,2.900022082030773e-06,14
8442,17769,2.700020559132099e-06,14
8443,670069,4.09991480410099e-06,15
8444,19857,1.9000144675374031e-06,13
8445,479691,2.00001522898674e-06,13
8446,821037,2.00001522898674e-06,13
8447,121352,2.6999041438102722e-06,14
8448,42063,2.00001522898674e-06,13
8449,327046,5.800044164061546e-06,17
8450,483074,2.100015990436077e-06,13
8451,906062,1.9000144675374031e-06,13
8452,504738,5.00003807246685e-06,16
8453,631529,2.7999049052596092e-06,14
8454,106085,2.900022082030773e-06,14
8455,380592,2.800021320581436e-06,14
8456,155228,2.6999041438102722e-06,14
8457,474072,1.9000144675374031e-06,13
8458,168863,2.00001522898674e-06,13
8459,878000,2.100015990436077e-06,13
8460,144644,2.900022082030773e-06,14
8461,952324,5.500041879713535e-06,16
8462,225464,1.9000144675374031e-06,13
8463,771438,2.800021320581436e-06,14
8464,873972,6.200047209858894e-06,16
8465,245611,4.999921657145023e-06,16
8466,655515,1.9000144675374031e-06,13
8467,672156,6.299931555986404e-06,17
8468,252133,3.900029696524143e-06,15
8469,5979,1.9000144675374031e-06,13
8470,755316,5.299923941493034e-06,16
8471,292115,2.900022082030773e-06,14
8472,24352,2.00001522898674e-06,13
8473,397709,1.999898813664913e-06,13
8474,183889,1.700012944638729e-06,13
8475,406460,1.9000144675374031e-06,13
8476,451691,1.800013706088066e-06,13
8477,74640,2.6999041438102722e-06,14
8478,792707,2.800021320581436e-06,14
8479,174067,1.9000144675374031e-06,13
8480,443571,2.700020559132099e-06,14
8481,596422,2.00001522898674e-06,13
8482,659901,3.8000289350748062e-06,15
8483,179421,1.800013706088066e-06,13
8484,55859,3.899913281202316e-06,15
8485,5630,1.700012944638729e-06,13
8486,844664,2.900022082030773e-06,14
8487,860965,1.9000144675374031e-06,13
8488,569417,1.800013706088066e-06,13
8489,934787,4.700035788118839e-06,15
8490,717335,2.00001522898674e-06,13
8491,40818,2.700020559132099e-06,14
8492,204653,3.900029696524143e-06,15
8493,744907,3.500026650726795e-06,14
8494,145576,1.9000144675374031e-06,13
8495,602649,3.200024366378784e-06,13
8496,315823,4.600035026669502e-06,14
8497,612935,4.600035026669502e-06,13
8498,954664,4.599918611347675e-06,13
8499,449130,2.800021320581436e-06,13
8500,567215,3.7999125197529793e-06,15
8501,888920,3.00002284348011e-06,14
8502,730901,2.700020559132099e-06,14
8503,754110,1.8998980522155762e-06,13
8504,452579,1.800013706088066e-06,13
8505,529230,8.100061677396297e-06,18
8506,356877,2.900022082030773e-06,14
8507,819951,2.00001522898674e-06,13
8508,627842,4.200031980872154e-06,15
8509,610145,6.400048732757568e-06,16
8510,164414,5.100038833916187e-06,16
8511,206135,2.700020559132099e-06,14
8512,862531,3.900029696524143e-06,15
8513,571336,2.00001522898674e-06,13
8514,253840,3.6999117583036423e-06,15
8515,18753,2.00001522898674e-06,13
8516,105155,1.800013706088066e-06,13
8517,408862,2.700020559132099e-06,14
8518,288388,2.600019797682762e-06,14
8519,689181,2.00001522898674e-06,13
8520,731671,1.9000144675374031e-06,13
8521,258724,1.8998980522155762e-06,13
8522,154715,2.900022082030773e-06,14
8523,303355,2.800021320581436e-06,14
8524,603310,2.800021320581436e-06,14
8525,531720,8.300063200294971e-06,16
8526,576167,2.100015990436077e-06,13
8527,803568,4.300032742321491e-06,15
8528,992363,1.9000144675374031e-06,13
8529,636520,4.199915565550327e-06,15
8530,70886,6.100046448409557e-06,17
8531,53832,5.199923180043697e-06,16
8532,374881,3.900029696524143e-06,15
8533,802128,2.900022082030773e-06,14
8534,938857,3.6999117583036423e-06,14
8535,285080,4.800036549568176e-06,16
8536,651553,2.00001522898674e-06,13
8537,95285,2.6999041438102722e-06,14
8538,57619,2.600019797682762e-06,14
8539,636995,1.800013706088066e-06,13
8540,19593,1.800013706088066e-06,13
8541,996499,2.6999041438102722e-06,14
8542,907268,2.800021320581436e-06,14
8543,222856,2.800021320581436e-06,14
8544,593580,1.9000144675374031e-06,13
8545,43798,1.9000144675374031e-06,13
8546,603124,1.9000144675374031e-06,13
8547,658425,2.700020559132099e-06,14
8548,412406,1.999898813664913e-06,13
8549,870936,2.700020559132099e-06,14
8550,127688,2.700020559132099e-06,14
8551,61320,1.9000144675374031e-06,13
8552,177774,1.8998980522155762e-06,13
8553,28323,1.9000144675374031e-06,13
8554,845507,2.800021320581436e-06,14
8555,277246,2.00001522898674e-06,13
8556,125875,2.800021320581436e-06,14
8557,542295,2.800021320581436e-06,14
8558,641506,1.9000144675374031e-06,13
8559,403005,2.7999049052596092e-06,14
8560,263801,2.00001522898674e-06,13
8561,789189,2.00001522898674e-06,13
8562,554106,3.900029696524143e-06,15
8563,572432,2.00001522898674e-06,13
8564,646297,1.9000144675374031e-06,13
8565,814126,2.00001522898674e-06,13
8566,187345,6.199930794537067e-06,17
8567,269587,1.9000144675374031e-06,13
8568,695361,1.9000144675374031e-06,13
8569,809926,1.800013706088066e-06,13
8570,457364,1.9000144675374031e-06,13
8571,414930,2.800021320581436e-06,14
8572,114961,2.800021320581436e-06,14
8573,757624,1.8998980522155762e-06,13
8574,72289,2.700020559132099e-06,14
8575,348556,2.00001522898674e-06,13
8576,245184,1.800013706088066e-06,13
8577,140769,1.7998972907662392e-06,13
8578,375967,1.9000144675374031e-06,13
8579,408320,5.100038833916187e-06,16
8580,178390,2.09989957511425e-06,13
8581,504458,2.600019797682762e-06,14
8582,443175,2.200016751885414e-06,13
8583,255588,3.8000289350748062e-06,15
8584,813844,1.9000144675374031e-06,13
8585,269717,2.500019036233425e-06,14
8586,122652,1.9000144675374031e-06,13
8587,186678,2.599903382360935e-06,14
8588,701956,2.100015990436077e-06,13
8589,137597,8.00006091594696e-06,18
8590,11512,2.800021320581436e-06,14
8591,550111,1.9000144675374031e-06,13
8592,223751,1.800013706088066e-06,13
8593,279661,2.800021320581436e-06,14
8594,949242,2.00001522898674e-06,13
8595,325025,1.9000144675374031e-06,13
8596,365810,1.9000144675374031e-06,13
8597,4916,3.6999117583036423e-06,15
8598,495356,1.9000144675374031e-06,13
8599,569526,2.00001522898674e-06,13
8600,137415,1.800013706088066e-06,13
8601,469226,2.00001522898674e-06,13
8602,457733,1.9000144675374031e-06,13
8603,788105,2.00001522898674e-06,13
8604,840339,2.00001522898674e-06,13
8605,804833,2.00001522898674e-06,13
8606,639030,1.9000144675374031e-06,13
8607,32678,2.800021320581436e-06,14
8608,370112,2.8999056667089462e-06,14
8609,256566,1.800013706088066e-06,13
8610,872706,1.9000144675374031e-06,13
8611,350861,1.9000144675374031e-06,13
8612,266854,2.00001522898674e-06,13
8613,550270,1.9000144675374031e-06,13
8614,419316,2.00001522898674e-06,13
8615,75635,5.300040356814861e-06,16
8616,269657,1.9000144675374031e-06,13
8617,914509,2.00001522898674e-06,13
8618,109925,2.00001522898674e-06,13
8619,407654,3.899913281202316e-06,15
8620,493807,1.800013706088066e-06,13
8621,183745,2.600019797682762e-06,14
8622,34776,3.100023604929447e-06,14
8623,861985,1.9000144675374031e-06,13
8624,202197,1.800013706088066e-06,13
8625,347872,1.800013706088066e-06,13
8626,767786,2.7999049052596092e-06,14
8627,282329,2.00001522898674e-06,13
8628,484321,3.8000289350748062e-06,15
8629,362603,1.9000144675374031e-06,13
8630,786421,2.7999049052596092e-06,14
8631,563634,2.800021320581436e-06,14
8632,393316,1.9000144675374031e-06,13
8633,114170,1.9000144675374031e-06,13
8634,436104,1.800013706088066e-06,13
8635,693921,2.800021320581436e-06,14
8636,196022,2.800021320581436e-06,14
8637,330403,2.6999041438102722e-06,14
8638,184768,1.9000144675374031e-06,13
8639,322611,1.9000144675374031e-06,13
8640,545999,2.600019797682762e-06,14
8641,127494,1.800013706088066e-06,13
8642,440742,5.200039595365524e-06,16
8643,617212,2.100015990436077e-06,13
8644,349165,1.8998980522155762e-06,13
8645,282985,1.9000144675374031e-06,13
8646,285763,2.800021320581436e-06,14
8647,718188,1.9000144675374031e-06,13
8648,714263,2.700020559132099e-06,14
8649,992344,2.800021320581436e-06,14
8650,527425,2.00001522898674e-06,13
8651,48480,1.800013706088066e-06,13
8652,881739,2.00001522898674e-06,13
8653,889355,2.800021320581436e-06,14
8654,413049,2.900022082030773e-06,14
8655,210282,1.7998972907662392e-06,13
8656,219734,3.500026650726795e-06,14
8657,659249,1.9000144675374031e-06,13
8658,801409,2.00001522898674e-06,13
8659,287047,2.700020559132099e-06,14
8660,623259,1.9000144675374031e-06,13
8661,119242,2.600019797682762e-06,14
8662,312167,2.00001522898674e-06,13
8663,410893,1.9000144675374031e-06,13
8664,685369,2.00001522898674e-06,13
8665,338197,2.00001522898674e-06,13
8666,783188,2.00001522898674e-06,13
8667,42675,1.9000144675374031e-06,13
8668,389193,2.500019036233425e-06,14
8669,749696,1.9000144675374031e-06,13
8670,248997,2.7999049052596092e-06,14
8671,667425,3.700028173625469e-06,14
8672,246148,2.00001522898674e-06,13
8673,130208,2.800021320581436e-06,14
8674,468842,1.9000144675374031e-06,13
8675,630106,4.800036549568176e-06,16
8676,210503,1.800013706088066e-06,13
8677,680866,1.999898813664913e-06,13
8678,562119,1.9000144675374031e-06,13
8679,804967,2.800021320581436e-06,14
8680,819168,2.600019797682762e-06,14
8681,148080,1.800013706088066e-06,13
8682,921399,1.800013706088066e-06,13
8683,688855,1.800013706088066e-06,13
8684,548880,1.9000144675374031e-06,13
8685,776695,2.00001522898674e-06,13
8686,344750,2.00001522898674e-06,13
8687,317730,2.00001522898674e-06,13
8688,611738,4.09991480410099e-06,15
8689,590856,5.100038833916187e-06,16
8690,398652,1.9000144675374031e-06,13
8691,581516,2.700020559132099e-06,14
8692,104493,1.800013706088066e-06,13
8693,625682,2.700020559132099e-06,14
8694,768959,2.8999056667089462e-06,14
8695,566567,2.700020559132099e-06,14
8696,136721,1.9000144675374031e-06,13
8697,976837,1.9000144675374031e-06,13
8698,256198,1.7998972907662392e-06,13
8699,448187,1.800013706088066e-06,13
8700,693189,2.600019797682762e-06,14
8701,851516,2.00001522898674e-06,13
8702,49337,1.7998972907662392e-06,13
8703,196027,1.800013706088066e-06,13
8704,789309,2.600019797682762e-06,14
8705,331831,1.9000144675374031e-06,13
8706,312507,5.899928510189056e-06,17
8707,27659,1.9000144675374031e-06,13
8708,475015,1.9000144675374031e-06,13
8709,772276,2.6999041438102722e-06,14
8710,284829,1.9000144675374031e-06,13
8711,452905,1.700012944638729e-06,13
8712,602384,1.9000144675374031e-06,13
8713,480648,2.6999041438102722e-06,14
8714,468174,1.9000144675374031e-06,13
8715,315693,1.9000144675374031e-06,13
8716,856335,1.800013706088066e-06,13
8717,215972,2.7999049052596092e-06,14
8718,382153,1.9000144675374031e-06,13
8719,466052,2.700020559132099e-06,14
8720,406756,5.699926987290382e-06,17
8721,810586,2.800021320581436e-06,14
8722,739642,2.700020559132099e-06,14
8723,150969,1.7998972907662392e-06,13
8724,267396,1.800013706088066e-06,13
8725,267845,1.800013706088066e-06,13
8726,359577,1.800013706088066e-06,13
8727,886094,1.9000144675374031e-06,13
8728,825706,4.700035788118839e-06,14
8729,730823,2.800021320581436e-06,14
8730,538289,1.800013706088066e-06,13
8731,189608,1.800013706088066e-06,13
8732,973525,2.700020559132099e-06,14
8733,785474,2.00001522898674e-06,13
8734,994277,1.800013706088066e-06,13
8735,722284,2.800021320581436e-06,14
8736,728214,4.900037311017513e-06,15
8737,623574,1.9000144675374031e-06,13
8738,639187,1.700012944638729e-06,13
8739,390104,2.600019797682762e-06,14
8740,723585,1.800013706088066e-06,13
8741,904817,1.800013706088066e-06,13
8742,775525,3.900029696524143e-06,15
8743,498188,1.9000144675374031e-06,13
8744,469703,1.8998980522155762e-06,13
8745,896588,1.800013706088066e-06,13
8746,219072,1.9000144675374031e-06,13
8747,470253,2.700020559132099e-06,14
8748,675354,4.799920134246349e-06,16
8749,422397,1.9000144675374031e-06,13
8750,338825,4.00003045797348e-06,15
8751,582326,1.8998980522155762e-06,13
8752,661614,1.700012944638729e-06,13
8753,80628,1.800013706088066e-06,13
8754,807663,1.9000144675374031e-06,13
8755,17512,3.6999117583036423e-06,15
8756,477123,2.800021320581436e-06,14
8757,463419,7.999944500625134e-06,19
8758,861241,2.700020559132099e-06,14
8759,264424,1.9000144675374031e-06,13
8760,183373,1.700012944638729e-06,13
8761,3661,1.800013706088066e-06,13
8762,37143,1.800013706088066e-06,13
8763,819028,1.9000144675374031e-06,13
8764,204642,1.800013706088066e-06,13
8765,698486,1.8998980522155762e-06,13
8766,360000,1.9000144675374031e-06,13
8767,379644,1.9000144675374031e-06,13
8768,52933,4.100031219422817e-06,15
8769,702372,3.900029696524143e-06,15
8770,998277,1.9000144675374031e-06,13
8771,505058,1.9000144675374031e-06,13
8772,467393,1.8998980522155762e-06,13
8773,196055,1.800013706088066e-06,13
8774,849386,1.9000144675374031e-06,13
8775,105117,2.800021320581436e-06,14
8776,662744,2.6999041438102722e-06,14
8777,374300,1.9000144675374031e-06,13
8778,822377,1.9000144675374031e-06,13
8779,721522,1.800013706088066e-06,13
8780,409391,1.9000144675374031e-06,13
8781,702668,2.700020559132099e-06,14
8782,569012,1.800013706088066e-06,13
8783,755377,1.9000144675374031e-06,13
8784,221224,1.9000144675374031e-06,13
8785,933885,2.900022082030773e-06,14
8786,479016,3.8000289350748062e-06,15
8787,257914,2.00001522898674e-06,13
8788,479880,5.200039595365524e-06,16
8789,757098,2.00001522898674e-06,13
8790,633470,1.999898813664913e-06,13
8791,668027,1.9000144675374031e-06,13
8792,71829,1.9000144675374031e-06,13
8793,932032,1.800013706088066e-06,13
8794,415417,1.8998980522155762e-06,13
8795,86668,1.9000144675374031e-06,13
8796,8810,1.800013706088066e-06,13
8797,579723,2.600019797682762e-06,14
8798,188168,1.800013706088066e-06,13
8799,759256,3.00002284348011e-06,14
8800,528257,1.700012944638729e-06,13
8801,618554,8.999952115118504e-06,18
8802,88379,1.9000144675374031e-06,13
8803,744586,2.00001522898674e-06,13
8804,694735,1.7998972907662392e-06,13
8805,405172,1.800013706088066e-06,13
8806,437120,3.900029696524143e-06,15
8807,700353,2.7999049052596092e-06,14
8808,249564,1.800013706088066e-06,13
8809,345779,6.00004568696022e-06,16
8810,318257,2.09989957511425e-06,13
8811,579031,2.00001522898674e-06,13
8812,998338,1.800013706088066e-06,13
8813,312566,2.00001522898674e-06,13
8814,518028,8.499948307871819e-06,19
8815,24679,2.100015990436077e-06,13
8816,99862,2.8999056667089462e-06,14
8817,959142,2.100015990436077e-06,13
8818,647782,2.100015990436077e-06,13
8819,634625,1.9000144675374031e-06,13
8820,654486,2.6999041438102722e-06,14
8821,454080,3.00002284348011e-06,14
8822,903115,2.800021320581436e-06,14
8823,722876,1.9000144675374031e-06,13
8824,32887,2.00001522898674e-06,13
8825,102905,3.8000289350748062e-06,15
8826,911073,3.00002284348011e-06,14
8827,878199,6.300047971308231e-06,17
8828,983569,5.100038833916187e-06,16
8829,15632,4.00003045797348e-06,15
8830,943642,1.9000144675374031e-06,13
8831,55683,2.00001522898674e-06,13
8832,144155,6.8999361246824265e-06,17
8833,97403,3.700028173625469e-06,15
8834,187415,1.8998980522155762e-06,13
8835,411762,7.70005863159895e-06,18
8836,114221,2.700020559132099e-06,14
8837,848387,1.9000144675374031e-06,13
8838,52209,1.800013706088066e-06,13
8839,167825,2.700020559132099e-06,14
8840,741114,1.8998980522155762e-06,13
8841,804784,1.800013706088066e-06,13
8842,537646,2.789997961372137e-05,13
8843,393371,1.800013706088066e-06,13
8844,687368,1.800013706088066e-06,13
8845,931358,5.299923941493034e-06,16
8846,410738,2.700020559132099e-06,14
8847,684123,4.00003045797348e-06,15
8848,546278,6.4999330788850784e-06,17
8849,334234,3.100023604929447e-06,14
8850,986118,2.100015990436077e-06,13
8851,131077,2.800021320581436e-06,14
8852,776109,1.9000144675374031e-06,13
8853,855248,1.9000144675374031e-06,13
8854,156843,1.8998980522155762e-06,13
8855,998737,1.9000144675374031e-06,13
8856,829480,4.00003045797348e-06,15
8857,21391,2.00001522898674e-06,13
8858,469621,1.9000144675374031e-06,13
8859,779568,2.800021320581436e-06,14
8860,69401,1.9000144675374031e-06,13
8861,460958,6.299931555986404e-06,17
8862,130086,1.9000144675374031e-06,13
8863,689211,3.8000289350748062e-06,15
8864,814618,2.00001522898674e-06,13
8865,622655,2.700020559132099e-06,14
8866,236941,3.00002284348011e-06,14
8867,346823,2.8999056667089462e-06,14
8868,545841,1.800013706088066e-06,13
8869,888342,1.9000144675374031e-06,13
8870,201556,2.800021320581436e-06,14
8871,559336,9.699957445263863e-06,19
8872,462688,2.00001522898674e-06,13
8873,758176,4.899920895695686e-06,16
8874,779956,1.9000144675374031e-06,13
8875,257032,4.900037311017513e-06,16
8876,437399,2.00001522898674e-06,13
8877,191508,2.00001522898674e-06,13
8878,151439,1.9000144675374031e-06,13
8879,146152,2.6999041438102722e-06,14
8880,912283,1.9000144675374031e-06,13
8881,38444,5.00003807246685e-06,16
8882,477908,2.200016751885414e-06,13
8883,746613,1.9000144675374031e-06,13
8884,91018,2.00001522898674e-06,13
8885,58715,2.600019797682762e-06,14
8886,350229,2.7999049052596092e-06,14
8887,944282,2.800021320581436e-06,14
8888,451186,2.00001522898674e-06,13
8889,834715,2.800021320581436e-06,14
8890,443804,4.00003045797348e-06,15
8891,381796,2.700020559132099e-06,14
8892,471958,2.00001522898674e-06,13
8893,27955,2.900022082030773e-06,14
8894,876863,3.00002284348011e-06,14
8895,968910,2.800021320581436e-06,14
8896,749002,1.8998980522155762e-06,13
8897,623089,5.100038833916187e-06,16
8898,314232,4.00003045797348e-06,15
8899,198925,1.9000144675374031e-06,13
8900,428335,2.600019797682762e-06,14
8901,842956,2.900022082030773e-06,14
8902,106911,3.700028173625469e-06,14
8903,195376,3.00002284348011e-06,14
8904,281021,3.00002284348011e-06,14
8905,229227,2.00001522898674e-06,13
8906,416707,2.800021320581436e-06,14
8907,285819,1.9000144675374031e-06,13
8908,466963,5.899928510189056e-06,16
8909,372840,2.00001522898674e-06,13
8910,67335,2.800021320581436e-06,14
8911,151956,1.7998972907662392e-06,13
8912,388053,2.700020559132099e-06,14
8913,31245,2.00001522898674e-06,13
8914,910430,1.9000144675374031e-06,13
8915,275940,1.999898813664913e-06,13
8916,730477,2.100015990436077e-06,13
8917,521870,2.00001522898674e-06,13
8918,39765,2.700020559132099e-06,14
8919,110415,2.800021320581436e-06,14
8920,79209,1.9000144675374031e-06,13
8921,895335,1.800013706088066e-06,13
8922,712813,3.899913281202316e-06,15
8923,785843,2.00001522898674e-06,13
8924,433205,3.900029696524143e-06,15
8925,580095,1.9000144675374031e-06,13
8926,556349,5.900044925510883e-06,17
8927,678398,2.100015990436077e-06,13
8928,116345,2.500019036233425e-06,14
8929,862611,2.00001522898674e-06,13
8930,433750,2.700020559132099e-06,14
8931,844675,1.9000144675374031e-06,13
8932,914483,2.7999049052596092e-06,14
8933,705957,4.700035788118839e-06,15
8934,819156,2.00001522898674e-06,13
8935,678497,4.799920134246349e-06,16
8936,392631,5.00003807246685e-06,16
8937,256559,1.800013706088066e-06,13
8938,637762,2.100015990436077e-06,13
8939,428214,1.800013706088066e-06,13
8940,969302,2.00001522898674e-06,13
8941,778994,2.800021320581436e-06,14
8942,158245,2.00001522898674e-06,13
8943,137875,1.9000144675374031e-06,13
8944,82067,2.800021320581436e-06,14
8945,253041,2.00001522898674e-06,13
8946,141662,3.900029696524143e-06,15
8947,662181,3.900029696524143e-06,15
8948,85496,1.800013706088066e-06,13
8949,459241,2.00001522898674e-06,13
8950,617731,2.00001522898674e-06,13
8951,930861,2.100015990436077e-06,13
8952,286123,3.899913281202316e-06,15
8953,680848,8.300063200294971e-06,18
8954,342702,5.999929271638393e-06,17
8955,381170,3.8000289350748062e-06,15
8956,811251,3.7999125197529793e-06,15
8957,986587,1.9000144675374031e-06,13
8958,231751,1.800013706088066e-06,13
8959,80873,1.800013706088066e-06,13
8960,745934,2.00001522898674e-06,13
8961,716504,8.500064723193645e-06,19
8962,923471,2.700020559132099e-06,14
8963,497492,3.900029696524143e-06,15
8964,150110,2.00001522898674e-06,13
8965,293962,2.100015990436077e-06,13
8966,365758,2.6999041438102722e-06,14
8967,127064,1.800013706088066e-06,13
8968,271905,2.100015990436077e-06,13
8969,788571,2.700020559132099e-06,14
8970,46461,1.800013706088066e-06,13
8971,417563,4.00003045797348e-06,15
8972,141528,1.800013706088066e-06,13
8973,863021,2.8999056667089462e-06,14
8974,493114,2.00001522898674e-06,13
8975,806002,2.00001522898674e-06,13
8976,586938,2.00001522898674e-06,13
8977,173101,4.899920895695686e-06,15
8978,98186,1.9000144675374031e-06,13
8979,866310,2.00001522898674e-06,13
8980,534480,2.6999041438102722e-06,14
8981,746704,3.900029696524143e-06,15
8982,517721,2.200016751885414e-06,13
8983,405972,2.6999041438102722e-06,14
8984,953702,2.00001522898674e-06,13
8985,378587,2.00001522898674e-06,13
8986,982486,2.00001522898674e-06,13
8987,886322,3.999914042651653e-06,15
8988,864575,1.800013706088066e-06,13
8989,951432,2.700020559132099e-06,14
8990,415961,1.800013706088066e-06,13
8991,361684,1.9000144675374031e-06,13
8992,738096,1.9000144675374031e-06,13
8993,625365,1.9000144675374031e-06,13
8994,612524,1.9000144675374031e-06,13
8995,465799,2.700020559132099e-06,14
8996,357249,3.900029696524143e-06,15
8997,474162,2.600019797682762e-06,14
8998,744161,2.00001522898674e-06,13
8999,738965,1.9000144675374031e-06,13
9000,855089,3.600027412176132e-06,14
9001,412840,1.9000144675374031e-06,13
9002,910113,3.200024366378784e-06,14
9003,859898,2.900022082030773e-06,14
9004,128044,5.799927748739719e-06,17
9005,770021,2.900022082030773e-06,14
9006,703745,2.100015990436077e-06,13
9007,986950,2.7999049052596092e-06,14
9008,879504,1.9000144675374031e-06,13
9009,285362,1.800013706088066e-06,13
9010,66164,1.9000144675374031e-06,13
9011,454388,1.8998980522155762e-06,13
9012,460945,1.800013706088066e-06,13
9013,369729,3.8000289350748062e-06,15
9014,436747,1.800013706088066e-06,13
9015,852846,1.9000144675374031e-06,13
9016,223013,1.9000144675374031e-06,13
9017,812382,1.800013706088066e-06,13
9018,234183,2.00001522898674e-06,13
9019,782254,1.8998980522155762e-06,13
9020,153541,6.00004568696022e-06,17
9021,758185,2.00001522898674e-06,13
9022,495303,1.9000144675374031e-06,13
9023,903949,4.700035788118839e-06,16
9024,25838,2.800021320581436e-06,14
9025,916940,1.8998980522155762e-06,13
9026,947797,2.700020559132099e-06,14
9027,954615,2.800021320581436e-06,14
9028,530722,4.599918611347675e-06,15
9029,309442,5.300040356814861e-06,16
9030,536332,1.9000144675374031e-06,13
9031,17901,2.00001522898674e-06,13
9032,239551,1.9000144675374031e-06,13
9033,842707,5.00003807246685e-06,16
9034,840274,5.899928510189056e-06,17
9035,748713,1.9000144675374031e-06,13
9036,253350,2.00001522898674e-06,13
9037,507711,1.8998980522155762e-06,13
9038,574566,2.700020559132099e-06,14
9039,612746,4.800036549568176e-06,15
9040,202004,3.6999117583036423e-06,15
9041,882333,2.00001522898674e-06,13
9042,424370,2.800021320581436e-06,14
9043,403680,1.9000144675374031e-06,13
9044,823977,1.800013706088066e-06,13
9045,936787,2.00001522898674e-06,13
9046,785694,2.800021320581436e-06,14
9047,370635,2.6999041438102722e-06,14
9048,582231,2.800021320581436e-06,14
9049,981106,1.9000144675374031e-06,13
9050,86920,1.9000144675374031e-06,13
9051,740465,1.8998980522155762e-06,13
9052,976687,5.100038833916187e-06,16
9053,323046,3.900029696524143e-06,15
9054,683545,2.700020559132099e-06,14
9055,224942,2.700020559132099e-06,14
9056,989891,2.800021320581436e-06,14
9057,767959,1.9000144675374031e-06,13
9058,916668,1.9000144675374031e-06,13
9059,619611,2.00001522898674e-06,13
9060,681787,1.9000144675374031e-06,13
9061,384080,1.8998980522155762e-06,13
9062,778741,1.800013706088066e-06,13
9063,667239,1.9000144675374031e-06,13
9064,419766,3.900029696524143e-06,15
9065,243550,2.700020559132099e-06,14
9066,587651,2.00001522898674e-06,13
9067,721656,3.900029696524143e-06,15
9068,436199,2.6999041438102722e-06,14
9069,607758,3.500026650726795e-06,14
9070,363060,2.00001522898674e-06,13
9071,172897,1.800013706088066e-06,13
9072,613520,2.700020559132099e-06,14
9073,756402,2.00001522898674e-06,13
9074,615707,3.8000289350748062e-06,15
9075,778762,3.900029696524143e-06,15
9076,627628,2.100015990436077e-06,13
9077,197607,5.899928510189056e-06,17
9078,946234,4.300032742321491e-06,15
9079,76164,1.9000144675374031e-06,13
9080,197734,1.700012944638729e-06,13
9081,804855,1.9000144675374031e-06,13
9082,283543,2.700020559132099e-06,14
9083,791925,1.9000144675374031e-06,13
9084,228312,1.9000144675374031e-06,13
9085,232142,5.900044925510883e-06,16
9086,800531,2.800021320581436e-06,14
9087,654394,1.999898813664913e-06,13
9088,570536,2.700020559132099e-06,14
9089,520622,1.9000144675374031e-06,13
9090,531252,1.9000144675374031e-06,13
9091,539239,1.8998980522155762e-06,13
9092,850311,3.900029696524143e-06,15
9093,37735,1.9000144675374031e-06,13
9094,634058,2.00001522898674e-06,13
9095,983773,2.00001522898674e-06,13
9096,321626,2.400018274784088e-06,13
9097,407302,2.700020559132099e-06,14
9098,177828,2.7999049052596092e-06,14
9099,684981,1.9000144675374031e-06,13
9100,253162,2.700020559132099e-06,14
9101,145594,5.00003807246685e-06,15
9102,879951,2.700020559132099e-06,14
9103,384469,1.800013706088066e-06,13
9104,537971,1.9000144675374031e-06,13
9105,431606,1.8998980522155762e-06,13
9106,668570,2.800021320581436e-06,14
9107,133258,2.800021320581436e-06,14
9108,709341,1.9000144675374031e-06,13
9109,762224,2.800021320581436e-06,14
9110,26205,1.9000144675374031e-06,13
9111,148454,2.800021320581436e-06,14
9112,522285,1.8998980522155762e-06,13
9113,723652,1.9000144675374031e-06,13
9114,97215,1.9000144675374031e-06,13
9115,241321,2.00001522898674e-06,13
9116,929870,1.800013706088066e-06,13
9117,185627,1.9000144675374031e-06,13
9118,428311,3.8000289350748062e-06,15
9119,405617,1.6998965293169022e-06,13
9120,320091,1.9000144675374031e-06,13
9121,838320,1.800013706088066e-06,13
9122,269344,1.9000144675374031e-06,13
9123,993603,1.8998980522155762e-06,13
9124,342845,1.800013706088066e-06,13
9125,573226,1.9000144675374031e-06,13
9126,80189,2.800021320581436e-06,14
9127,154394,1.7998972907662392e-06,13
9128,135539,1.9000144675374031e-06,13
9129,521683,3.900029696524143e-06,15
9130,242105,3.899913281202316e-06,15
9131,661929,2.700020559132099e-06,14
9132,862646,5.00003807246685e-06,16
9133,897307,5.09992241859436e-06,16
9134,660631,1.9000144675374031e-06,13
9135,966236,2.900022082030773e-06,14
9136,896760,2.599903382360935e-06,14
9137,956502,4.600035026669502e-06,15
9138,621758,2.00001522898674e-06,13
9139,500969,1.8998980522155762e-06,13
9140,512867,1.9000144675374031e-06,13
9141,857655,2.800021320581436e-06,14
9142,805211,2.800021320581436e-06,14
9143,221962,4.899920895695686e-06,15
9144,761261,2.00001522898674e-06,13
9145,209471,2.700020559132099e-06,14
9146,279482,3.999914042651653e-06,15
9147,428775,1.9000144675374031e-06,13
9148,617943,2.600019797682762e-06,14
9149,613123,5.899928510189056e-06,17
9150,183041,3.700028173625469e-06,15
9151,20581,2.700020559132099e-06,14
9152,372501,2.00001522898674e-06,13
9153,531644,2.800021320581436e-06,14
9154,928538,2.900022082030773e-06,14
9155,443097,2.8999056667089462e-06,14
9156,951425,2.00001522898674e-06,13
9157,538663,1.800013706088066e-06,13
9158,173549,1.9000144675374031e-06,13
9159,665330,1.8998980522155762e-06,13
9160,100259,2.00001522898674e-06,13
9161,973073,2.00001522898674e-06,13
9162,623918,1.700012944638729e-06,13
9163,973742,3.899913281202316e-06,15
9164,92877,2.00001522898674e-06,13
9165,643831,2.00001522898674e-06,13
9166,670973,1.9000144675374031e-06,13
9167,332768,3.899913281202316e-06,15
9168,139416,2.800021320581436e-06,14
9169,399328,2.00001522898674e-06,13
9170,606252,8.899951353669167e-06,19
9171,147941,1.9000144675374031e-06,13
9172,178479,1.9000144675374031e-06,13
9173,539759,2.800021320581436e-06,14
9174,82303,4.800036549568176e-06,16
9175,76772,2.6999041438102722e-06,14
9176,158381,4.00003045797348e-06,15
9177,84480,3.8000289350748062e-06,15
9178,328372,1.999898813664913e-06,13
9179,206414,1.9000144675374031e-06,13
9180,803892,1.9000144675374031e-06,13
9181,584602,2.900022082030773e-06,14
9182,996592,2.09989957511425e-06,13
9183,164735,1.9000144675374031e-06,13
9184,558075,4.600035026669502e-06,15
9185,814466,2.8999056667089462e-06,14
9186,66335,2.700020559132099e-06,14
9187,676917,2.100015990436077e-06,13
9188,228210,3.600027412176132e-06,15
9189,882274,2.800021320581436e-06,14
9190,51955,2.900022082030773e-06,14
9191,792949,9.699957445263863e-06,20
9192,965459,2.900022082030773e-06,14
9193,737081,2.100015990436077e-06,13
9194,768200,6.100046448409557e-06,17
9195,954477,2.00001522898674e-06,13
9196,781058,2.100015990436077e-06,13
9197,497937,2.00001522898674e-06,13
9198,480096,2.100015990436077e-06,13
9199,569905,1.9000144675374031e-06,13
9200,936211,6.199930794537067e-06,17
9201,947689,1.9000144675374031e-06,13
9202,555125,2.900022082030773e-06,14
9203,825166,1.7998972907662392e-06,13
9204,439237,1.9000144675374031e-06,13
9205,507671,1.9000144675374031e-06,13
9206,22615,2.00001522898674e-06,13
9207,698603,2.8999056667089462e-06,14
9208,588314,2.200016751885414e-06,13
9209,50155,1.9000144675374031e-06,13
9210,170634,1.9000144675374031e-06,13
9211,787676,2.7999049052596092e-06,14
9212,230288,6.900052540004253e-06,18
9213,545111,2.09989957511425e-06,13
9214,9392,2.100015990436077e-06,13
9215,237008,2.00001522898674e-06,13
9216,975720,2.900022082030773e-06,14
9217,691830,2.7999049052596092e-06,14
9218,190044,5.100038833916187e-06,16
9219,202578,1.9000144675374031e-06,13
9220,295808,2.00001522898674e-06,13
9221,994529,1.0300078429281712e-05,21
9222,280634,2.00001522898674e-06,13
9223,88450,4.700035788118839e-06,16
9224,542615,1.9000144675374031e-06,13
9225,497108,1.800013706088066e-06,13
9226,220620,1.9000144675374031e-06,13
9227,169364,1.800013706088066e-06,13
9228,401837,1.9000144675374031e-06,13
9229,380982,1.8998980522155762e-06,13
9230,742372,5.300040356814861e-06,16
9231,299581,1.9000144675374031e-06,13
9232,272600,1.8998980522155762e-06,13
9233,301779,1.800013706088066e-06,13
9234,684302,1.9000144675374031e-06,13
9235,717627,1.800013706088066e-06,13
9236,237134,1.7998972907662392e-06,13
9237,263179,2.800021320581436e-06,14
9238,97962,6.900052540004253e-06,17
9239,773009,4.900037311017513e-06,16
9240,682148,1.9000144675374031e-06,13
9241,558742,2.00001522898674e-06,13
9242,462845,2.6999041438102722e-06,14
9243,221216,2.500019036233425e-06,14
9244,639733,2.800021320581436e-06,14
9245,880855,1.9000144675374031e-06,13
9246,608902,3.8000289350748062e-06,15
9247,118720,2.00001522898674e-06,13
9248,785689,1.800013706088066e-06,13
9249,750892,1.999898813664913e-06,13
9250,698538,1.800013706088066e-06,13
9251,761002,2.800021320581436e-06,14
9252,366758,3.900029696524143e-06,15
9253,308726,2.700020559132099e-06,14
9254,554738,3.900029696524143e-06,15
9255,927564,1.9000144675374031e-06,13
9256,65953,2.700020559132099e-06,14
9257,239801,1.9000144675374031e-06,13
9258,456623,2.00001522898674e-06,13
9259,531714,1.9000144675374031e-06,13
9260,133283,1.800013706088066e-06,13
9261,129965,3.700028173625469e-06,15
9262,91476,1.800013706088066e-06,13
9263,825419,1.8998980522155762e-06,13
9264,182796,1.700012944638729e-06,13
9265,424659,1.9000144675374031e-06,13
9266,544317,2.700020559132099e-06,14
9267,525125,2.8999056667089462e-06,14
9268,431293,4.100031219422817e-06,15
9269,61870,5.699926987290382e-06,16
9270,189263,2.00001522898674e-06,13
9271,542836,2.00001522898674e-06,13
9272,834956,2.00001522898674e-06,13
9273,690634,4.09991480410099e-06,15
9274,105353,2.00001522898674e-06,13
9275,683596,1.9000144675374031e-06,13
9276,587201,1.9000144675374031e-06,13
9277,248705,4.800036549568176e-06,16
9278,680357,3.900029696524143e-06,15
9279,482462,3.899913281202316e-06,15
9280,301164,2.900022082030773e-06,14
9281,889413,2.00001522898674e-06,13
9282,992692,2.00001522898674e-06,13
9283,858354,2.00001522898674e-06,13
9284,78846,1.9000144675374031e-06,13
9285,946091,2.00001522898674e-06,13
9286,560193,1.9000144675374031e-06,13
9287,678240,2.700020559132099e-06,14
9288,445145,2.00001522898674e-06,13
9289,690586,1.9000144675374031e-06,13
9290,109594,2.100015990436077e-06,13
9291,583053,2.900022082030773e-06,14
9292,79057,2.600019797682762e-06,14
9293,784682,2.00001522898674e-06,13
9294,742997,5.09992241859436e-06,16
9295,153960,1.9000144675374031e-06,13
9296,834213,2.100015990436077e-06,13
9297,647383,1.8998980522155762e-06,13
9298,949842,1.9000144675374031e-06,13
9299,509249,1.9000144675374031e-06,13
9300,646818,1.109996810555458e-05,20
9301,686101,4.00003045797348e-06,15
9302,493663,3.6999117583036423e-06,15
9303,311028,1.9000144675374031e-06,13
9304,767129,3.900029696524143e-06,15
9305,359103,2.6999041438102722e-06,14
9306,833567,1.9000144675374031e-06,13
9307,564995,2.900022082030773e-06,14
9308,824008,3.8000289350748062e-06,15
9309,462601,4.100031219422817e-06,15
9310,564710,1.9000144675374031e-06,13
9311,450620,3.8000289350748062e-06,15
9312,519108,1.9000144675374031e-06,13
9313,636487,1.9000144675374031e-06,13
9314,931064,1.9000144675374031e-06,13
9315,768100,1.800013706088066e-06,13
9316,591593,4.00003045797348e-06,15
9317,727947,2.00001522898674e-06,13
9318,746305,2.700020559132099e-06,14
9319,124383,2.8999056667089462e-06,14
9320,956639,2.900022082030773e-06,14
9321,632452,1.9000144675374031e-06,13
9322,969066,1.999898813664913e-06,13
9323,617736,1.9000144675374031e-06,13
9324,228756,2.600019797682762e-06,14
9325,800307,1.9000144675374031e-06,13
9326,729816,2.7999049052596092e-06,14
9327,202883,2.700020559132099e-06,14
9328,655227,3.8000289350748062e-06,15
9329,587110,4.09991480410099e-06,15
9330,948219,1.9000144675374031e-06,13
9331,164662,1.9000144675374031e-06,13
9332,356763,1.999898813664913e-06,13
9333,231808,2.700020559132099e-06,14
9334,785523,2.800021320581436e-06,14
9335,68735,1.800013706088066e-06,13
9336,143512,2.800021320581436e-06,14
9337,936606,2.700020559132099e-06,14
9338,716459,1.9000144675374031e-06,13
9339,480504,1.999898813664913e-06,13
9340,534591,1.9000144675374031e-06,13
9341,657990,2.00001522898674e-06,13
9342,381483,4.899920895695686e-06,16
9343,209946,1.800013706088066e-06,13
9344,805989,4.900037311017513e-06,16
9345,235612,2.8999056667089462e-06,14
9346,468646,4.800036549568176e-06,16
9347,869448,2.00001522898674e-06,13
9348,494889,1.9000144675374031e-06,13
9349,57421,1.9000144675374031e-06,13
9350,540730,2.00001522898674e-06,13
9351,118062,1.800013706088066e-06,13
9352,317268,1.9000144675374031e-06,13
9353,239241,2.800021320581436e-06,14
9354,636545,1.9000144675374031e-06,13
9355,839013,1.9000144675374031e-06,13
9356,126508,4.799920134246349e-06,15
9357,978265,2.00001522898674e-06,13
9358,706007,2.900022082030773e-06,14
9359,3917,4.599918611347675e-06,15
9360,790802,2.800021320581436e-06,14
9361,217432,1.9000144675374031e-06,13
9362,750029,1.9000144675374031e-06,13
9363,123429,2.00001522898674e-06,13
9364,208854,1.9000144675374031e-06,13
9365,764195,3.00002284348011e-06,14
9366,437362,2.7999049052596092e-06,14
9367,951057,1.9000144675374031e-06,13
9368,938381,1.9000144675374031e-06,13
9369,873107,4.200031980872154e-06,15
9370,549208,2.00001522898674e-06,13
9371,807462,3.600027412176132e-06,15
9372,607128,2.00001522898674e-06,13
9373,683729,5.999929271638393e-06,17
9374,424043,6.100046448409557e-06,17
9375,322238,1.999898813664913e-06,13
9376,246600,2.100015990436077e-06,13
9377,691035,2.700020559132099e-06,14
9378,759362,1.9000144675374031e-06,13
9379,21277,1.999898813664913e-06,13
9380,803155,1.9000144675374031e-06,13
9381,953945,2.700020559132099e-06,14
9382,525099,1.800013706088066e-06,13
9383,129151,2.00001522898674e-06,13
9384,941920,3.700028173625469e-06,15
9385,920126,1.9000144675374031e-06,13
9386,174878,2.6999041438102722e-06,14
9387,414485,3.8000289350748062e-06,15
9388,2824,2.600019797682762e-06,14
9389,905158,1.9000144675374031e-06,13
9390,208599,6.200047209858894e-06,17
9391,130446,2.00001522898674e-06,13
9392,676253,2.8999056667089462e-06,14
9393,547803,5.00003807246685e-06,16
9394,694160,1.9000144675374031e-06,13
9395,849646,2.00001522898674e-06,13
9396,933130,2.800021320581436e-06,14
9397,887991,2.800021320581436e-06,14
9398,303207,2.100015990436077e-06,13
9399,727847,2.6999041438102722e-06,14
9400,328457,3.700028173625469e-06,14
9401,259314,2.700020559132099e-06,14
9402,835574,1.8998980522155762e-06,13
9403,310235,1.800013706088066e-06,13
9404,287858,5.300040356814861e-06,16
9405,110114,2.100015990436077e-06,13
9406,159032,1.9000144675374031e-06,13
9407,492198,2.700020559132099e-06,14
9408,600506,1.800013706088066e-06,13
9409,243978,1.7998972907662392e-06,13
9410,408375,1.9000144675374031e-06,13
9411,776621,5.00003807246685e-06,16
9412,252119,2.00001522898674e-06,13
9413,916054,5.00003807246685e-06,16
9414,86655,2.800021320581436e-06,14
9415,699447,2.8999056667089462e-06,14
9416,282982,2.900022082030773e-06,14
9417,372358,1.9000144675374031e-06,13
9418,306203,1.800013706088066e-06,13
9419,519454,1.7998972907662392e-06,13
9420,537179,2.600019797682762e-06,14
9421,987787,2.200016751885414e-06,13
9422,947413,1.800013706088066e-06,13
9423,330348,1.999898813664913e-06,13
9424,961275,2.800021320581436e-06,14
9425,722792,2.800021320581436e-06,14
9426,957634,1.9000144675374031e-06,13
9427,49807,2.700020559132099e-06,14
9428,282441,2.700020559132099e-06,14
9429,546455,2.700020559132099e-06,14
9430,507511,3.5999109968543053e-06,15
9431,754901,2.00001522898674e-06,13
9432,992421,3.8000289350748062e-06,15
9433,553638,1.8998980522155762e-06,13
9434,871039,2.00001522898674e-06,13
9435,493917,1.9000144675374031e-06,13
9436,681123,3.600027412176132e-06,15
9437,385720,1.9000144675374031e-06,13
9438,669246,3.8000289350748062e-06,15
9439,984383,2.700020559132099e-06,14
9440,217925,1.800013706088066e-06,13
9441,589602,2.900022082030773e-06,14
9442,359945,2.800021320581436e-06,14
9443,406344,1.8998980522155762e-06,13
9444,686650,1.9000144675374031e-06,13
9445,30632,1.9000144675374031e-06,13
9446,888585,1.9000144675374031e-06,13
9447,53739,1.9000144675374031e-06,13
9448,44588,2.700020559132099e-06,14
9449,580595,2.700020559132099e-06,14
9450,54693,1.9000144675374031e-06,13
9451,736121,2.6999041438102722e-06,14
9452,794256,2.700020559132099e-06,14
9453,812145,7.999944500625134e-06,18
9454,889342,5.00003807246685e-06,16
9455,548594,2.700020559132099e-06,14
9456,572292,2.7999049052596092e-06,14
9457,41748,3.700028173625469e-06,15
9458,592804,4.200031980872154e-06,15
9459,572854,1.9000144675374031e-06,13
9460,730825,1.9000144675374031e-06,13
9461,817284,2.200016751885414e-06,13
9462,86686,2.00001522898674e-06,13
9463,100454,2.700020559132099e-06,14
9464,995600,1.9000144675374031e-06,13
9465,959476,7.79994297772646e-06,18
9466,743817,1.9000144675374031e-06,13
9467,97052,1.9000144675374031e-06,13
9468,427355,2.700020559132099e-06,14
9469,582306,1.9000144675374031e-06,13
9470,15142,2.00001522898674e-06,13
9471,183666,1.800013706088066e-06,13
9472,531264,3.899913281202316e-06,15
9473,711197,2.100015990436077e-06,13
9474,254485,2.00001522898674e-06,13
9475,360481,2.700020559132099e-06,14
9476,180418,1.7998972907662392e-06,13
9477,141363,1.800013706088066e-06,13
9478,553495,2.700020559132099e-06,14
9479,501048,2.700020559132099e-06,14
9480,832114,2.7999049052596092e-06,14
9481,326753,1.9000144675374031e-06,13
9482,214712,2.700020559132099e-06,14
9483,22233,1.800013706088066e-06,13
9484,157187,8.200062438845634e-06,18
9485,442596,2.00001522898674e-06,13
9486,876703,1.9000144675374031e-06,13
9487,454778,6.00004568696022e-06,17
9488,548248,1.9000144675374031e-06,13
9489,72264,4.900037311017513e-06,16
9490,915719,1.9000144675374031e-06,13
9491,199819,1.800013706088066e-06,13
9492,977299,1.999898813664913e-06,13
9493,42747,6.200047209858894e-06,17
9494,222061,1.9000144675374031e-06,13
9495,449916,1.8998980522155762e-06,13
9496,366646,2.00001522898674e-06,13
9497,675289,1.9000144675374031e-06,13
9498,698921,1.800013706088066e-06,13
9499,383977,2.7999049052596092e-06,14
9500,189504,4.00003045797348e-06,15
9501,595613,1.9000144675374031e-06,13
9502,913376,2.6999041438102722e-06,14
9503,460082,1.800013706088066e-06,13
9504,812923,1.800013706088066e-06,13
9505,413,5.200039595365524e-06,15
9506,133463,3.8000289350748062e-06,15
9507,329117,2.00001522898674e-06,13
9508,451827,2.700020559132099e-06,14
9509,659493,4.900037311017513e-06,16
9510,385034,1.9000144675374031e-06,13
9511,392639,1.9000144675374031e-06,13
9512,555774,4.699919372797012e-06,16
9513,430345,2.00001522898674e-06,13
9514,936437,1.9000144675374031e-06,13
9515,178521,2.6999041438102722e-06,14
9516,444015,2.00001522898674e-06,13
9517,146667,1.9000144675374031e-06,13
9518,526085,2.800021320581436e-06,14
9519,740881,1.7998972907662392e-06,13
9520,59186,2.00001522898674e-06,13
9521,821770,1.9000144675374031e-06,13
9522,463927,2.700020559132099e-06,14
9523,298018,5.09992241859436e-06,16
9524,448342,1.9000144675374031e-06,13
9525,257257,2.700020559132099e-06,14
9526,451862,2.6999041438102722e-06,14
9527,5139,1.800013706088066e-06,13
9528,985244,2.800021320581436e-06,14
9529,316696,2.100015990436077e-06,13
9530,599786,1.9000144675374031e-06,13
9531,28866,1.9000144675374031e-06,13
9532,13879,1.700012944638729e-06,13
9533,33004,2.00001522898674e-06,13
9534,719235,1.9000144675374031e-06,13
9535,468443,1.9000144675374031e-06,13
9536,672070,1.9000144675374031e-06,13
9537,151037,2.8999056667089462e-06,14
9538,809817,2.900022082030773e-06,14
9539,168396,1.9000144675374031e-06,13
9540,123808,4.699919372797012e-06,15
9541,482259,2.100015990436077e-06,13
9542,472887,1.9000144675374031e-06,13
9543,20020,2.900022082030773e-06,14
9544,657085,1.8998980522155762e-06,13
9545,555369,1.9000144675374031e-06,13
9546,53153,1.700012944638729e-06,13
9547,619164,1.9000144675374031e-06,13
9548,145342,1.9000144675374031e-06,13
9549,775344,2.00001522898674e-06,13
9550,91576,3.600027412176132e-06,14
9551,268324,2.8999056667089462e-06,14
9552,568361,5.100038833916187e-06,16
9553,515627,1.9000144675374031e-06,13
9554,75985,1.8998980522155762e-06,13
9555,432932,2.700020559132099e-06,14
9556,905636,2.00001522898674e-06,13
9557,35167,5.999929271638393e-06,17
9558,697326,2.00001522898674e-06,13
9559,440700,1.700012944638729e-06,13
9560,892541,1.9000144675374031e-06,13
9561,242371,1.999898813664913e-06,13
9562,374127,2.900022082030773e-06,14
9563,428558,2.700020559132099e-06,14
9564,421682,2.00001522898674e-06,13
9565,162757,3.700028173625469e-06,15
9566,301128,2.100015990436077e-06,13
9567,548492,1.800013706088066e-06,13
9568,685882,1.999898813664913e-06,13
9569,81147,1.9000144675374031e-06,13
9570,910668,6.100046448409557e-06,17
9571,872229,1.8998980522155762e-06,13
9572,789980,1.800013706088066e-06,13
9573,404547,1.800013706088066e-06,13
9574,643227,6.7999353632330894e-06,17
9575,188265,4.00003045797348e-06,15
9576,314666,2.00001522898674e-06,13
9577,362410,3.1999079510569572e-06,14
9578,838062,2.00001522898674e-06,13
9579,100118,1.800013706088066e-06,13
9580,106392,2.00001522898674e-06,13
9581,851882,1.999898813664913e-06,13
9582,929652,2.00001522898674e-06,13
9583,329238,2.700020559132099e-06,14
9584,741454,2.700020559132099e-06,14
9585,874022,2.700020559132099e-06,14
9586,762706,2.00001522898674e-06,13
9587,859286,1.800013706088066e-06,13
9588,91277,1.800013706088066e-06,13
9589,3371,1.800013706088066e-06,13
9590,672742,1.9000144675374031e-06,13
9591,386875,1.800013706088066e-06,13
9592,969735,2.00001522898674e-06,13
9593,30452,2.6999041438102722e-06,14
9594,70413,2.00001522898674e-06,13
9595,662654,1.9000144675374031e-06,13
9596,423400,2.700020559132099e-06,14
9597,611501,1.800013706088066e-06,13
9598,867943,3.900029696524143e-06,15
9599,594912,4.00003045797348e-06,15
9600,139211,4.00003045797348e-06,15
9601,445335,3.8000289350748062e-06,15
9602,458576,1.9000144675374031e-06,13
9603,176713,1.800013706088066e-06,13
9604,944092,1.9000144675374031e-06,13
9605,422306,2.800021320581436e-06,14
9606,661649,1.9000144675374031e-06,13
9607,398989,2.00001522898674e-06,13
9608,751988,2.100015990436077e-06,13
9609,44924,5.500041879713535e-06,16
9610,535546,4.800036549568176e-06,16
9611,594759,2.00001522898674e-06,13
9612,436185,1.9000144675374031e-06,13
9613,862911,1.999898813664913e-06,13
9614,533674,1.9000144675374031e-06,13
9615,857812,1.800013706088066e-06,13
9616,188588,1.9000144675374031e-06,13
9617,599508,3.3999094739556313e-06,14
9618,496249,2.00001522898674e-06,13
9619,864272,1.9000144675374031e-06,13
9620,993071,2.800021320581436e-06,14
9621,100438,1.9000144675374031e-06,13
9622,18510,1.9000144675374031e-06,13
9623,570547,1.9000144675374031e-06,13
9624,345567,2.100015990436077e-06,13
9625,486304,5.100038833916187e-06,16
9626,230513,2.00001522898674e-06,13
9627,2806,1.800013706088066e-06,13
9628,544030,1.999898813664913e-06,13
9629,101884,4.00003045797348e-06,15
9630,940833,1.9000144675374031e-06,13
9631,378465,1.999898813664913e-06,13
9632,588534,3.900029696524143e-06,15
9633,595441,1.9000144675374031e-06,13
9634,443000,2.00001522898674e-06,13
9635,995622,2.6999041438102722e-06,14
9636,864840,2.800021320581436e-06,14
9637,531808,1.800013706088066e-06,13
9638,325644,2.6999041438102722e-06,14
9639,8415,1.9000144675374031e-06,13
9640,874099,1.9000144675374031e-06,13
9641,41924,2.600019797682762e-06,14
9642,494876,3.899913281202316e-06,15
9643,195085,1.9000144675374031e-06,13
9644,587528,4.800036549568176e-06,16
9645,125372,3.7999125197529793e-06,15
9646,172554,2.800021320581436e-06,14
9647,462620,2.00001522898674e-06,13
9648,472201,2.8999056667089462e-06,14
9649,925806,1.800013706088066e-06,13
9650,933792,1.9000144675374031e-06,13
9651,159595,1.9000144675374031e-06,13
9652,765751,1.9000144675374031e-06,13
9653,311196,2.800021320581436e-06,14
9654,897106,2.00001522898674e-06,13
9655,183904,4.699919372797012e-06,15
9656,109020,5.900044925510883e-06,17
9657,455544,2.300017513334751e-06,13
9658,348244,5.300040356814861e-06,16
9659,146122,1.9000144675374031e-06,13
9660,933376,5.799927748739719e-06,16
9661,140429,2.00001522898674e-06,13
9662,781276,2.00001522898674e-06,13
9663,189501,2.00001522898674e-06,13
9664,603240,1.9000144675374031e-06,13
9665,122822,4.00003045797348e-06,15
9666,794596,4.800036549568176e-06,16
9667,821295,2.00001522898674e-06,13
9668,10989,1.9000144675374031e-06,13
9669,33947,1.800013706088066e-06,13
9670,878777,2.00001522898674e-06,13
9671,809662,3.700028173625469e-06,15
9672,481327,2.800021320581436e-06,14
9673,756853,2.700020559132099e-06,14
9674,822980,4.899920895695686e-06,16
9675,439962,2.600019797682762e-06,14
9676,246190,2.800021320581436e-06,14
9677,4856,1.9000144675374031e-06,13
9678,884174,5.00003807246685e-06,16
9679,967179,1.9000144675374031e-06,13
9680,596546,6.6999346017837524e-06,17
9681,696146,2.00001522898674e-06,13
9682,127041,2.00001522898674e-06,13
9683,412511,1.9000144675374031e-06,13
9684,313592,2.800021320581436e-06,14
9685,407656,1.9000144675374031e-06,13
9686,90320,2.600019797682762e-06,14
9687,506573,2.00001522898674e-06,13
9688,753546,4.00003045797348e-06,15
9689,306319,2.100015990436077e-06,13
9690,860066,1.8998980522155762e-06,13
9691,577266,5.100038833916187e-06,16
9692,548001,1.800013706088066e-06,13
9693,188492,1.8998980522155762e-06,13
9694,109174,1.800013706088066e-06,13
9695,906375,4.800036549568176e-06,16
9696,452220,2.100015990436077e-06,13
9697,947087,3.900029696524143e-06,15
9698,409826,1.9000144675374031e-06,13
9699,887729,1.9000144675374031e-06,13
9700,173845,1.7998972907662392e-06,13
9701,956128,1.9000144675374031e-06,13
9702,162520,1.800013706088066e-06,13
9703,30609,1.9000144675374031e-06,13
9704,960246,2.7999049052596092e-06,14
9705,48320,1.800013706088066e-06,13
9706,527422,2.600019797682762e-06,14
9707,547654,1.800013706088066e-06,13
9708,227979,1.9000144675374031e-06,13
9709,313094,2.900022082030773e-06,14
9710,85608,1.800013706088066e-06,13
9711,84532,1.9000144675374031e-06,13
9712,901515,3.900029696524143e-06,15
9713,755454,2.900022082030773e-06,14
9714,138719,1.800013706088066e-06,13
9715,661795,3.6999117583036423e-06,15
9716,240046,1.9000144675374031e-06,13
9717,538746,4.00003045797348e-06,15
9718,434245,1.999898813664913e-06,13
9719,873948,1.800013706088066e-06,13
9720,491501,2.600019797682762e-06,14
9721,541718,2.00001522898674e-06,13
9722,25076,1.9000144675374031e-06,13
9723,50351,2.00001522898674e-06,13
9724,297302,3.900029696524143e-06,14
9725,262547,1.8998980522155762e-06,13
9726,465098,1.800013706088066e-06,13
9727,634534,5.200039595365524e-06,16
9728,84844,1.9000144675374031e-06,13
9729,923162,1.9000144675374031e-06,13
9730,593338,5.00003807246685e-06,16
9731,775427,2.900022082030773e-06,14
9732,324720,2.800021320581436e-06,14
9733,17636,2.00001522898674e-06,13
9734,497510,1.800013706088066e-06,13
9735,603525,1.800013706088066e-06,13
9736,587789,2.700020559132099e-06,14
9737,32849,5.00003807246685e-06,16
9738,768442,1.9000144675374031e-06,13
9739,573576,3.00002284348011e-06,14
9740,193349,2.700020559132099e-06,14
9741,412004,4.800036549568176e-06,15
9742,322035,1.9000144675374031e-06,13
9743,474990,4.400033503770828e-06,15
9744,11405,1.9000144675374031e-06,13
9745,495631,1.9000144675374031e-06,13
9746,155084,2.800021320581436e-06,14
9747,649363,2.00001522898674e-06,13
9748,600887,2.800021320581436e-06,14
9749,99472,4.600035026669502e-06,15
9750,758315,2.800021320581436e-06,14
9751,221432,1.8998980522155762e-06,13
9752,393607,2.800021320581436e-06,14
9753,731592,2.900022082030773e-06,14
9754,253369,3.600027412176132e-06,14
9755,472087,1.800013706088066e-06,13
9756,499771,1.9000144675374031e-06,13
9757,152125,1.9000144675374031e-06,13
9758,800220,4.899920895695686e-06,16
9759,526065,1.9000144675374031e-06,13
9760,595959,2.900022082030773e-06,14
9761,89516,1.9000144675374031e-06,13
9762,588521,1.9000144675374031e-06,13
9763,115595,1.9000144675374031e-06,13
9764,845415,2.00001522898674e-06,13
9765,8211,3.7999125197529793e-06,15
9766,508808,2.00001522898674e-06,13
9767,84837,2.600019797682762e-06,14
9768,933404,1.8998980522155762e-06,13
9769,746266,2.100015990436077e-06,13
9770,504467,1.9000144675374031e-06,13
9771,134247,2.800021320581436e-06,14
9772,501555,2.9999064281582832e-06,14
9773,66532,2.300017513334751e-06,13
9774,563872,1.9000144675374031e-06,13
9775,585798,5.199923180043697e-06,16
9776,424128,1.9000144675374031e-06,13
9777,617834,3.900029696524143e-06,15
9778,221519,4.899920895695686e-06,16
9779,607181,2.00001522898674e-06,13
9780,288152,1.9000144675374031e-06,13
9781,557347,2.800021320581436e-06,14
9782,231298,1.9000144675374031e-06,13
9783,933772,2.700020559132099e-06,14
9784,879975,1.9000144675374031e-06,13
9785,647000,1.9000144675374031e-06,13
9786,567479,2.800021320581436e-06,14
9787,130716,2.800021320581436e-06,14
9788,722478,2.00001522898674e-06,13
9789,21614,1.8998980522155762e-06,13
9790,278780,2.900022082030773e-06,14
9791,598721,1.800013706088066e-06,13
9792,236462,1.9000144675374031e-06,13
9793,510982,2.6999041438102722e-06,14
9794,32623,2.800021320581436e-06,14
9795,80351,1.800013706088066e-06,13
9796,657512,1.9000144675374031e-06,13
9797,465710,3.700028173625469e-06,15
9798,411271,1.9000144675374031e-06,13
9799,540549,2.800021320581436e-06,14
9800,141867,1.9000144675374031e-06,13
9801,773206,2.00001522898674e-06,13
9802,623955,2.800021320581436e-06,14
9803,159964,2.800021320581436e-06,14
9804,908487,2.00001522898674e-06,13
9805,306804,2.900022082030773e-06,14
9806,389630,1.800013706088066e-06,13
9807,757573,3.5999109968543053e-06,14
9808,419397,2.100015990436077e-06,13
9809,173590,2.600019797682762e-06,14
9810,428273,1.9000144675374031e-06,13
9811,788000,1.9000144675374031e-06,13
9812,476074,4.800036549568176e-06,16
9813,452504,2.00001522898674e-06,13
9814,41008,1.999898813664913e-06,13
9815,468164,2.700020559132099e-06,14
9816,463409,2.00001522898674e-06,13
9817,528710,1.9000144675374031e-06,13
9818,668351,1.7998972907662392e-06,13
9819,677042,6.300047971308231e-06,17
9820,263737,6.09993003308773e-06,17
9821,401964,2.00001522898674e-06,13
9822,484837,1.9000144675374031e-06,13
9823,246918,1.9000144675374031e-06,13
9824,847002,1.9000144675374031e-06,13
9825,955662,2.700020559132099e-06,14
9826,906425,1.800013706088066e-06,13
9827,215141,1.800013706088066e-06,13
9828,919263,2.00001522898674e-06,13
9829,617534,1.9000144675374031e-06,13
9830,334325,1.9000144675374031e-06,13
9831,99488,1.800013706088066e-06,13
9832,628766,2.6999041438102722e-06,14
9833,990955,4.100031219422817e-06,15
9834,930628,6.199930794537067e-06,17
9835,191040,3.8000289350748062e-06,15
9836,407676,2.600019797682762e-06,14
9837,77959,1.9000144675374031e-06,13
9838,746587,2.00001522898674e-06,13
9839,456723,2.100015990436077e-06,13
9840,284213,6.3999323174357414e-06,14
9841,493657,4.700035788118839e-06,13
9842,41676,5.800044164061546e-06,13
9843,206341,1.1800089851021767e-05,15
9844,87499,4.100031219422817e-06,13
9845,352398,5.09992241859436e-06,14
9846,380017,1.3599987141788006e-05,17
9847,936267,3.700028173625469e-06,13
9848,101370,5.200039595365524e-06,14
9849,190662,4.700035788118839e-06,14
9850,706055,3.200024366378784e-06,13
9851,235183,2.900022082030773e-06,13
9852,927171,3.0999071896076202e-06,13
9853,411735,3.00002284348011e-06,13
9854,605448,3.8000289350748062e-06,13
9855,381752,4.600035026669502e-06,13
9856,923350,6.9999368861317635e-06,15
9857,968859,3.200024366378784e-06,13
9858,859144,6.09993003308773e-06,15
9859,870235,2.900022082030773e-06,13
9860,791751,3.6999117583036423e-06,14
9861,891061,2.500019036233425e-06,13
9862,518765,2.200016751885414e-06,13
9863,31255,1.209997572004795e-05,18
9864,905312,6.5999338403344154e-06,14
9865,800192,6.299931555986404e-06,13
9866,103653,3.8000289350748062e-06,13
9867,903953,2.00001522898674e-06,13
9868,419719,3.00002284348011e-06,14
9869,192053,2.900022082030773e-06,14
9870,58913,5.299923941493034e-06,16
9871,623813,5.800044164061546e-06,15
9872,856303,2.8999056667089462e-06,14
9873,588455,2.900022082030773e-06,14
9874,800769,3.600027412176132e-06,13
9875,617647,2.700020559132099e-06,14
9876,296256,2.300017513334751e-06,13
9877,510515,2.100015990436077e-06,13
9878,802830,1.8998980522155762e-06,13
9879,58910,2.00001522898674e-06,13
9880,211207,2.00001522898674e-06,13
9881,782330,5.699926987290382e-06,16
9882,586951,3.600027412176132e-06,14
9883,124757,5.200039595365524e-06,16
9884,213654,2.00001522898674e-06,13
9885,33442,1.9000144675374031e-06,13
9886,674342,1.800013706088066e-06,13
9887,234955,3.6999117583036423e-06,15
9888,336760,3.200024366378784e-06,14
9889,746875,2.00001522898674e-06,13
9890,874524,2.00001522898674e-06,13
9891,334301,4.899920895695686e-06,15
9892,205737,1.800013706088066e-06,13
9893,576154,2.900022082030773e-06,14
9894,954821,1.8998980522155762e-06,13
9895,107935,2.00001522898674e-06,13
9896,953809,1.9000144675374031e-06,13
9897,650644,2.800021320581436e-06,14
9898,562253,1.9000144675374031e-06,13
9899,561396,4.800036549568176e-06,15
9900,119875,5.09992241859436e-06,16
9901,779511,1.9000144675374031e-06,13
9902,185507,2.800021320581436e-06,14
9903,282648,2.00001522898674e-06,13
9904,274557,1.999898813664913e-06,13
9905,236615,2.600019797682762e-06,14
9906,84556,2.800021320581436e-06,14
9907,253070,1.9000144675374031e-06,13
9908,717211,1.9000144675374031e-06,13
9909,272611,2.700020559132099e-06,14
9910,266562,1.9000144675374031e-06,13
9911,284044,2.00001522898674e-06,13
9912,400325,1.9000144675374031e-06,13
9913,563690,2.800021320581436e-06,14
9914,428120,1.9000144675374031e-06,13
9915,66332,1.800013706088066e-06,13
9916,246302,1.800013706088066e-06,13
9917,929288,2.900022082030773e-06,14
9918,65851,1.9000144675374031e-06,13
9919,368880,1.7998972907662392e-06,13
9920,780014,1.9000144675374031e-06,13
9921,905616,1.800013706088066e-06,13
9922,955977,1.700012944638729e-06,13
9923,205618,1.800013706088066e-06,13
9924,23031,1.800013706088066e-06,13
9925,334534,4.00003045797348e-06,15
9926,771749,2.300017513334751e-06,13
9927,292016,2.7999049052596092e-06,14
9928,838801,2.900022082030773e-06,14
9929,14947,1.800013706088066e-06,13
9930,760144,2.800021320581436e-06,14
9931,271663,1.9000144675374031e-06,13
9932,730770,6.400048732757568e-06,17
9933,175936,2.8999056667089462e-06,14
9934,389928,4.00003045797348e-06,15
9935,451932,2.100015990436077e-06,13
9936,141066,2.09989957511425e-06,13
9937,313041,2.00001522898674e-06,13
9938,909207,2.100015990436077e-06,13
9939,486652,2.100015990436077e-06,13
9940,515159,1.999898813664913e-06,13
9941,518951,1.800013706088066e-06,13
9942,486912,2.900022082030773e-06,14
9943,622561,1.9000144675374031e-06,13
9944,56086,1.8998980522155762e-06,13
9945,333656,2.00001522898674e-06,13
9946,493681,2.900022082030773e-06,14
9947,997453,2.900022082030773e-06,14
9948,142275,4.900037311017513e-06,16
9949,744339,4.100031219422817e-06,15
9950,680694,1.8998980522155762e-06,13
9951,560207,2.700020559132099e-06,14
9952,688945,1.9000144675374031e-06,13
9953,601092,2.100015990436077e-06,13
9954,522869,1.999898813664913e-06,13
9955,854312,3.00002284348011e-06,14
9956,973180,2.00001522898674e-06,13
9957,687440,2.800021320581436e-06,14
9958,413020,2.00001522898674e-06,13
9959,858162,2.800021320581436e-06,14
9960,411350,2.600019797682762e-06,14
9961,731143,4.09991480410099e-06,15
9962,705969,2.00001522898674e-06,13
9963,609230,2.00001522898674e-06,13
9964,717735,3.6999117583036423e-06,14
9965,887466,2.00001522898674e-06,13
9966,330770,2.00001522898674e-06,13
9967,70316,3.8000289350748062e-06,14
9968,711864,3.8000289350748062e-06,15
9969,177232,1.9000144675374031e-06,13
9970,626512,2.700020559132099e-06,14
9971,841137,3.8000289350748062e-06,15
9972,47110,2.800021320581436e-06,14
9973,976320,2.00001522898674e-06,13
9974,990383,1.8998980522155762e-06,13
9975,179069,1.800013706088066e-06,13
9976,32240,2.600019797682762e-06,14
9977,335100,2.200016751885414e-06,13
9978,926582,5.300040356814861e-06,14
9979,30469,6.199930794537067e-06,15
9980,948363,6.900052540004253e-06,16
9981,601714,2.9999064281582832e-06,14
9982,42258,1.800013706088066e-06,13
9983,236378,2.00001522898674e-06,13
9984,479226,3.00002284348011e-06,14
9985,479188,1.800013706088066e-06,13
9986,40478,2.100015990436077e-06,13
9987,912497,1.800013706088066e-06,13
9988,420745,1.9000144675374031e-06,13
9989,217768,6.500049494206905e-06,17
9990,6161,2.00001522898674e-06,13
9991,705612,1.9000144675374031e-06,13
9992,537587,7.300055585801601e-06,17
9993,288978,6.09993003308773e-06,17
9994,221667,2.100015990436077e-06,13
9995,395151,4.00003045797348e-06,15
9996,286468,2.7999049052596092e-06,14
9997,518640,2.900022082030773e-06,14
9998,403725,2.900022082030773e-06,14
9999,922733,1.9000144675374031e-06,13
10000,576552,3.200024366378784e-06,13
